CMA ID,CMA NAME,YEAR,QUARTER,HOUSING TYPE,MEDIAN HOUSING PRICE,MEDIAN AFTER TAX ANNUAL FAMILY INCOME,PRIME INTEREST RATE,MORTGAGE PAYMENT PERCENT INCOME,HISTORIC PAYMENT PERCENT INCOME,NUMBER OF RESALES
932,Abbotsford - Mission,2000,1,All housing types,180000,40110,6.673076923,35.17394885,39.8580484,211
932,Abbotsford - Mission,2000,1,Condos,85000,40110,6.673076923,16.60992029,20.09532322,25
932,Abbotsford - Mission,2000,1,Single-detached,198000,40110,6.673076923,38.69134374,49.93104757,151
932,Abbotsford - Mission,2000,1,Townhouses,159839,40110,6.673076923,31.23427117,32.71122748,35
944,Campbell River,2000,1,All housing types,136000,44950,6.673076923,23.71431023,28.83969156,61
944,Campbell River,2000,1,Condos,88250,44950,6.673076923,15.38814616,18.33500271,10
944,Campbell River,2000,1,Single-detached,143326.5,44950,6.673076923,24.9918315,31.14048371,46
930,Chilliwack,2000,1,All housing types,139619.5,38830,6.673076923,28.18252964,35.74923238,105
930,Chilliwack,2000,1,Single-detached,145741,38830,6.673076923,29.41816904,42.84775906,83
930,Chilliwack,2000,1,Townhouses,119650,38830,6.673076923,24.15163836,29.51804433,17
943,Courtenay,2000,1,All housing types,136250,39580,6.673076923,26.98124625,33.29529423,77
943,Courtenay,2000,1,Single-detached,143500,39580,6.673076923,28.41694559,37.46374731,60
943,Courtenay,2000,1,Townhouses,96500,39580,6.673076923,19.10965331,25.7004721,12
905,Cranbrook,2000,1,All housing types,125200,42240,6.673076923,23.23173815,23.32692088,30
905,Cranbrook,2000,1,Single-detached,125400,42240,6.673076923,23.26884955,24.79879355,27
975,Dawson Creek,2000,1,All housing types,91500,42710,6.673076923,16.79162811,17.42873376,15
975,Dawson Creek,2000,1,Single-detached,91500,42710,6.673076923,16.79162811,17.4035768,14
937,Duncan,2000,1,All housing types,160000,39000,6.673076923,32.15560316,33.65613231,54
937,Duncan,2000,1,Single-detached,162500,39000,6.673076923,32.65803446,37.87860121,41
977,Fort St. John,2000,1,All housing types,131998.5,48790,6.673076923,21.20505789,19.8313746,25
977,Fort St. John,2000,1,Single-detached,134498.5,48790,6.673076923,21.6066734,21.34312718,18
925,Kamloops,2000,1,All housing types,143000,43280,6.673076923,25.89703656,29.18144185,131
925,Kamloops,2000,1,Condos,108427,43280,6.673076923,19.63592996,18.56500138,12
925,Kamloops,2000,1,Single-detached,145000,43280,6.673076923,26.25923288,32.08712104,101
925,Kamloops,2000,1,Townhouses,142500,43280,6.673076923,25.80648749,25.397242,18
915,Kelowna,2000,1,All housing types,156500,40030,6.673076923,30.64291217,38.09482147,273
915,Kelowna,2000,1,Condos,108200,40030,6.673076923,21.18570669,24.28880262,38
915,Kelowna,2000,1,Single-detached,165500,40030,6.673076923,32.40512437,44.76537722,200
915,Kelowna,2000,1,Townhouses,125000,40030,6.673076923,24.47516946,32.85366574,35
938,Nanaimo,2000,1,All housing types,145000,39590,6.673076923,28.706734,33.9915153,118
938,Nanaimo,2000,1,Single-detached,150268,39590,6.673076923,29.74967934,37.66249954,103
938,Nanaimo,2000,1,Townhouses,101360,39590,6.673076923,20.06699695,27.46191196,10
913,Penticton,2000,1,All housing types,127398.5,36100,6.673076923,27.66039625,34.46883108,61
913,Penticton,2000,1,Condos,78000,36100,6.673076923,16.93513587,24.64960116,11
913,Penticton,2000,1,Single-detached,145000,36100,6.673076923,31.48198335,41.62561139,34
913,Penticton,2000,1,Townhouses,106750,36100,6.673076923,23.17725326,28.09446494,16
940,Port Alberni,2000,1,All housing types,102797.5,41290,6.673076923,19.51366993,24.91984493,36
940,Port Alberni,2000,1,Single-detached,106747.5,41290,6.673076923,20.26348384,25.47459468,30
945,Powell River,2000,1,All housing types,130000,42000,6.673076923,24.26025417,28.39881449,26
945,Powell River,2000,1,Single-detached,130000,42000,6.673076923,24.26025417,29.06419653,26
970,Prince George,2000,1,All housing types,125950,46370,6.673076923,21.28934797,20.86631918,75
970,Prince George,2000,1,Single-detached,126900,46370,6.673076923,21.44992662,21.62037066,70
955,Prince Rupert,2000,1,All housing types,112000,45700,6.673076923,19.20892705,20.96060583,12
955,Prince Rupert,2000,1,Single-detached,112000,45700,6.673076923,19.20892705,21.3614414,11
952,Quesnel,2000,1,All housing types,101750,41690,6.673076923,19.12950831,19.12777887,12
952,Quesnel,2000,1,Single-detached,101750,41690,6.673076923,19.12950831,19.38116486,12
965,Terrace,2000,1,All housing types,153000,45450,6.673076923,26.38510506,22.28508389,25
965,Terrace,2000,1,Single-detached,153000,45450,6.673076923,26.38510506,22.91057037,23
933,Vancouver,2000,1,All housing types,239500,42730,6.673076923,43.93128529,46.34979114,3944
933,Vancouver,2000,1,Condos,159839,42730,6.673076923,29.31913449,33.52101857,1245
933,Vancouver,2000,1,Single-detached,288500,42730,6.673076923,52.91931443,73.63157159,2146
933,Vancouver,2000,1,Townhouses,205781,42730,6.673076923,37.74623724,42.89966917,553
918,Vernon,2000,1,All housing types,136750,38900,6.673076923,27.55364244,33.47993893,74
918,Vernon,2000,1,Condos,86900,38900,6.673076923,17.50940788,17.73657873,12
918,Vernon,2000,1,Single-detached,155000,38900,6.673076923,31.23081958,38.42228469,57
935,Victoria,2000,1,All housing types,202000,46000,6.673076923,34.41872849,38.89023417,563
935,Victoria,2000,1,Condos,131000,46000,6.673076923,22.32105659,25.16453563,138
935,Victoria,2000,1,Single-detached,224000,46000,6.673076923,38.16730288,48.24432339,373
935,Victoria,2000,1,Townhouses,183055,46000,6.673076923,31.19069477,34.92562688,52
950,Williams Lake,2000,1,All housing types,131000,39780,6.673076923,25.81117655,21.01542762,14
950,Williams Lake,2000,1,Single-detached,131000,39780,6.673076923,25.81117655,22.05009043,12
932,Abbotsford - Mission,2000,2,All housing types,179383.6364,40110,7.269230769,36.99354599,39.8580484,339
932,Abbotsford - Mission,2000,2,Condos,87422.46154,40110,7.269230769,18.02877295,20.09532322,40
932,Abbotsford - Mission,2000,2,Single-detached,192960.7843,40110,7.269230769,39.7935051,49.93104757,257
932,Abbotsford - Mission,2000,2,Townhouses,157472.2727,40110,7.269230769,32.47485602,32.71122748,42
944,Campbell River,2000,2,All housing types,139400.6944,44950,7.269230769,25.65257948,28.83969156,83
944,Campbell River,2000,2,Single-detached,143676.4322,44950,7.269230769,26.4394027,31.14048371,72
930,Chilliwack,2000,2,All housing types,156204.7772,38830,7.269230769,33.27535688,35.74923238,198
930,Chilliwack,2000,2,Single-detached,162407.7992,38830,7.269230769,34.59674905,42.84775906,161
930,Chilliwack,2000,2,Townhouses,118903.3333,38830,7.269230769,25.32925639,29.51804433,28
943,Courtenay,2000,2,All housing types,137393.018,39580,7.269230769,28.71340352,33.29529423,145
943,Courtenay,2000,2,Single-detached,141815.2174,39580,7.269230769,29.63758728,37.46374731,124
943,Courtenay,2000,2,Townhouses,102470,39580,7.269230769,21.41493434,25.7004721,18
905,Cranbrook,2000,2,All housing types,119092.8571,42240,7.269230769,23.32156045,23.32692088,54
905,Cranbrook,2000,2,Single-detached,117946.1538,42240,7.269230769,23.09700533,24.79879355,51
975,Dawson Creek,2000,2,All housing types,91836.95652,42710,7.269230769,17.78622214,17.42873376,31
975,Dawson Creek,2000,2,Single-detached,91844.44444,42710,7.269230769,17.78767234,17.4035768,31
937,Duncan,2000,2,All housing types,146558.5938,39000,7.269230769,31.08439957,33.65613231,74
937,Duncan,2000,2,Single-detached,152540.404,39000,7.269230769,32.35311386,37.87860121,58
937,Duncan,2000,2,Townhouses,118600,39000,7.269230769,25.15451121,27.87876391,11
977,Fort St. John,2000,2,All housing types,131830.6818,48790,7.269230769,22.35020345,19.8313746,52
977,Fort St. John,2000,2,Single-detached,132882.3906,48790,7.269230769,22.52850721,21.34312718,46
925,Kamloops,2000,2,All housing types,143930.4348,43280,7.269230769,27.50813747,29.18144185,214
925,Kamloops,2000,2,Condos,93170.8,43280,7.269230769,17.80690219,18.56500138,18
925,Kamloops,2000,2,Single-detached,148163.6364,43280,7.269230769,28.31719144,32.08712104,174
925,Kamloops,2000,2,Townhouses,131500,43280,7.269230769,25.13241958,25.397242,22
915,Kelowna,2000,2,All housing types,165478.2637,40030,7.269230769,34.1940991,38.09482147,493
915,Kelowna,2000,2,Condos,109675.4717,40030,7.269230769,22.66312121,24.28880262,68
915,Kelowna,2000,2,Single-detached,177357.2711,40030,7.269230769,36.64875355,44.76537722,357
915,Kelowna,2000,2,Townhouses,141438.835,40030,7.269230769,29.22663938,32.85366574,68
938,Nanaimo,2000,2,All housing types,148252.0349,39590,7.269230769,30.97497483,33.9915153,226
938,Nanaimo,2000,2,Condos,108633.3333,39590,7.269230769,22.69725855,21.40189008,10
938,Nanaimo,2000,2,Single-detached,153336.5324,39590,7.269230769,32.03730212,37.66249954,190
938,Nanaimo,2000,2,Townhouses,106958.3056,39590,7.269230769,22.34728734,27.46191196,26
913,Penticton,2000,2,All housing types,131132.8333,36100,7.269230769,30.04692575,34.46883108,122
913,Penticton,2000,2,Condos,86666.66667,36100,7.269230769,19.85823712,24.64960116,13
913,Penticton,2000,2,Single-detached,145725.8065,36100,7.269230769,33.39066483,41.62561139,90
913,Penticton,2000,2,Townhouses,110142.8571,36100,7.269230769,25.23741893,28.09446494,19
940,Port Alberni,2000,2,All housing types,109576.6667,41290,7.269230769,21.95174266,24.91984493,45
940,Port Alberni,2000,2,Single-detached,111561.4583,41290,7.269230769,22.34936049,25.47459468,42
945,Powell River,2000,2,All housing types,124836.7347,42000,7.269230769,24.58605851,28.39881449,23
945,Powell River,2000,2,Single-detached,124958.3333,42000,7.269230769,24.61000684,29.06419653,22
970,Prince George,2000,2,All housing types,126313.3484,46370,7.269230769,22.53242596,20.86631918,146
970,Prince George,2000,2,Single-detached,128213.7255,46370,7.269230769,22.87142502,21.62037066,134
955,Prince Rupert,2000,2,All housing types,109207.1429,45700,7.269230769,19.76653955,20.96060583,23
955,Prince Rupert,2000,2,Single-detached,109125,45700,7.269230769,19.75167165,21.3614414,23
952,Quesnel,2000,2,All housing types,109204.5455,41690,7.269230769,21.66729125,19.12777887,32
952,Quesnel,2000,2,Single-detached,109139.5349,41690,7.269230769,21.65439249,19.38116486,31
965,Terrace,2000,2,All housing types,141500,45450,7.269230769,25.75243817,22.28508389,25
965,Terrace,2000,2,Single-detached,142000,45450,7.269230769,25.84343618,22.91057037,22
933,Vancouver,2000,2,All housing types,244492.9386,42730,7.269230769,47.32920704,46.34979114,5615
933,Vancouver,2000,2,Condos,157699.6995,42730,7.269230769,30.52767811,33.52101857,1567
933,Vancouver,2000,2,Single-detached,290596.8616,42730,7.269230769,56.25405424,73.63157159,3207
933,Vancouver,2000,2,Townhouses,206697.1108,42730,7.269230769,40.0126499,42.89966917,841
918,Vernon,2000,2,All housing types,142186.6359,38900,7.269230769,30.2346523,33.47993893,143
918,Vernon,2000,2,Condos,101668.9231,38900,7.269230769,21.61894132,17.73657873,14
918,Vernon,2000,2,Single-detached,156661.7647,38900,7.269230769,33.31265244,38.42228469,113
918,Vernon,2000,2,Townhouses,125023.8095,38900,7.269230769,26.58513851,28.34301195,16
935,Victoria,2000,2,All housing types,212918.239,46000,7.269230769,38.2869556,38.89023417,868
935,Victoria,2000,2,Condos,128662.5,46000,7.269230769,23.13608946,25.16453563,102
935,Victoria,2000,2,Single-detached,228786.6149,46000,7.269230769,41.1404068,48.24432339,658
935,Victoria,2000,2,Townhouses,179372.875,46000,7.269230769,32.25482858,34.92562688,108
950,Williams Lake,2000,2,All housing types,130227.6596,39780,7.269230769,27.07910196,21.01542762,33
950,Williams Lake,2000,2,Single-detached,130221.9512,39780,7.269230769,27.07791499,22.05009043,29
932,Abbotsford - Mission,2000,3,All housing types,180319.1185,40110,7.5,37.95355551,39.8580484,311
932,Abbotsford - Mission,2000,3,Condos,83321.47059,40110,7.5,17.53749733,20.09532322,28
932,Abbotsford - Mission,2000,3,Single-detached,193187.885,40110,7.5,40.66217259,49.93104757,230
932,Abbotsford - Mission,2000,3,Townhouses,159684.2105,40110,7.5,33.61032152,32.71122748,53
944,Campbell River,2000,3,All housing types,138985.9756,44950,7.5,26.10385434,28.83969156,81
944,Campbell River,2000,3,Single-detached,139766.8874,44950,7.5,26.25052243,31.14048371,79
930,Chilliwack,2000,3,All housing types,160157.377,38830,7.5,34.82113401,35.74923238,168
930,Chilliwack,2000,3,Single-detached,166957.6547,38830,7.5,36.29963837,42.84775906,146
930,Chilliwack,2000,3,Townhouses,113012.766,38830,7.5,24.57103594,29.51804433,19
943,Courtenay,2000,3,All housing types,133472.7273,39580,7.5,28.46951693,33.29529423,174
943,Courtenay,2000,3,Condos,55495,39580,7.5,11.83699378,18.06257235,47
943,Courtenay,2000,3,Single-detached,148335.9409,39580,7.5,31.63981638,37.46374731,113
943,Courtenay,2000,3,Townhouses,107784.375,39580,7.5,22.99023293,25.7004721,14
905,Cranbrook,2000,3,All housing types,116355.9633,42240,7.5,23.25562897,23.32692088,55
905,Cranbrook,2000,3,Single-detached,114732.0388,42240,7.5,22.93106129,24.79879355,52
975,Dawson Creek,2000,3,All housing types,85391.30435,42710,7.5,16.87902784,17.42873376,38
975,Dawson Creek,2000,3,Single-detached,85470.58824,42710,7.5,16.89469963,17.4035768,37
937,Duncan,2000,3,All housing types,143922.8188,39000,7.5,31.15504642,33.65613231,75
937,Duncan,2000,3,Single-detached,151584.0708,39000,7.5,32.81348157,37.87860121,55
937,Duncan,2000,3,Townhouses,117466.6667,39000,7.5,25.4280696,27.87876391,19
977,Fort St. John,2000,3,All housing types,133837.6289,48790,7.5,23.15851829,19.8313746,45
977,Fort St. John,2000,3,Single-detached,134658.8235,48790,7.5,23.30061324,21.34312718,39
925,Kamloops,2000,3,All housing types,147314.7651,43280,7.5,28.73573957,29.18144185,233
925,Kamloops,2000,3,Single-detached,152616.4384,43280,7.5,29.76990272,32.08712104,191
925,Kamloops,2000,3,Townhouses,122500,43280,7.5,23.89528364,25.397242,33
915,Kelowna,2000,3,All housing types,172718.057,40030,7.5,36.42633749,38.09482147,490
915,Kelowna,2000,3,Condos,113714.2857,40030,7.5,23.98240822,24.28880262,51
915,Kelowna,2000,3,Single-detached,184000,40030,7.5,38.80570576,44.76537722,381
915,Kelowna,2000,3,Townhouses,149025.3968,40030,7.5,31.42954185,32.85366574,58
938,Nanaimo,2000,3,All housing types,146458.0508,39590,7.5,31.23137476,33.9915153,246
938,Nanaimo,2000,3,Condos,93316.66667,39590,7.5,19.89926652,21.40189008,20
938,Nanaimo,2000,3,Single-detached,153393.5464,39590,7.5,32.71033109,37.66249954,198
938,Nanaimo,2000,3,Townhouses,109980.0185,39590,7.5,23.45263476,27.46191196,28
913,Penticton,2000,3,All housing types,138757.9909,36100,7.5,32.44995915,34.46883108,97
913,Penticton,2000,3,Condos,87640,36100,7.5,20.49550013,24.64960116,12
913,Penticton,2000,3,Single-detached,151822.0859,36100,7.5,35.50512987,41.62561139,73
913,Penticton,2000,3,Townhouses,106903.2258,36100,7.5,25.00040026,28.09446494,12
940,Port Alberni,2000,3,All housing types,116830.9859,41290,7.5,23.88781969,24.91984493,26
940,Port Alberni,2000,3,Single-detached,116911.7647,41290,7.5,23.90433611,25.47459468,26
945,Powell River,2000,3,All housing types,120641.0256,42000,7.5,24.24985152,28.39881449,16
945,Powell River,2000,3,Single-detached,120621.6216,42000,7.5,24.24595115,29.06419653,15
970,Prince George,2000,3,All housing types,129151.6949,46370,7.5,23.51399208,20.86631918,149
970,Prince George,2000,3,Single-detached,130494.9275,46370,7.5,23.75854761,21.62037066,142
955,Prince Rupert,2000,3,All housing types,122601.3514,45700,7.5,22.6486547,20.96060583,14
955,Prince Rupert,2000,3,Single-detached,122601.3514,45700,7.5,22.6486547,21.3614414,14
952,Quesnel,2000,3,All housing types,119606.5574,41690,7.5,24.22068651,19.12777887,29
952,Quesnel,2000,3,Single-detached,119733.3333,41690,7.5,24.24635902,19.38116486,29
965,Terrace,2000,3,All housing types,145589.2857,45450,7.5,27.04324989,22.28508389,45
965,Terrace,2000,3,Single-detached,145956.3492,45450,7.5,27.11143204,22.91057037,41
933,Vancouver,2000,3,All housing types,251419.3313,42730,7.5,49.67399939,46.34979114,5362
933,Vancouver,2000,3,Condos,155564.278,42730,7.5,30.73550395,33.52101857,1210
933,Vancouver,2000,3,Single-detached,294030.7031,42730,7.5,58.09291151,73.63157159,3307
933,Vancouver,2000,3,Townhouses,206147.0222,42730,7.5,40.72935444,42.89966917,845
918,Vernon,2000,3,All housing types,150000,38900,7.5,32.55404888,33.47993893,143
918,Vernon,2000,3,Condos,105092.4,38900,7.5,22.80788751,17.73657873,11
918,Vernon,2000,3,Single-detached,163777.533,38900,7.5,35.54414544,38.42228469,114
918,Vernon,2000,3,Townhouses,131323.5294,38900,7.5,28.50075063,28.34301195,18
935,Victoria,2000,3,All housing types,219005.7937,46000,7.5,40.19399054,38.89023417,858
935,Victoria,2000,3,Condos,126718.593,46000,7.5,23.25658075,25.16453563,97
935,Victoria,2000,3,Single-detached,230970.8438,46000,7.5,42.38992838,48.24432339,642
935,Victoria,2000,3,Townhouses,180955.0661,46000,7.5,33.2105653,34.92562688,119
950,Williams Lake,2000,3,All housing types,132673.5849,39780,7.5,28.15678333,21.01542762,20
950,Williams Lake,2000,3,Single-detached,132900,39780,7.5,28.20483449,22.05009043,20
932,Abbotsford - Mission,2000,4,All housing types,177049.5967,40110,7.5,37.2653868,39.8580484,242
932,Abbotsford - Mission,2000,4,Condos,75129.23077,40110,7.5,15.81319526,20.09532322,37
932,Abbotsford - Mission,2000,4,Single-detached,191258.6634,40110,7.5,40.25611016,49.93104757,174
932,Abbotsford - Mission,2000,4,Townhouses,152629.7619,40110,7.5,32.12550166,32.71122748,31
944,Campbell River,2000,4,All housing types,136781.9549,44950,7.5,25.68990296,28.83969156,52
944,Campbell River,2000,4,Single-detached,136775.1938,44950,7.5,25.68863312,31.14048371,50
930,Chilliwack,2000,4,All housing types,153424.2215,38830,7.5,33.35722321,35.74923238,121
930,Chilliwack,2000,4,Single-detached,161502.0576,38830,7.5,35.11349208,42.84775906,97
930,Chilliwack,2000,4,Townhouses,100085.7143,38830,7.5,21.7604592,29.51804433,16
943,Courtenay,2000,4,All housing types,131077.3438,39580,7.5,27.9585855,33.29529423,82
943,Courtenay,2000,4,Single-detached,149539.0847,39580,7.5,31.89644501,37.46374731,64
943,Courtenay,2000,4,Townhouses,102807.6923,39580,7.5,21.92871455,25.7004721,12
905,Cranbrook,2000,4,All housing types,115819.2771,42240,7.5,23.14836352,23.32692088,28
905,Cranbrook,2000,4,Single-detached,115618.6667,42240,7.5,23.10826827,24.79879355,23
975,Dawson Creek,2000,4,All housing types,79816.66667,42710,7.5,15.77710692,17.42873376,22
975,Dawson Creek,2000,4,Single-detached,79824.5614,42710,7.5,15.77866745,17.4035768,20
937,Duncan,2000,4,All housing types,148688.5246,39000,7.5,32.1866812,33.65613231,47
937,Duncan,2000,4,Single-detached,156055.5556,39000,7.5,33.78142617,37.87860121,35
977,Fort St. John,2000,4,All housing types,137496.7532,48790,7.5,23.7916728,19.8313746,32
977,Fort St. John,2000,4,Single-detached,139205.8824,48790,7.5,24.08741099,21.34312718,29
925,Kamloops,2000,4,All housing types,150122.7712,43280,7.5,29.28347918,29.18144185,156
925,Kamloops,2000,4,Condos,128742.25,43280,7.5,25.11291903,18.56500138,11
925,Kamloops,2000,4,Single-detached,152944.0625,43280,7.5,29.83381024,32.08712104,129
925,Kamloops,2000,4,Townhouses,128810.6939,43280,7.5,25.12626993,25.397242,16
915,Kelowna,2000,4,All housing types,174102.3622,40030,7.5,36.71828826,38.09482147,399
915,Kelowna,2000,4,Condos,112395.6044,40030,7.5,23.70429757,24.28880262,40
915,Kelowna,2000,4,Single-detached,182187.1157,40030,7.5,38.42336741,44.76537722,302
915,Kelowna,2000,4,Townhouses,150478.2609,40030,7.5,31.73595171,32.85366574,57
938,Nanaimo,2000,4,All housing types,139644.1648,39590,7.5,29.77835099,33.9915153,191
938,Nanaimo,2000,4,Condos,105611.1111,39590,7.5,22.52098926,21.40189008,16
938,Nanaimo,2000,4,Single-detached,147909.5126,39590,7.5,31.54089101,37.66249954,159
938,Nanaimo,2000,4,Townhouses,107128.6818,39590,7.5,22.84460288,27.46191196,16
913,Penticton,2000,4,All housing types,141932.2034,36100,7.5,33.19228085,34.46883108,80
913,Penticton,2000,4,Condos,87555.55556,36100,7.5,20.47575194,24.64960116,15
913,Penticton,2000,4,Single-detached,153838.3065,36100,7.5,35.97664343,41.62561139,51
913,Penticton,2000,4,Townhouses,101230.0385,36100,7.5,23.67366804,28.09446494,14
940,Port Alberni,2000,4,All housing types,111401.7857,41290,7.5,22.77773956,24.91984493,30
940,Port Alberni,2000,4,Single-detached,111677.7778,41290,7.5,22.83417022,25.47459468,28
945,Powell River,2000,4,All housing types,117612.2449,42000,7.5,23.64104135,28.39881449,33
945,Powell River,2000,4,Single-detached,117608.6957,42000,7.5,23.64032792,29.06419653,31
970,Prince George,2000,4,All housing types,127116.8699,46370,7.5,23.14352184,20.86631918,97
970,Prince George,2000,4,Single-detached,128190.3509,46370,7.5,23.33896506,21.62037066,86
955,Prince Rupert,2000,4,All housing types,127862.069,45700,7.5,23.62048882,20.96060583,15
955,Prince Rupert,2000,4,Single-detached,127862.069,45700,7.5,23.62048882,21.3614414,15
952,Quesnel,2000,4,All housing types,119000,41690,7.5,24.09785683,19.12777887,29
952,Quesnel,2000,4,Single-detached,119157.8947,41690,7.5,24.12983098,19.38116486,28
965,Terrace,2000,4,All housing types,149217.9688,45450,7.5,27.71727876,22.28508389,19
965,Terrace,2000,4,Single-detached,149281.8966,45450,7.5,27.72915337,22.91057037,17
933,Vancouver,2000,4,All housing types,251766.2051,42730,7.5,49.74253274,46.34979114,4604
933,Vancouver,2000,4,Condos,160726.6244,42730,7.5,31.75545095,33.52101857,1314
933,Vancouver,2000,4,Single-detached,292934.8972,42730,7.5,57.87640842,73.63157159,2576
933,Vancouver,2000,4,Townhouses,204542.0141,42730,7.5,40.41224607,42.89966917,714
918,Vernon,2000,4,All housing types,145857.0429,38900,7.5,31.65491536,33.47993893,125
918,Vernon,2000,4,Condos,102950.6923,38900,7.5,22.34307913,17.73657873,15
918,Vernon,2000,4,Single-detached,157495.1456,38900,7.5,34.18069779,38.42228469,92
918,Vernon,2000,4,Townhouses,125625,38900,7.5,27.26401593,28.34301195,18
935,Victoria,2000,4,All housing types,215401.3146,46000,7.5,39.53246284,38.89023417,639
935,Victoria,2000,4,Condos,127873.0964,46000,7.5,23.46846602,25.16453563,100
935,Victoria,2000,4,Single-detached,226091.99,46000,7.5,41.49451551,48.24432339,457
935,Victoria,2000,4,Townhouses,178492.5373,46000,7.5,32.758619,34.92562688,82
950,Williams Lake,2000,4,All housing types,132232.0513,39780,7.5,28.06307841,21.01542762,19
950,Williams Lake,2000,4,Single-detached,132371.0526,39780,7.5,28.09257811,22.05009043,18
932,Abbotsford - Mission,2001,1,All housing types,170471.7349,40905,7.153846154,34.11920185,39.8580484,271
932,Abbotsford - Mission,2001,1,Condos,75540.67647,40905,7.153846154,15.11914916,20.09532322,31
932,Abbotsford - Mission,2001,1,Single-detached,185494.0945,40905,7.153846154,37.12586403,49.93104757,207
932,Abbotsford - Mission,2001,1,Townhouses,139334.375,40905,7.153846154,27.88719003,32.71122748,33
944,Campbell River,2001,1,All housing types,135216.4948,45492.5,7.153846154,24.33395772,28.83969156,45
944,Campbell River,2001,1,Single-detached,137574.7126,45492.5,7.153846154,24.75834952,31.14048371,37
930,Chilliwack,2001,1,All housing types,151637.8205,39585,7.153846154,31.36171209,35.74923238,113
930,Chilliwack,2001,1,Single-detached,162335.1648,39585,7.153846154,33.5741353,42.84775906,85
930,Chilliwack,2001,1,Townhouses,108144.7368,39585,7.153846154,22.36647882,29.51804433,22
943,Courtenay,2001,1,All housing types,132188.2353,40300,7.153846154,26.85410223,33.29529423,88
943,Courtenay,2001,1,Single-detached,140309.0909,40300,7.153846154,28.50385787,37.46374731,68
943,Courtenay,2001,1,Townhouses,101944.4444,40300,7.153846154,20.71006188,25.7004721,15
905,Cranbrook,2001,1,All housing types,119350.8772,43077.5,7.153846154,22.68286998,23.32692088,29
905,Cranbrook,2001,1,Single-detached,120860,43077.5,7.153846154,22.96968175,24.79879355,27
975,Dawson Creek,2001,1,All housing types,80368.33333,43477.5,7.153846154,15.13363577,17.42873376,11
975,Dawson Creek,2001,1,Single-detached,80368.33333,43477.5,7.153846154,15.13363577,17.4035768,10
937,Duncan,2001,1,All housing types,143877.9439,39730,7.153846154,29.64821402,33.65613231,60
937,Duncan,2001,1,Single-detached,153573.1707,39730,7.153846154,31.6460613,37.87860121,47
937,Duncan,2001,1,Townhouses,116969.3529,39730,7.153846154,24.10329419,27.87876391,10
977,Fort St. John,2001,1,All housing types,136508.7719,50030,7.153846154,22.33844488,19.8313746,25
977,Fort St. John,2001,1,Single-detached,137650.9434,50030,7.153846154,22.52535107,21.34312718,24
925,Kamloops,2001,1,All housing types,147533.5368,44092.5,7.153846154,27.39358736,29.18144185,129
925,Kamloops,2001,1,Single-detached,147338.1579,44092.5,7.153846154,27.35730998,32.08712104,99
925,Kamloops,2001,1,Townhouses,156341.1892,44092.5,7.153846154,29.02896599,25.397242,21
915,Kelowna,2001,1,All housing types,167083.8279,40785,7.153846154,33.53951892,38.09482147,275
915,Kelowna,2001,1,Condos,95519.48052,40785,7.153846154,19.17407247,24.28880262,37
915,Kelowna,2001,1,Single-detached,174195.2569,40785,7.153846154,34.96702935,44.76537722,204
915,Kelowna,2001,1,Townhouses,143743.4066,40785,7.153846154,28.85428689,32.85366574,34
938,Nanaimo,2001,1,All housing types,136403.8997,40275,7.153846154,27.72771726,33.9915153,168
938,Nanaimo,2001,1,Condos,101724.1379,40275,7.153846154,20.67813413,21.40189008,13
938,Nanaimo,2001,1,Single-detached,144555.7377,40275,7.153846154,29.38479494,37.66249954,146
939,Parksville,2001,1,All housing types,158185.4305,41730,7.153846154,31.03423005,38.92321274,59
939,Parksville,2001,1,Single-detached,157327.8689,41730,7.153846154,30.86598595,41.08315087,50
913,Penticton,2001,1,All housing types,143246.7532,36852.5,7.153846154,31.82297016,34.46883108,74
913,Penticton,2001,1,Single-detached,152718.2692,36852.5,7.153846154,33.92711398,41.62561139,53
913,Penticton,2001,1,Townhouses,105960.8077,36852.5,7.153846154,23.53971413,28.09446494,12
940,Port Alberni,2001,1,All housing types,103026.3158,41602.5,7.153846154,20.27456848,24.91984493,27
940,Port Alberni,2001,1,Single-detached,103030.1887,41602.5,7.153846154,20.27533063,25.47459468,25
945,Powell River,2001,1,All housing types,113530.6122,42617.5,7.153846154,21.80960948,28.39881449,16
945,Powell River,2001,1,Single-detached,113532.6087,42617.5,7.153846154,21.809993,29.06419653,15
970,Prince George,2001,1,All housing types,121740.3315,47242.5,7.153846154,21.09718384,20.86631918,84
970,Prince George,2001,1,Single-detached,123364.4172,47242.5,7.153846154,21.37863235,21.62037066,77
952,Quesnel,2001,1,All housing types,115018.75,42410,7.153846154,22.2035926,19.12777887,11
952,Quesnel,2001,1,Single-detached,114802.6316,42410,7.153846154,22.1618724,19.38116486,10
934,Squamish,2001,1,All housing types,179249.7083,48690,7.153846154,30.13988301,35.74275125,17
934,Squamish,2001,1,Condos,117153.8462,48690,7.153846154,19.69879477,24.02183276,11
965,Terrace,2001,1,All housing types,139955.1724,45725,7.153846154,25.05867587,22.28508389,10
933,Vancouver,2001,1,All housing types,246586.4921,43550,7.153846154,46.35579165,46.34979114,4102
933,Vancouver,2001,1,Condos,158897.1646,43550,7.153846154,29.87107605,33.52101857,1049
933,Vancouver,2001,1,Single-detached,289476.5292,43550,7.153846154,54.4186892,73.63157159,2345
933,Vancouver,2001,1,Townhouses,205493.6709,43550,7.153846154,38.63075269,42.89966917,708
918,Vernon,2001,1,All housing types,136314.7677,39627.5,7.153846154,28.16236431,33.47993893,101
918,Vernon,2001,1,Condos,97933.33333,39627.5,7.153846154,20.23283506,17.73657873,30
918,Vernon,2001,1,Single-detached,142394.7368,39627.5,7.153846154,29.41847404,38.42228469,60
918,Vernon,2001,1,Townhouses,126230.5862,39627.5,7.153846154,26.07899215,28.34301195,11
935,Victoria,2001,1,All housing types,209935.3065,47015,7.153846154,36.55711561,38.89023417,578
935,Victoria,2001,1,Condos,127774.4898,47015,7.153846154,22.25002966,25.16453563,96
935,Victoria,2001,1,Single-detached,222330.6075,47015,7.153846154,38.71557318,48.24432339,399
935,Victoria,2001,1,Townhouses,173803.4,47015,7.153846154,30.26528074,34.92562688,83
950,Williams Lake,2001,1,All housing types,124126.5625,41265,7.153846154,24.62667382,21.01542762,13
932,Abbotsford - Mission,2001,2,All housing types,175010.6935,41700,6.442307692,32.20197558,39.8580484,419
932,Abbotsford - Mission,2001,2,Condos,80128.4,41700,6.442307692,14.74362925,20.09532322,44
932,Abbotsford - Mission,2001,2,Single-detached,189926.0496,41700,6.442307692,34.94640179,49.93104757,317
932,Abbotsford - Mission,2001,2,Townhouses,134800,41700,6.442307692,24.80320615,32.71122748,58
944,Campbell River,2001,2,All housing types,133338.2353,46035,6.442307692,22.22391366,28.83969156,91
944,Campbell River,2001,2,Single-detached,135598.2906,46035,6.442307692,22.60060436,31.14048371,80
930,Chilliwack,2001,2,All housing types,157387.7049,40340,6.442307692,29.9356639,35.74923238,192
930,Chilliwack,2001,2,Condos,71500,40340,6.442307692,13.59953733,17.71905455,14
930,Chilliwack,2001,2,Single-detached,167568.3128,40340,6.442307692,31.8720493,42.84775906,158
930,Chilliwack,2001,2,Townhouses,113130.9524,40340,6.442307692,21.51788266,29.51804433,20
943,Courtenay,2001,2,All housing types,133661.8357,41020,6.442307692,25.001481898534202,33.29529423,119
943,Courtenay,2001,2,Single-detached,143000,41020,6.442307692,26.748188,37.46374731,93
943,Courtenay,2001,2,Townhouses,107220.5882,41020,6.442307692,20.05563952,25.7004721,19
905,Cranbrook,2001,2,All housing types,114607.9545,43915,6.442307692,20.02423162,23.32692088,59
905,Cranbrook,2001,2,Single-detached,114333.3333,43915,6.442307692,19.97624997,24.79879355,54
975,Dawson Creek,2001,2,All housing types,73159.47917,44245,6.442307692,12.6870424,17.42873376,37
975,Dawson Creek,2001,2,Single-detached,72969.14894,44245,6.442307692,12.65403604,17.4035768,37
937,Duncan,2001,2,All housing types,144172,40460,6.442307692,27.34066228,33.65613231,85
937,Duncan,2001,2,Single-detached,155020.1293,40460,6.442307692,29.39789281,37.87860121,69
937,Duncan,2001,2,Townhouses,121498.3696,40460,6.442307692,23.04085321,27.87876391,13
977,Fort St. John,2001,2,All housing types,132638.8889,51270,6.442307692,19.85004718,19.8313746,65
977,Fort St. John,2001,2,Single-detached,135076.9231,51270,6.442307692,20.21491071,21.34312718,54
977,Fort St. John,2001,2,Townhouses,120162.5,51270,6.442307692,17.98289562,16.34879797,11
925,Kamloops,2001,2,All housing types,139401.5957,44905,6.442307692,23.81919227,29.18144185,247
925,Kamloops,2001,2,Condos,111238.9091,44905,6.442307692,19.00710641,18.56500138,24
925,Kamloops,2001,2,Single-detached,144648.9362,44905,6.442307692,24.71579184,32.08712104,183
925,Kamloops,2001,2,Townhouses,139268.8525,44905,6.442307692,23.79651077,25.397242,40
915,Kelowna,2001,2,All housing types,166203.4814,41540,6.442307692,30.699239,38.09482147,558
915,Kelowna,2001,2,Condos,98901.86916,41540,6.442307692,18.26804164,24.28880262,70
915,Kelowna,2001,2,Single-detached,176779.5276,41540,6.442307692,32.65272738,44.76537722,431
915,Kelowna,2001,2,Townhouses,131215.9341,41540,6.442307692,24.23673251,32.85366574,57
938,Nanaimo,2001,2,All housing types,146336.0927,40960,6.442307692,27.41230104,33.9915153,285
938,Nanaimo,2001,2,Condos,88555.55556,40960,6.442307692,16.58860437,21.40189008,23
938,Nanaimo,2001,2,Single-detached,151638.1579,40960,6.442307692,28.4055065,37.66249954,234
938,Nanaimo,2001,2,Townhouses,116378.3784,40960,6.442307692,21.80049421,27.46191196,28
939,Parksville,2001,2,All housing types,150044.1989,41730,6.442307692,27.58829175,38.92321274,122
939,Parksville,2001,2,Single-detached,149701.2987,41730,6.442307692,27.52524345,41.08315087,104
939,Parksville,2001,2,Townhouses,159166.6667,41730,6.442307692,29.26561952,35.70802608,12
913,Penticton,2001,2,All housing types,146220,37605,6.442307692,29.83425326,34.46883108,126
913,Penticton,2001,2,Single-detached,150800.9554,37605,6.442307692,30.76893651,41.62561139,104
913,Penticton,2001,2,Townhouses,104120,37605,6.442307692,21.24430618,28.09446494,13
940,Port Alberni,2001,2,All housing types,106180.3279,41915,6.442307692,19.43697057,24.91984493,34
940,Port Alberni,2001,2,Single-detached,105875,41915,6.442307692,19.3810784,25.47459468,31
945,Powell River,2001,2,All housing types,126833.3333,43235,6.442307692,22.50877856,28.39881449,32
945,Powell River,2001,2,Single-detached,126647.7273,43235,6.442307692,22.47583954,29.06419653,29
970,Prince George,2001,2,All housing types,121507.177,48115,6.442307692,19.37650419,20.86631918,125
970,Prince George,2001,2,Single-detached,121974.359,48115,6.442307692,19.45100475,21.62037066,118
955,Prince Rupert,2001,2,All housing types,105790.8889,45685,6.442307692,17.76759403,20.96060583,10
955,Prince Rupert,2001,2,Single-detached,105790.8889,45685,6.442307692,17.76759403,21.3614414,10
952,Quesnel,2001,2,All housing types,114133.9286,43130,6.442307692,20.30435948,19.12777887,17
952,Quesnel,2001,2,Single-detached,113611.1111,43130,6.442307692,20.21135055,19.38116486,17
934,Squamish,2001,2,All housing types,176649.7667,48690,6.442307692,27.83731086,35.74275125,13
965,Terrace,2001,2,All housing types,147578.125,46000,6.442307692,24.61603735,22.28508389,22
965,Terrace,2001,2,Single-detached,147586.2069,46000,6.442307692,24.61738541,22.91057037,20
933,Vancouver,2001,2,All housing types,245000,44370,6.442307692,42.36728568,46.34979114,6822
933,Vancouver,2001,2,Condos,150000,44370,6.442307692,25.9391545,33.52101857,1733
933,Vancouver,2001,2,Single-detached,290312.2799,44370,6.442307692,50.20303387,73.63157159,3901
933,Vancouver,2001,2,Townhouses,205746.8354,44370,6.442307692,35.57932635,42.89966917,1188
918,Vernon,2001,2,All housing types,139724.0214,40355,6.442307692,26.56609433,33.47993893,180
918,Vernon,2001,2,Condos,95600,40355,6.442307692,18.17667852,17.73657873,15
918,Vernon,2001,2,Single-detached,149339.9015,40355,6.442307692,28.39438682,38.42228469,143
918,Vernon,2001,2,Townhouses,125339,40355,6.442307692,23.83103252,28.34301195,22
935,Victoria,2001,2,All housing types,214615.7781,48030,6.442307692,34.28491255,38.89023417,1035
935,Victoria,2001,2,Condos,128081.7312,48030,6.442307692,20.461081633978502,25.16453563,157
935,Victoria,2001,2,Single-detached,229571.3043,48030,6.442307692,36.67406081,48.24432339,751
935,Victoria,2001,2,Townhouses,177631.2429,48030,6.442307692,28.37662582,34.92562688,127
950,Williams Lake,2001,2,All housing types,129244.186,42750,6.442307692,23.19684296,21.01542762,30
950,Williams Lake,2001,2,Single-detached,132057.1429,42750,6.442307692,23.70171455,22.05009043,26
932,Abbotsford - Mission,2001,3,All housing types,179163.6741,42495,5.865384615,30.63876117,39.8580484,457
932,Abbotsford - Mission,2001,3,Condos,79589.80488,42495,5.865384615,13.61064421,20.09532322,38
932,Abbotsford - Mission,2001,3,Single-detached,190957.7039,42495,5.865384615,32.65565697,49.93104757,345
932,Abbotsford - Mission,2001,3,Townhouses,136661.3636,42495,5.865384615,23.3704455,32.71122748,74
944,Campbell River,2001,3,All housing types,134497.2376,46577.5,5.865384615,20.98438593,28.83969156,90
944,Campbell River,2001,3,Single-detached,137058.9172,46577.5,5.865384615,21.3840616,31.14048371,77
930,Chilliwack,2001,3,All housing types,157201.2987,41095,5.865384615,27.79881093,35.74923238,270
930,Chilliwack,2001,3,Condos,76138.88889,41095,5.865384615,13.46407819,17.71905455,22
930,Chilliwack,2001,3,Single-detached,166356.1662,41095,5.865384615,29.41771887,42.84775906,215
930,Chilliwack,2001,3,Townhouses,110887.1698,41095,5.865384615,19.60881681,29.51804433,33
943,Courtenay,2001,3,All housing types,137265.4321,41740,5.865384615,23.89834419,33.29529423,205
943,Courtenay,2001,3,Single-detached,141686.3469,41740,5.865384615,24.66803938,37.46374731,178
943,Courtenay,2001,3,Townhouses,105359.375,41740,5.865384615,18.34339913,25.7004721,21
905,Cranbrook,2001,3,All housing types,122082.6772,44752.5,5.865384615,19.82420674,23.32692088,68
905,Cranbrook,2001,3,Single-detached,122526.087,44752.5,5.865384615,19.89620915,24.79879355,61
975,Dawson Creek,2001,3,All housing types,80981.25,45012.5,5.865384615,13.07405828,17.42873376,43
975,Dawson Creek,2001,3,Single-detached,80867.08861,45012.5,5.865384615,13.05562744,17.4035768,42
937,Duncan,2001,3,All housing types,142797.3301,41190,5.865384615,25.19343413,33.65613231,121
937,Duncan,2001,3,Single-detached,151318.7338,41190,5.865384615,26.69684755,37.87860121,85
937,Duncan,2001,3,Townhouses,118499.1477,41190,5.865384615,20.90655666,27.87876391,31
977,Fort St. John,2001,3,All housing types,133207.3171,52510,5.865384615,18.43508473,19.8313746,58
977,Fort St. John,2001,3,Single-detached,134864.6789,52510,5.865384615,18.66445355,21.34312718,55
925,Kamloops,2001,3,All housing types,143975.6098,45717.5,5.865384615,22.88576994,29.18144185,286
925,Kamloops,2001,3,Condos,123869.2195,45717.5,5.865384615,19.68974096,18.56500138,17
925,Kamloops,2001,3,Single-detached,150547.4453,45717.5,5.865384615,23.93040184,32.08712104,228
925,Kamloops,2001,3,Townhouses,127233.3333,45717.5,5.865384615,20.22448664,25.397242,41
915,Kelowna,2001,3,All housing types,172720.5882,42295,5.865384615,29.67660075,38.09482147,666
915,Kelowna,2001,3,Condos,106593.0233,42295,5.865384615,18.31465853,24.28880262,59
915,Kelowna,2001,3,Single-detached,183650.3132,42295,5.865384615,31.55453022,44.76537722,527
915,Kelowna,2001,3,Townhouses,135043.7956,42295,5.865384615,23.20302894,32.85366574,80
938,Nanaimo,2001,3,All housing types,151607.346,41645,5.865384615,26.45552922,33.9915153,348
938,Nanaimo,2001,3,Condos,93448.97959,41645,5.865384615,16.30687612,21.40189008,26
938,Nanaimo,2001,3,Single-detached,155609.7143,41645,5.865384615,27.15394374,37.66249954,291
938,Nanaimo,2001,3,Townhouses,117770.7458,41645,5.865384615,20.55103191,27.46191196,31
939,Parksville,2001,3,All housing types,158019.5313,41730,5.865384615,27.51829103,38.92321274,134
939,Parksville,2001,3,Single-detached,157899.7696,41730,5.865384615,27.49743515,41.08315087,113
939,Parksville,2001,3,Townhouses,183357.1429,41730,5.865384615,31.93070616,35.70802608,16
913,Penticton,2001,3,All housing types,147696.6292,38357.5,5.865384615,27.98203948,34.46883108,141
913,Penticton,2001,3,Condos,110700,38357.5,5.865384615,20.97279936,24.64960116,24
913,Penticton,2001,3,Single-detached,153375,38357.5,5.865384615,29.05784193,41.62561139,104
913,Penticton,2001,3,Townhouses,114750,38357.5,5.865384615,21.7400969,28.09446494,13
940,Port Alberni,2001,3,All housing types,99471.42857,42227.5,5.865384615,17.11835622,24.91984493,36
940,Port Alberni,2001,3,Single-detached,98791.04478,42227.5,5.865384615,17.0012668,25.47459468,36
945,Powell River,2001,3,All housing types,141051.7241,43852.5,5.865384615,23.37454236,28.39881449,26
945,Powell River,2001,3,Single-detached,141250,43852.5,5.865384615,23.40739987,29.06419653,25
970,Prince George,2001,3,All housing types,123764.3098,48987.5,5.865384615,18.35985397,20.86631918,172
970,Prince George,2001,3,Single-detached,124039.4265,48987.5,5.865384615,18.40066625,21.62037066,161
955,Prince Rupert,2001,3,All housing types,106875,45677.5,5.865384615,17.00328665,20.96060583,18
955,Prince Rupert,2001,3,Single-detached,107222.2222,45677.5,5.865384615,17.05852799,21.3614414,17
952,Quesnel,2001,3,All housing types,108333.3333,43850,5.865384615,17.95360159,19.12777887,34
952,Quesnel,2001,3,Single-detached,108229.1667,43850,5.865384615,17.93633851,19.38116486,31
934,Squamish,2001,3,All housing types,183555.5556,48690,5.865384615,27.39597959,35.74275125,23
934,Squamish,2001,3,Condos,122546.4615,48690,5.865384615,18.2902683,24.02183276,10
934,Squamish,2001,3,Single-detached,197750,48690,5.865384615,29.51452462,52.39203906,11
965,Terrace,2001,3,All housing types,138372.093,46275,5.865384615,21.73007162,22.28508389,21
965,Terrace,2001,3,Single-detached,138125,46275,5.865384615,21.69126792,22.91057037,20
933,Vancouver,2001,3,All housing types,249246.4924,45190,5.865384615,40.08166823,46.34979114,7718
933,Vancouver,2001,3,Condos,151531.3559,45190,5.865384615,24.36796392,33.52101857,1807
933,Vancouver,2001,3,Single-detached,292950.4378,45190,5.865384615,47.10975927,73.63157159,4664
933,Vancouver,2001,3,Townhouses,202439.4251,45190,5.865384615,32.55455992,42.89966917,1247
918,Vernon,2001,3,All housing types,145038.4615,41082.5,5.865384615,25.6557902,33.47993893,210
918,Vernon,2001,3,Condos,103000,41082.5,5.865384615,18.21962507,17.73657873,19
918,Vernon,2001,3,Single-detached,153074.4337,41082.5,5.865384615,27.0772698,38.42228469,166
918,Vernon,2001,3,Townhouses,125872.3404,41082.5,5.865384615,22.26550339,28.34301195,25
935,Victoria,2001,3,All housing types,219819.1275,49045,5.865384615,32.57090425,38.89023417,1200
935,Victoria,2001,3,Condos,127840.1667,49045,5.865384615,18.94225437,25.16453563,191
935,Victoria,2001,3,Single-detached,234541.1765,49045,5.865384615,34.75229061,48.24432339,864
935,Victoria,2001,3,Townhouses,184343.75,49045,5.865384615,27.31446848,34.92562688,145
950,Williams Lake,2001,3,All housing types,129583.3333,44235,5.865384615,21.28835926,21.01542762,24
950,Williams Lake,2001,3,Single-detached,130145.8333,44235,5.865384615,21.38076853,22.05009043,22
932,Abbotsford - Mission,2001,4,All housing types,181998.1752,43290,4.480769231,26.64103971,39.8580484,365
932,Abbotsford - Mission,2001,4,Condos,79681.15942,43290,4.480769231,11.6637924,20.09532322,31
932,Abbotsford - Mission,2001,4,Single-detached,194353.5188,43290,4.480769231,28.44962488,49.93104757,266
932,Abbotsford - Mission,2001,4,Townhouses,136636.6197,43290,4.480769231,20.00097862,32.71122748,68
944,Campbell River,2001,4,All housing types,133626.506,47120,4.480769231,17.97045417,28.83969156,76
944,Campbell River,2001,4,Single-detached,135876.7361,47120,4.480769231,18.2730712,31.14048371,67
930,Chilliwack,2001,4,All housing types,155426.4706,41850,4.480769231,23.53429782,35.74923238,189
930,Chilliwack,2001,4,Condos,79444.44444,41850,4.480769231,12.02928438,17.71905455,14
930,Chilliwack,2001,4,Single-detached,164682.9759,41850,4.480769231,24.93589531,42.84775906,158
930,Chilliwack,2001,4,Townhouses,116360.4,41850,4.480769231,17.61900851,29.51804433,17
943,Courtenay,2001,4,All housing types,130922.0056,42460,4.480769231,19.53909218,33.29529423,154
943,Courtenay,2001,4,Single-detached,138571.9064,42460,4.480769231,20.68078044,37.46374731,121
943,Courtenay,2001,4,Townhouses,93616.84783,42460,4.480769231,13.97158722,25.7004721,25
905,Cranbrook,2001,4,All housing types,122948.7179,45590,4.480769231,17.08937321,23.32692088,49
905,Cranbrook,2001,4,Single-detached,125727.7228,45590,4.480769231,17.47564361,24.79879355,40
975,Dawson Creek,2001,4,All housing types,86226.5625,45780,4.480769231,11.93540078,17.42873376,21
975,Dawson Creek,2001,4,Single-detached,86166.66667,45780,4.480769231,11.92711005,17.4035768,21
937,Duncan,2001,4,All housing types,147019.2308,41920,4.480769231,22.22412107,33.65613231,100
937,Duncan,2001,4,Condos,71187.5,41920,4.480769231,10.76103861,15.67225183,11
937,Duncan,2001,4,Single-detached,156499.6855,41920,4.480769231,23.65723137,37.87860121,74
937,Duncan,2001,4,Townhouses,122108.6957,41920,4.480769231,18.45852697,27.87876391,15
977,Fort St. John,2001,4,All housing types,135132.0755,53750,4.480769231,15.93131778,19.8313746,48
977,Fort St. John,2001,4,Single-detached,135662.5,53750,4.480769231,15.99385188,21.34312718,45
925,Kamloops,2001,4,All housing types,145782.9268,46530,4.480769231,19.85387735,29.18144185,247
925,Kamloops,2001,4,Condos,112431,46530,4.480769231,15.31174695,18.56500138,17
925,Kamloops,2001,4,Single-detached,150596.4706,46530,4.480769231,20.50942399,32.08712104,197
925,Kamloops,2001,4,Townhouses,129610.1351,46530,4.480769231,17.65133807,25.397242,33
915,Kelowna,2001,4,All housing types,172869.0559,43050,4.480769231,25.44578343,38.09482147,478
915,Kelowna,2001,4,Condos,105718.4466,43050,4.480769231,15.56142412,24.28880262,44
915,Kelowna,2001,4,Single-detached,182529.0179,43050,4.480769231,26.86769956,44.76537722,369
915,Kelowna,2001,4,Townhouses,143896.5517,43050,4.480769231,21.18112158,32.85366574,65
938,Nanaimo,2001,4,All housing types,148867.381,42330,4.480769231,22.28553177,33.9915153,282
938,Nanaimo,2001,4,Condos,94437.08511,42330,4.480769231,14.13728546,21.40189008,21
938,Nanaimo,2001,4,Single-detached,154835.7553,42330,4.480769231,23.1790008,37.66249954,232
938,Nanaimo,2001,4,Townhouses,120724.5667,42330,4.480769231,18.07253643,27.46191196,29
939,Parksville,2001,4,All housing types,164172.8395,41730,4.480769231,24.93013597,38.92321274,109
939,Parksville,2001,4,Single-detached,166342.8218,41730,4.480769231,25.25965426,41.08315087,89
939,Parksville,2001,4,Townhouses,167548.3871,41730,4.480769231,25.44272295,35.70802608,15
913,Penticton,2001,4,All housing types,148321.0227,39110,4.480769231,24.03181752,34.46883108,123
913,Penticton,2001,4,Condos,103007.8947,39110,4.480769231,16.68992624,24.64960116,14
913,Penticton,2001,4,Single-detached,161623.7113,39110,4.480769231,26.18719495,41.62561139,90
913,Penticton,2001,4,Townhouses,123453.125,39110,4.480769231,20.00257898,28.09446494,19
940,Port Alberni,2001,4,All housing types,87686.56716,42540,4.480769231,13.06192858,24.91984493,31
940,Port Alberni,2001,4,Single-detached,87769.23077,42540,4.480769231,13.07424228,25.47459468,29
945,Powell River,2001,4,All housing types,135122.449,44470,4.480769231,19.25449358,28.39881449,23
945,Powell River,2001,4,Single-detached,135833.3333,44470,4.480769231,19.3557922,29.06419653,20
970,Prince George,2001,4,All housing types,125181.1594,49860,4.480769231,15.90956911,20.86631918,104
970,Prince George,2001,4,Single-detached,125572.1154,49860,4.480769231,15.95925663,21.62037066,99
952,Quesnel,2001,4,All housing types,113457.4468,44570,4.480769231,16.13102983,19.12777887,13
952,Quesnel,2001,4,Single-detached,113273.8095,44570,4.480769231,16.10492084,19.38116486,11
934,Squamish,2001,4,All housing types,189453.9474,48690,4.480769231,24.65673718,35.74275125,15
934,Squamish,2001,4,Single-detached,207142.8571,48690,4.480769231,26.95888399,52.39203906,10
965,Terrace,2001,4,All housing types,126193.1818,46550,4.480769231,17.17860634,22.28508389,23
965,Terrace,2001,4,Single-detached,126219.5122,46550,4.480769231,17.18219068,22.91057037,21
933,Vancouver,2001,4,All housing types,253909.0395,46010,4.480769231,34.97016259,46.34979114,6431
933,Vancouver,2001,4,Condos,151284.5655,46010,4.480769231,20.83598859,33.52101857,1737
933,Vancouver,2001,4,Single-detached,298003.9225,46010,4.480769231,41.04322415,73.63157159,3596
933,Vancouver,2001,4,Townhouses,204902.6051,46010,4.480769231,28.22064716,42.89966917,1098
918,Vernon,2001,4,All housing types,145451.0444,41810,4.480769231,22.04491347,33.47993893,173
918,Vernon,2001,4,Condos,108431.2558,41810,4.480769231,16.43410442,17.73657873,24
918,Vernon,2001,4,Single-detached,152255.0173,41810,4.480769231,23.07614013,38.42228469,123
918,Vernon,2001,4,Townhouses,127225.4902,41810,4.480769231,19.28260422,28.34301195,26
935,Victoria,2001,4,All housing types,219262.017,50060,4.480769231,27.75519492,38.89023417,922
935,Victoria,2001,4,Condos,121860.6322,50060,4.480769231,15.4256795,25.16453563,157
935,Victoria,2001,4,Single-detached,236750,50060,4.480769231,29.96890427,48.24432339,655
935,Victoria,2001,4,Townhouses,185198.0392,50060,4.480769231,23.44321989,34.92562688,110
950,Williams Lake,2001,4,All housing types,119020,45720,4.480769231,16.49625823,21.01542762,26
950,Williams Lake,2001,4,Single-detached,118250,45720,4.480769231,16.38953567,22.05009043,22
932,Abbotsford - Mission,2002,1,All housing types,184205.0562,43640,3.788461538,24.88755367,39.8580484,525
932,Abbotsford - Mission,2002,1,Condos,80306.83117,43640,3.788461538,10.85008529,20.09532322,46
932,Abbotsford - Mission,2002,1,Single-detached,198935.4839,43640,3.788461538,26.87775045,49.93104757,385
932,Abbotsford - Mission,2002,1,Townhouses,141940.7407,43640,3.788461538,19.17731183,32.71122748,94
944,Campbell River,2002,1,All housing types,130658.5366,47465,3.788461538,16.23041816,28.83969156,88
944,Campbell River,2002,1,Single-detached,134258.7413,47465,3.788461538,16.67763599,31.14048371,76
930,Chilliwack,2002,1,All housing types,154301.9231,42277.5,3.788461538,21.51926557,35.74923238,201
930,Chilliwack,2002,1,Condos,68206.89655,42277.5,3.788461538,9.512274968,17.71905455,15
930,Chilliwack,2002,1,Single-detached,166800.9868,42277.5,3.788461538,23.26241087,42.84775906,146
930,Chilliwack,2002,1,Townhouses,114228.0702,42277.5,3.788461538,15.9304831,29.51804433,40
943,Courtenay,2002,1,All housing types,128382.6715,42697.5,3.788461538,17.72839281,33.29529423,123
943,Courtenay,2002,1,Condos,85340,42697.5,3.788461538,11.78462035,18.06257235,12
943,Courtenay,2002,1,Single-detached,139004.5872,42697.5,3.788461538,19.19517561,37.46374731,97
943,Courtenay,2002,1,Townhouses,88320.51282,42697.5,3.788461538,12.19620005,25.7004721,14
905,Cranbrook,2002,1,All housing types,111570.6522,45845,3.788461538,14.34905827,23.32692088,43
905,Cranbrook,2002,1,Single-detached,114027.027,45845,3.788461538,14.66497169,24.79879355,34
975,Dawson Creek,2002,1,All housing types,81500,46072.5,3.788461538,10.42992618,17.42873376,18
975,Dawson Creek,2002,1,Single-detached,81500,46072.5,3.788461538,10.42992618,17.4035768,18
937,Duncan,2002,1,All housing types,142886.4734,42165,3.788461538,19.980411,33.65613231,107
937,Duncan,2002,1,Condos,59100,42165,3.788461538,8.264199276,15.67225183,22
937,Duncan,2002,1,Single-detached,158564.3357,42165,3.788461538,22.17271181,37.87860121,69
937,Duncan,2002,1,Townhouses,122803.2258,42165,3.788461538,17.1720868,27.87876391,16
977,Fort St. John,2002,1,All housing types,139098.9011,54460,3.788461538,15.05953169,19.8313746,43
977,Fort St. John,2002,1,Single-detached,139882.3529,54460,3.788461538,15.14435204,21.34312718,40
925,Kamloops,2002,1,All housing types,140486.4333,46965,3.788461538,17.63703044,29.18144185,210
925,Kamloops,2002,1,Condos,99552.76667,46965,3.788461538,12.49811199,18.56500138,13
925,Kamloops,2002,1,Single-detached,145938.7464,46965,3.788461538,18.32152795,32.08712104,154
925,Kamloops,2002,1,Townhouses,123450.6579,46965,3.788461538,15.49831511,25.397242,43
915,Kelowna,2002,1,All housing types,167361.0887,43457.5,3.788461538,22.7067594,38.09482147,514
915,Kelowna,2002,1,Condos,98642.85714,43457.5,3.788461538,13.38339539,24.28880262,110
915,Kelowna,2002,1,Single-detached,182447.0426,43457.5,3.788461538,24.75355013,44.76537722,358
915,Kelowna,2002,1,Townhouses,146783.7838,43457.5,3.788461538,19.91492818,32.85366574,46
938,Nanaimo,2002,1,All housing types,142134.7276,42767.5,3.788461538,19.59529212,33.9915153,232
938,Nanaimo,2002,1,Condos,92612.06667,42767.5,3.788461538,12.76788953,21.40189008,24
938,Nanaimo,2002,1,Single-detached,150970.7317,42767.5,3.788461538,20.81346085,37.66249954,178
938,Nanaimo,2002,1,Townhouses,118228.8136,42767.5,3.788461538,16.29952213,27.46191196,30
939,Parksville,2002,1,All housing types,161000,41967.5,3.788461538,22.619249,38.92321274,109
939,Parksville,2002,1,Single-detached,163000,41967.5,3.788461538,22.90023346,41.08315087,89
939,Parksville,2002,1,Townhouses,169964.2857,41967.5,3.788461538,23.87866149,35.70802608,13
913,Penticton,2002,1,All housing types,134682.3394,39542.5,3.788461538,20.08222982,34.46883108,95
913,Penticton,2002,1,Condos,84405.88235,39542.5,3.788461538,12.58560205,24.64960116,20
913,Penticton,2002,1,Single-detached,156937.5,39542.5,3.788461538,23.40065487,41.62561139,54
913,Penticton,2002,1,Townhouses,113700,39542.5,3.788461538,16.95359273,28.09446494,21
940,Port Alberni,2002,1,All housing types,92424.24242,43155,3.788461538,12.62758159,24.91984493,35
940,Port Alberni,2002,1,Single-detached,92555.55556,43155,3.788461538,12.64552241,25.47459468,34
945,Powell River,2002,1,All housing types,123658.86792452799,44790,3.788461538,16.27832101,28.39881449,30
945,Powell River,2002,1,Single-detached,123770.6667,44790,3.788461538,16.29303807,29.06419653,28
970,Prince George,2002,1,All housing types,123000,50475,3.788461538,14.3679295,20.86631918,109
970,Prince George,2002,1,Condos,29600,50475,3.788461538,3.457648076,12.39060086,27
970,Prince George,2002,1,Single-detached,123141.4286,50475,3.788461538,14.38445012,21.62037066,76
955,Prince Rupert,2002,1,All housing types,124656.0714,45195,3.788461538,16.26254269,20.96060583,12
955,Prince Rupert,2002,1,Single-detached,124656.0714,45195,3.788461538,16.26254269,21.3614414,12
952,Quesnel,2002,1,All housing types,112583.3333,45252.5,3.788461538,14.66887915,19.12777887,17
952,Quesnel,2002,1,Single-detached,111875,45252.5,3.788461538,14.5765879,19.38116486,17
934,Squamish,2002,1,All housing types,185217.7419,49175,3.788461538,22.20770201,35.74275125,16
965,Terrace,2002,1,All housing types,125808.8235,46697.5,3.788461538,15.88484111,22.28508389,11
965,Terrace,2002,1,Single-detached,125859.375,46697.5,3.788461538,15.89122382,22.91057037,11
933,Vancouver,2002,1,All housing types,253934.1952,46267.5,3.788461538,32.36015243,46.34979114,7337
933,Vancouver,2002,1,Condos,156320.1066,46267.5,3.788461538,19.9206825,33.52101857,2202
933,Vancouver,2002,1,Single-detached,300938.7909,46267.5,3.788461538,38.35019202,73.63157159,3889
933,Vancouver,2002,1,Townhouses,212047.4023,46267.5,3.788461538,27.02230101,42.89966917,1246
918,Vernon,2002,1,All housing types,145569.2182,42135,3.788461538,20.37004348,33.47993893,134
918,Vernon,2002,1,Condos,99864.66667,42135,3.788461538,13.97443517,17.73657873,12
918,Vernon,2002,1,Single-detached,156623.6842,42135,3.788461538,21.91693612,38.42228469,105
918,Vernon,2002,1,Townhouses,120738.3721,42135,3.788461538,16.8953706,28.34301195,17
935,Victoria,2002,1,All housing types,216498.1091,50565,3.788461538,25.24465853,38.89023417,929
935,Victoria,2002,1,Condos,126359.6491,50565,3.788461538,14.73410649,25.16453563,185
935,Victoria,2002,1,Single-detached,237359.3505,50565,3.788461538,27.67717362,48.24432339,623
935,Victoria,2002,1,Townhouses,180571.4286,50565,3.788461538,21.05544512,34.92562688,121
950,Williams Lake,2002,1,All housing types,138250,46090,3.788461538,17.68576445,21.01542762,18
950,Williams Lake,2002,1,Single-detached,138743.5897,46090,3.788461538,17.74890739,22.05009043,17
932,Abbotsford - Mission,2002,2,All housing types,191191.4894,43990,4.038461538,26.30920016,39.8580484,650
932,Abbotsford - Mission,2002,2,Condos,83555.11828,43990,4.038461538,11.49773109,20.09532322,47
932,Abbotsford - Mission,2002,2,Single-detached,207048,43990,4.038461538,28.4911598,49.93104757,490
932,Abbotsford - Mission,2002,2,Townhouses,152729.4686,43990,4.038461538,21.0165744,32.71122748,113
944,Campbell River,2002,2,All housing types,134675.5556,47810,4.038461538,17.05151937,28.83969156,137
944,Campbell River,2002,2,Single-detached,140409.0909,47810,4.038461538,17.77745281,31.14048371,122
930,Chilliwack,2002,2,All housing types,161983.6066,42705,4.038461538,22.96071399,35.74923238,348
930,Chilliwack,2002,2,Condos,60409.09091,42705,4.038461538,8.562816253,17.71905455,18
930,Chilliwack,2002,2,Single-detached,174017.2476,42705,4.038461538,24.66644828,42.84775906,278
930,Chilliwack,2002,2,Townhouses,113467.3913,42705,4.038461538,16.08367893,29.51804433,52
943,Courtenay,2002,2,All housing types,143635.221,42935,4.038461538,20.25081613,33.29529423,239
943,Courtenay,2002,2,Condos,90868.06452,42935,4.038461538,12.81128997,18.06257235,19
943,Courtenay,2002,2,Single-detached,151651.9298,42935,4.038461538,21.3810744,37.46374731,188
943,Courtenay,2002,2,Townhouses,105380.4348,42935,4.038461538,14.85735737,25.7004721,32
905,Cranbrook,2002,2,All housing types,118212.931,46100,4.038461538,15.52233711,23.32692088,73
905,Cranbrook,2002,2,Single-detached,119489.2473,46100,4.038461538,15.68992801,24.79879355,59
975,Dawson Creek,2002,2,All housing types,85000,46365,4.038461538,11.09741206,17.42873376,28
975,Dawson Creek,2002,2,Single-detached,85000,46365,4.038461538,11.09741206,17.4035768,27
937,Duncan,2002,2,All housing types,147359.6491,42410,4.038461538,21.03310341,33.65613231,121
937,Duncan,2002,2,Single-detached,161660,42410,4.038461538,23.0742372,37.87860121,106
977,Fort St. John,2002,2,All housing types,140334.8624,55170,4.038461538,15.39769242,19.8313746,66
977,Fort St. John,2002,2,Single-detached,143191.9192,55170,4.038461538,15.71117177,21.34312718,59
925,Kamloops,2002,2,All housing types,143011.3636,47400,4.038461538,18.26355248,29.18144185,318
925,Kamloops,2002,2,Condos,105594.2895,47400,4.038461538,13.48513012,18.56500138,25
925,Kamloops,2002,2,Single-detached,148649.1228,47400,4.038461538,18.9835338,32.08712104,245
925,Kamloops,2002,2,Townhouses,116362.6374,47400,4.038461538,14.86032354,25.397242,48
915,Kelowna,2002,2,All housing types,169155.4386,43865,4.038461538,23.34322643,38.09482147,911
915,Kelowna,2002,2,Condos,93291.66667,43865,4.038461538,12.87412641,24.28880262,154
915,Kelowna,2002,2,Single-detached,187616.4857,43865,4.038461538,25.89082647,44.76537722,655
915,Kelowna,2002,2,Townhouses,148131.0811,43865,4.038461538,20.44189294,32.85366574,102
938,Nanaimo,2002,2,All housing types,144981.3788,43205,4.038461538,20.31286896,33.9915153,399
938,Nanaimo,2002,2,Condos,101142.8571,43205,4.038461538,14.17079642,21.40189008,39
938,Nanaimo,2002,2,Single-detached,155381.2877,43205,4.038461538,21.76996635,37.66249954,319
938,Nanaimo,2002,2,Townhouses,114355.2817,43205,4.038461538,16.02194621,27.46191196,41
939,Parksville,2002,2,All housing types,164899.6865,42205,4.038461538,23.65097104,38.92321274,210
939,Parksville,2002,2,Condos,77830.30303,42205,4.038461538,11.16292142,25.29799068,26
939,Parksville,2002,2,Single-detached,170524,42205,4.038461538,24.45764616,41.08315087,161
939,Parksville,2002,2,Townhouses,178944.4444,42205,4.038461538,25.66536033,35.70802608,23
913,Penticton,2002,2,All housing types,138954.3974,39975,4.038461538,21.04150858,34.46883108,212
913,Penticton,2002,2,Condos,96989.58333,39975,4.038461538,14.68688424,24.64960116,28
913,Penticton,2002,2,Single-detached,155373.0488,39975,4.038461538,23.52774292,41.62561139,151
913,Penticton,2002,2,Townhouses,109222.2222,39975,4.038461538,16.53924143,28.09446494,33
940,Port Alberni,2002,2,All housing types,107260.4167,43770,4.038461538,14.83392175,24.91984493,61
940,Port Alberni,2002,2,Single-detached,108976.7442,43770,4.038461538,15.07128675,25.47459468,52
945,Powell River,2002,2,All housing types,115236.5,45110,4.038461538,15.46358846,28.39881449,50
945,Powell River,2002,2,Single-detached,115206.56,45110,4.038461538,15.45957081,29.06419653,47
970,Prince George,2002,2,All housing types,122397.8102,51090,4.038461538,14.50209668,20.86631918,165
970,Prince George,2002,2,Single-detached,122627.1186,51090,4.038461538,14.5292659,21.62037066,160
955,Prince Rupert,2002,2,All housing types,115886.3636,44720,4.038461538,15.68641106,20.96060583,10
955,Prince Rupert,2002,2,Single-detached,115886.3636,44720,4.038461538,15.68641106,21.3614414,10
952,Quesnel,2002,2,All housing types,105000,45935,4.038461538,13.83689448,19.12777887,30
952,Quesnel,2002,2,Single-detached,105000,45935,4.038461538,13.83689448,19.38116486,30
934,Squamish,2002,2,All housing types,169194.4444,49660,4.038461538,20.62397788,35.74275125,38
934,Squamish,2002,2,Single-detached,198000,49660,4.038461538,24.13523467,52.39203906,20
934,Squamish,2002,2,Townhouses,149944.4444,49660,4.038461538,18.27749674,35.812071,13
965,Terrace,2002,2,All housing types,121760,46845,4.038461538,15.73382976,22.28508389,14
965,Terrace,2002,2,Single-detached,121760,46845,4.038461538,15.73382976,22.91057037,14
933,Vancouver,2002,2,All housing types,260472.5892,46525,4.038461538,33.88977583,46.34979114,9919
933,Vancouver,2002,2,Condos,161314.8927,46525,4.038461538,20.988487,33.52101857,2693
933,Vancouver,2002,2,Single-detached,310651.8368,46525,4.038461538,40.41853749,73.63157159,5611
933,Vancouver,2002,2,Townhouses,214319.2947,46525,4.038461538,27.88482609,42.89966917,1615
918,Vernon,2002,2,All housing types,147430.9516,42460,4.038461538,21.01850052,33.47993893,238
918,Vernon,2002,2,Condos,68637.40541,42460,4.038461538,9.785294913,17.73657873,25
918,Vernon,2002,2,Single-detached,158549.8221,42460,4.038461538,22.6036628,38.42228469,176
918,Vernon,2002,2,Townhouses,120365.7407,42460,4.038461538,17.15994746,28.34301195,37
935,Victoria,2002,2,All housing types,225985.9959,51070,4.038461538,26.78605277,38.89023417,1481
935,Victoria,2002,2,Condos,134113.1944,51070,4.038461538,15.89639699,25.16453563,247
935,Victoria,2002,2,Single-detached,245488.2317,51070,4.038461538,29.09764698,48.24432339,1034
935,Victoria,2002,2,Townhouses,178261.6822,51070,4.038461538,21.12930409,34.92562688,200
950,Williams Lake,2002,2,All housing types,141338.9831,46460,4.038461538,18.41517318,21.01542762,41
950,Williams Lake,2002,2,Single-detached,144367.9245,46460,4.038461538,18.80981648,22.05009043,36
932,Abbotsford - Mission,2002,3,All housing types,198353.0405,44340,4.461538462,28.29173377,39.8580484,534
932,Abbotsford - Mission,2002,3,Condos,91773.68421,44340,4.461538462,13.08997651,20.09532322,48
932,Abbotsford - Mission,2002,3,Single-detached,215782.8054,44340,4.461538462,30.77779733,49.93104757,394
932,Abbotsford - Mission,2002,3,Townhouses,152082.9268,44340,4.461538462,21.69207825,32.71122748,92
944,Campbell River,2002,3,All housing types,142202.3346,48155,4.461538462,18.67590812,28.83969156,120
944,Campbell River,2002,3,Condos,114285.7143,48155,4.461538462,15.00952502,18.33500271,12
944,Campbell River,2002,3,Single-detached,147097.1111,48155,4.461538462,19.31875548,31.14048371,103
930,Chilliwack,2002,3,All housing types,168097.8428,43132.5,4.461538462,24.64755807,35.74923238,301
930,Chilliwack,2002,3,Condos,61648.64865,43132.5,4.461538462,9.039310808,17.71905455,19
930,Chilliwack,2002,3,Single-detached,178944.0799,43132.5,4.461538462,26.23790125,42.84775906,235
930,Chilliwack,2002,3,Townhouses,114871.7172,43132.5,4.461538462,16.84321031,29.51804433,47
943,Courtenay,2002,3,All housing types,151310.0622,43172.5,4.461538462,22.16547288,33.29529423,243
943,Courtenay,2002,3,Single-detached,157610.3093,43172.5,4.461538462,23.08839864,37.46374731,200
943,Courtenay,2002,3,Townhouses,107030.303,43172.5,4.461538462,15.67891285,25.7004721,34
905,Cranbrook,2002,3,All housing types,123654.1667,46355,4.461538462,16.87052349,23.32692088,71
905,Cranbrook,2002,3,Single-detached,127802.521,46355,4.461538462,17.4364964,24.79879355,60
975,Dawson Creek,2002,3,All housing types,85300,46657.5,4.461538462,11.5622926,17.42873376,42
975,Dawson Creek,2002,3,Single-detached,85298.50746,46657.5,4.461538462,11.56209029,17.4035768,40
937,Duncan,2002,3,All housing types,157108.6957,42655,4.461538462,23.29413918,33.65613231,132
937,Duncan,2002,3,Single-detached,166125,42655,4.461538462,24.63096556,37.87860121,106
937,Duncan,2002,3,Townhouses,123066.6667,42655,4.461538462,18.24680709,27.87876391,19
977,Fort St. John,2002,3,All housing types,141837.931,55880,4.461538462,16.05285857,19.8313746,79
977,Fort St. John,2002,3,Single-detached,151976.1905,55880,4.461538462,17.20028115,21.34312718,67
977,Fort St. John,2002,3,Townhouses,103657.8947,55880,4.461538462,11.73173855,16.34879797,12
925,Kamloops,2002,3,All housing types,149225.5193,47835,4.461538462,19.72939236,29.18144185,356
925,Kamloops,2002,3,Condos,103365.3846,47835,4.461538462,13.66613592,18.56500138,27
925,Kamloops,2002,3,Single-detached,154726.7442,47835,4.461538462,20.45671987,32.08712104,271
925,Kamloops,2002,3,Townhouses,125162.2642,47835,4.461538462,16.54794321,25.397242,58
915,Kelowna,2002,3,All housing types,178532.7869,44272.5,4.461538462,25.5035318,38.09482147,858
915,Kelowna,2002,3,Condos,97544.715447154507,44272.5,4.461538462,13.93432991,24.28880262,92
915,Kelowna,2002,3,Single-detached,194362.0183,44272.5,4.461538462,27.76474844,44.76537722,654
915,Kelowna,2002,3,Townhouses,153380.3738,44272.5,4.461538462,21.91049224,32.85366574,112
938,Nanaimo,2002,3,All housing types,148877.6074,43642.5,4.461538462,21.57427197,33.9915153,416
938,Nanaimo,2002,3,Condos,103721.519,43642.5,4.461538462,15.03057645,21.40189008,40
938,Nanaimo,2002,3,Single-detached,158743.0124,43642.5,4.461538462,23.00389551,37.66249954,325
938,Nanaimo,2002,3,Townhouses,111225.2717,43642.5,4.461538462,16.11796633,27.46191196,51
939,Parksville,2002,3,All housing types,173946.0836,42442.5,4.461538462,25.91970694,38.92321274,173
939,Parksville,2002,3,Single-detached,178933.7748,42442.5,4.461538462,26.66292284,41.08315087,141
939,Parksville,2002,3,Townhouses,199593.75,42442.5,4.461538462,29.74146586,35.70802608,25
913,Penticton,2002,3,All housing types,149423.1738,40407.5,4.461538462,23.38688415,34.46883108,185
913,Penticton,2002,3,Condos,115264.1509,40407.5,4.461538462,18.04050387,24.64960116,25
913,Penticton,2002,3,Single-detached,164684.2153,40407.5,4.461538462,25.7754575,41.62561139,123
913,Penticton,2002,3,Townhouses,117928.5714,40407.5,4.461538462,18.45752415,28.09446494,37
940,Port Alberni,2002,3,All housing types,94448.97959,44385,4.461538462,13.45790429,24.91984493,86
940,Port Alberni,2002,3,Single-detached,106504.6729,44385,4.461538462,15.17570333,25.47459468,55
940,Port Alberni,2002,3,Townhouses,52000,44385,4.461538462,7.409407978,17.79705682,31
945,Powell River,2002,3,All housing types,113882.9787,45430,4.461538462,15.85376697,28.39881449,44
945,Powell River,2002,3,Single-detached,113857.9545,45430,4.461538462,15.85028333,29.06419653,41
970,Prince George,2002,3,All housing types,117916.6667,51705,4.461538462,14.42311415,20.86631918,231
970,Prince George,2002,3,Condos,65517.54386,51705,4.461538462,8.013854533,12.39060086,55
970,Prince George,2002,3,Single-detached,126328.2675,51705,4.461538462,15.45198888,21.62037066,169
955,Prince Rupert,2002,3,All housing types,122010.8696,44245,4.461538462,17.44016993,20.96060583,13
955,Prince Rupert,2002,3,Single-detached,122010.8696,44245,4.461538462,17.44016993,21.3614414,13
952,Quesnel,2002,3,All housing types,106548.3871,46617.5,4.461538462,14.45487331,19.12777887,32
952,Quesnel,2002,3,Single-detached,106524.5902,46617.5,4.461538462,14.4516449,19.38116486,31
934,Squamish,2002,3,All housing types,174456.5217,50145,4.461538462,22.00269927,35.74275125,31
934,Squamish,2002,3,Single-detached,195900,50145,4.461538462,24.70718059,52.39203906,15
965,Terrace,2002,3,All housing types,122476.7442,46992.5,4.461538462,16.48319787,22.28508389,29
965,Terrace,2002,3,Single-detached,122416.6667,46992.5,4.461538462,16.4751125,22.91057037,28
933,Vancouver,2002,3,All housing types,268897.3736,46782.5,4.461538462,36.35126456,46.34979114,8205
933,Vancouver,2002,3,Condos,162784.4508,46782.5,4.461538462,22.00624186,33.52101857,2169
933,Vancouver,2002,3,Single-detached,321202.9196,46782.5,4.461538462,43.42226237,73.63157159,4733
933,Vancouver,2002,3,Townhouses,212767.3064,46782.5,4.461538462,28.76324354,42.89966917,1303
918,Vernon,2002,3,All housing types,155186.5684,42785,4.461538462,22.93923775,33.47993893,230
918,Vernon,2002,3,Condos,70857.14286,42785,4.461538462,10.4739016,17.73657873,17
918,Vernon,2002,3,Single-detached,168300.7085,42785,4.461538462,24.87773269,38.42228469,179
918,Vernon,2002,3,Townhouses,125485.9155,42785,4.461538462,18.5489716,28.34301195,34
935,Victoria,2002,3,All housing types,234968.0974,51575,4.461538462,28.81283903,38.89023417,1373
935,Victoria,2002,3,Condos,135397.4155,51575,4.461538462,16.60303667,25.16453563,256
935,Victoria,2002,3,Single-detached,253733.1029,51575,4.461538462,31.11388793,48.24432339,953
935,Victoria,2002,3,Townhouses,190169.7802,51575,4.461538462,23.31946901,34.92562688,164
950,Williams Lake,2002,3,All housing types,129323.9437,46830,4.461538462,17.4651038,21.01542762,30
950,Williams Lake,2002,3,Single-detached,130637.0968,46830,4.461538462,17.64244417,22.05009043,26
932,Abbotsford - Mission,2002,4,All housing types,197144.2591,44690,4.5,28.00915615,39.8580484,485
932,Abbotsford - Mission,2002,4,Condos,98823.68421,44690,4.5,14.04031756,20.09532322,47
932,Abbotsford - Mission,2002,4,Single-detached,214630.1128,44690,4.5,30.49344867,49.93104757,373
932,Abbotsford - Mission,2002,4,Townhouses,151398.0892,44690,4.5,21.50979562,32.71122748,65
944,Campbell River,2002,4,All housing types,142500,48500,4.5,18.65517685,28.83969156,72
944,Campbell River,2002,4,Single-detached,147459.697,48500,4.5,19.30446825,31.14048371,62
930,Chilliwack,2002,4,All housing types,165733.7786,43560,4.5,24.15735635,35.74923238,223
930,Chilliwack,2002,4,Condos,78379.06977,43560,4.5,11.42453358,17.71905455,24
930,Chilliwack,2002,4,Single-detached,179255.6675,43560,4.5,26.12830694,42.84775906,162
930,Chilliwack,2002,4,Townhouses,117467.8571,43560,4.5,17.12211541,29.51804433,37
943,Courtenay,2002,4,All housing types,150221.8045,43410,4.5,21.97199206,33.29529423,156
943,Courtenay,2002,4,Condos,115060,43410,4.5,16.82909758,18.06257235,11
943,Courtenay,2002,4,Single-detached,156687.5,43410,4.5,22.9176884,37.46374731,120
943,Courtenay,2002,4,Townhouses,105228.8136,43410,4.5,15.39115219,25.7004721,25
905,Cranbrook,2002,4,All housing types,108832.2981,46610,4.5,14.82534955,23.32692088,90
905,Cranbrook,2002,4,Condos,50210,46610,4.5,6.83970488,10.88601116,45
905,Cranbrook,2002,4,Single-detached,125475.2475,46610,4.5,17.09248482,24.79879355,41
975,Dawson Creek,2002,4,All housing types,80653.84615,46950,4.5,10.90726163,17.42873376,36
975,Dawson Creek,2002,4,Single-detached,80600,46950,4.5,10.89997972,17.4035768,35
937,Duncan,2002,4,All housing types,158665.6522,42900,4.5,23.48290784,33.65613231,98
937,Duncan,2002,4,Condos,57764.70588,42900,4.5,8.549318936,15.67225183,10
937,Duncan,2002,4,Single-detached,169709.1461,42900,4.5,25.11737217,37.87860121,72
937,Duncan,2002,4,Townhouses,116400,42900,4.5,17.22748708,27.87876391,16
977,Fort St. John,2002,4,All housing types,144000,56590,4.5,16.1565654,19.8313746,59
977,Fort St. John,2002,4,Single-detached,154193.2773,56590,4.5,17.30023451,21.34312718,52
925,Kamloops,2002,4,All housing types,149918.239,48270,4.5,19.71984141,29.18144185,280
925,Kamloops,2002,4,Condos,99854.08621,48270,4.5,13.13453758,18.56500138,31
925,Kamloops,2002,4,Single-detached,154604.3764,48270,4.5,20.3362433,32.08712104,186
925,Kamloops,2002,4,Townhouses,142522.314,48270,4.5,18.74700137,25.397242,63
915,Kelowna,2002,4,All housing types,184275.8621,44680,4.5,26.18674576,38.09482147,650
915,Kelowna,2002,4,Condos,106290.6977,44680,4.5,15.10456902,24.28880262,80
915,Kelowna,2002,4,Single-detached,196269.0942,44680,4.5,27.89105862,44.76537722,492
915,Kelowna,2002,4,Townhouses,154000,44680,4.5,21.88435752,32.85366574,78
938,Nanaimo,2002,4,All housing types,151552.4862,44080,4.5,21.82969783,33.9915153,308
938,Nanaimo,2002,4,Condos,99400,44080,4.5,14.31762697,21.40189008,35
938,Nanaimo,2002,4,Single-detached,160173.913,44080,4.5,23.07153257,37.66249954,250
938,Nanaimo,2002,4,Townhouses,110903.6622,44080,4.5,15.97462037,27.46191196,23
939,Parksville,2002,4,All housing types,175935.6897,42680,4.5,26.1731372,38.92321274,117
939,Parksville,2002,4,Single-detached,174545.4545,42680,4.5,25.96631836,41.08315087,90
939,Parksville,2002,4,Townhouses,208697.9167,42680,4.5,31.04702188,35.70802608,23
913,Penticton,2002,4,All housing types,151676.8293,40840,4.5,23.58086612,34.46883108,143
913,Penticton,2002,4,Condos,97612.2449,40840,4.5,15.17556301,24.64960116,24
913,Penticton,2002,4,Single-detached,170110.8491,40840,4.5,26.44676301,41.62561139,89
913,Penticton,2002,4,Townhouses,122425.3731,40840,4.5,19.03320598,28.09446494,30
940,Port Alberni,2002,4,All housing types,86465.64885,45000,4.5,12.19992992,24.91984493,45
940,Port Alberni,2002,4,Single-detached,97761.85567,45000,4.5,13.79377595,25.47459468,42
945,Powell River,2002,4,All housing types,119113.9241,45750,4.5,16.5309449,28.39881449,35
945,Powell River,2002,4,Single-detached,119078.9474,45750,4.5,16.52609075,29.06419653,35
970,Prince George,2002,4,All housing types,115198.0609,52320,4.5,13.97988756,20.86631918,130
970,Prince George,2002,4,Condos,64179.10448,52320,4.5,7.788470195,12.39060086,12
970,Prince George,2002,4,Single-detached,128623.7319,52320,4.5,15.60916299,21.62037066,107
970,Prince George,2002,4,Townhouses,102666.6667,52320,4.5,12.45913728,15.88118112,11
955,Prince Rupert,2002,4,All housing types,108784.4828,43770,4.5,15.78035065,20.96060583,16
955,Prince Rupert,2002,4,Single-detached,108784.4828,43770,4.5,15.78035065,21.3614414,16
952,Quesnel,2002,4,All housing types,107775.8621,47300,4.5,14.46727075,19.12777887,26
952,Quesnel,2002,4,Single-detached,107771.9298,47300,4.5,14.46674291,19.38116486,26
934,Squamish,2002,4,All housing types,159819.6721,50630,4.5,20.04234588,35.74275125,30
934,Squamish,2002,4,Townhouses,149133.3333,50630,4.5,18.70221487,35.812071,14
965,Terrace,2002,4,All housing types,122229.1667,47140,4.5,16.46309625,22.28508389,19
965,Terrace,2002,4,Single-detached,122170.2128,47140,4.5,16.45515573,22.91057037,19
933,Vancouver,2002,4,All housing types,268596.9452,47040,4.5,36.25433979,46.34979114,6788
933,Vancouver,2002,4,Condos,165964.1834,47040,4.5,22.40130427,33.52101857,2019
933,Vancouver,2002,4,Single-detached,327545.0337,47040,4.5,44.21096054,73.63157159,3653
933,Vancouver,2002,4,Townhouses,213690.7813,47040,4.5,28.84328483,42.89966917,1116
918,Vernon,2002,4,All housing types,156111.1111,43110,4.5,22.99227984,33.47993893,184
918,Vernon,2002,4,Condos,89414.63415,43110,4.5,13.16912214,17.73657873,24
918,Vernon,2002,4,Single-detached,172033.8097,43110,4.5,25.33739891,38.42228469,139
918,Vernon,2002,4,Townhouses,131236.3636,43110,4.5,19.32868953,28.34301195,21
935,Victoria,2002,4,All housing types,236739.0239,52080,4.5,28.86191356,38.89023417,891
935,Victoria,2002,4,Condos,138399.7117,52080,4.5,16.87292805,25.16453563,188
935,Victoria,2002,4,Single-detached,256718.0541,52080,4.5,31.29764652,48.24432339,591
935,Victoria,2002,4,Townhouses,206455.7971,52080,4.5,25.1699499,34.92562688,112
950,Williams Lake,2002,4,All housing types,131595.7447,47200,4.5,17.70215308,21.01542762,17
950,Williams Lake,2002,4,Single-detached,131525,47200,4.5,17.69263657,22.05009043,14
932,Abbotsford - Mission,2003,1,All housing types,195920.686,44847.5,4.576923077,27.95621015,39.8580484,448
932,Abbotsford - Mission,2003,1,Condos,91643.86792,44847.5,4.576923077,13.07679798,20.09532322,59
932,Abbotsford - Mission,2003,1,Single-detached,217277.0163,44847.5,4.576923077,31.00357627,49.93104757,332
932,Abbotsford - Mission,2003,1,Townhouses,150827.8689,44847.5,4.576923077,21.52184992,32.71122748,57
944,Campbell River,2003,1,All housing types,135248.2517,48917.5,4.576923077,17.69308845,28.83969156,71
944,Campbell River,2003,1,Single-detached,138512.1951,48917.5,4.576923077,18.12007541,31.14048371,61
930,Chilliwack,2003,1,All housing types,163935.8899,43772.5,4.576923077,23.96673829,35.74923238,222
930,Chilliwack,2003,1,Condos,79568.29268,43772.5,4.576923077,11.63255007,17.71905455,17
930,Chilliwack,2003,1,Single-detached,178952.97805642601,43772.5,4.576923077,26.16217348,42.84775906,157
930,Chilliwack,2003,1,Townhouses,119600,43772.5,4.576923077,17.48501747,29.51804433,48
943,Courtenay,2003,1,All housing types,146285.7143,43675,4.576923077,21.43409964,33.29529423,117
943,Courtenay,2003,1,Condos,54428.57143,43675,4.576923077,7.974992153,18.06257235,10
943,Courtenay,2003,1,Single-detached,157322.9665,43675,4.576923077,23.05130174,37.46374731,89
943,Courtenay,2003,1,Townhouses,108616.2791,43675,4.576923077,15.914692421527601,25.7004721,18
905,Cranbrook,2003,1,All housing types,98659.57447,46862.5,4.576923077,13.47255691,23.32692088,51
905,Cranbrook,2003,1,Condos,47963.15789,46862.5,4.576923077,6.54965702,10.88601116,12
905,Cranbrook,2003,1,Single-detached,114611.8421,46862.5,4.576923077,15.65093478,24.79879355,35
975,Dawson Creek,2003,1,All housing types,80689.65517,47347.5,4.576923077,10.90578795,17.42873376,22
975,Dawson Creek,2003,1,Single-detached,80789.47368,47347.5,4.576923077,10.91927914,17.4035768,22
937,Duncan,2003,1,All housing types,159565.4054,43087.5,4.576923077,23.69865431,33.65613231,87
937,Duncan,2003,1,Single-detached,175846.6761,43087.5,4.576923077,26.11674865,37.87860121,70
977,Fort St. John,2003,1,All housing types,145193.8776,57235,4.576923077,16.23389972,19.8313746,39
977,Fort St. John,2003,1,Single-detached,147584.2697,57235,4.576923077,16.50116571,21.34312718,37
925,Kamloops,2003,1,All housing types,146711.8644,48580,4.576923077,19.32608868,29.18144185,192
925,Kamloops,2003,1,Condos,94736.01961,48580,4.576923077,12.4794046,18.56500138,20
925,Kamloops,2003,1,Single-detached,150046.6258,48580,4.576923077,19.76537077,32.08712104,140
925,Kamloops,2003,1,Townhouses,143263.1579,48580,4.576923077,18.87179681,25.397242,32
915,Kelowna,2003,1,All housing types,185840,44895,4.576923077,26.48972583,38.09482147,600
915,Kelowna,2003,1,Condos,131493.5622,44895,4.576923077,18.74315762,24.28880262,153
915,Kelowna,2003,1,Single-detached,199316.5714,44895,4.576923077,28.410683,44.76537722,383
915,Kelowna,2003,1,Townhouses,159070.4225,44895,4.576923077,22.67397697,32.85366574,64
938,Nanaimo,2003,1,All housing types,152039.759,44355,4.576923077,21.93566634,33.9915153,273
938,Nanaimo,2003,1,Condos,96660.15625,44355,4.576923077,13.94572676,21.40189008,29
938,Nanaimo,2003,1,Single-detached,160723.3115,44355,4.576923077,23.1884933,37.66249954,209
938,Nanaimo,2003,1,Townhouses,118532.2586,44355,4.576923077,17.10134304,27.46191196,35
939,Parksville,2003,1,All housing types,176875,43062.5,4.576923077,26.28472611,38.92321274,99
939,Parksville,2003,1,Single-detached,174343.0233,43062.5,4.576923077,25.9084586,41.08315087,82
939,Parksville,2003,1,Townhouses,201629.0286,43062.5,4.576923077,29.96332886,35.70802608,12
913,Penticton,2003,1,All housing types,147472.2222,40920,4.576923077,23.06273676,34.46883108,127
913,Penticton,2003,1,Condos,83056.60377,40920,4.576923077,12.98897216,24.64960116,29
913,Penticton,2003,1,Single-detached,172530.4878,40920,4.576923077,26.98152346,41.62561139,75
913,Penticton,2003,1,Townhouses,116103.7736,40920,4.576923077,18.15711953,28.09446494,23
940,Port Alberni,2003,1,All housing types,100870.1031,44930,4.576923077,14.36687418,24.91984493,52
940,Port Alberni,2003,1,Single-detached,102069.5652,44930,4.576923077,14.53771292,25.47459468,50
945,Powell River,2003,1,All housing types,112715.9091,45432.5,4.576923077,15.8765021,28.39881449,31
945,Powell River,2003,1,Single-detached,113000,45432.5,4.576923077,15.91651748,29.06419653,28
970,Prince George,2003,1,All housing types,120532.8125,52615,4.576923077,14.65993208,20.86631918,78
970,Prince George,2003,1,Single-detached,127441.5301,52615,4.576923077,15.50021223,21.62037066,76
952,Quesnel,2003,1,All housing types,108152.1739,47630,4.576923077,14.53084647,19.12777887,20
952,Quesnel,2003,1,Single-detached,108152.1739,47630,4.576923077,14.53084647,19.38116486,20
934,Squamish,2003,1,All housing types,159119.0476,50612.5,4.576923077,20.11873283,35.74275125,33
934,Squamish,2003,1,Condos,117500,50612.5,4.576923077,14.85649357,24.02183276,10
934,Squamish,2003,1,Single-detached,227333.3333,50612.5,4.576923077,28.74362727,52.39203906,10
934,Squamish,2003,1,Townhouses,155543.1852,50612.5,4.576923077,19.66660706,35.812071,13
965,Terrace,2003,1,All housing types,119025.641,47282.5,4.576923077,16.10928779,22.28508389,20
965,Terrace,2003,1,Single-detached,119025.641,47282.5,4.576923077,16.10928779,22.91057037,20
933,Vancouver,2003,1,All housing types,264510.8453,47190,4.576923077,35.86986552,46.34979114,7089
933,Vancouver,2003,1,Condos,168628.7073,47190,4.576923077,22.86745198,33.52101857,2398
933,Vancouver,2003,1,Single-detached,335845.7636,47190,4.576923077,45.54347238,73.63157159,3546
933,Vancouver,2003,1,Townhouses,219058.4034,47190,4.576923077,29.70613723,42.89966917,1145
918,Vernon,2003,1,All housing types,147391.573,43470,4.576923077,21.69797758,33.47993893,172
918,Vernon,2003,1,Condos,77604.47761,43470,4.576923077,11.42439951,17.73657873,43
918,Vernon,2003,1,Single-detached,167603.629,43470,4.576923077,24.67345799,38.42228469,109
918,Vernon,2003,1,Townhouses,131439.0244,43470,4.576923077,19.34955266,28.34301195,20
935,Victoria,2003,1,All housing types,237149.6687,52352.5,4.576923077,28.98820602,38.89023417,920
935,Victoria,2003,1,Condos,139220.5134,52352.5,4.576923077,17.01774641,25.16453563,186
935,Victoria,2003,1,Single-detached,260033.6134,52352.5,4.576923077,31.78544587,48.24432339,599
935,Victoria,2003,1,Townhouses,210875.5061,52352.5,4.576923077,25.77655979,34.92562688,135
932,Abbotsford - Mission,2003,2,All housing types,204869.2372,45005,4.961538462,30.28370604,39.8580484,745
932,Abbotsford - Mission,2003,2,Condos,87068.32298,45005,4.961538462,12.87041205,20.09532322,102
932,Abbotsford - Mission,2003,2,Single-detached,227181.0842,45005,4.961538462,33.58183622,49.93104757,535
932,Abbotsford - Mission,2003,2,Townhouses,147790.9091,45005,4.961538462,21.84640558,32.71122748,108
944,Campbell River,2003,2,All housing types,138275.8621,49335,4.961538462,18.64593988,28.83969156,161
944,Campbell River,2003,2,Condos,101150,49335,4.961538462,13.63966777,18.33500271,13
944,Campbell River,2003,2,Single-detached,141188.1188,49335,4.961538462,19.03864591,31.14048371,141
930,Chilliwack,2003,2,All housing types,166273.0545,43985,4.961538462,25.14839749,35.74923238,384
930,Chilliwack,2003,2,Condos,78573.17073,43985,4.961538462,11.88400211,17.71905455,24
930,Chilliwack,2003,2,Single-detached,182471.6312,43985,4.961538462,27.59839306,42.84775906,266
930,Chilliwack,2003,2,Townhouses,127183.0986,43985,4.961538462,19.23613617,29.51804433,94
943,Courtenay,2003,2,All housing types,150763.8329,43940,4.961538462,22.82601797,33.29529423,230
943,Courtenay,2003,2,Single-detached,163481.9495,43940,4.961538462,24.75157235,37.46374731,188
943,Courtenay,2003,2,Townhouses,112229.4118,43940,4.961538462,16.99181111,25.7004721,33
905,Cranbrook,2003,2,All housing types,112466.7969,47115,4.961538462,15.88028047,23.32692088,77
905,Cranbrook,2003,2,Single-detached,121537.5,47115,4.961538462,17.16106123,24.79879355,65
975,Dawson Creek,2003,2,All housing types,100975.6098,47745,4.961538462,14.06959591,17.42873376,60
975,Dawson Creek,2003,2,Single-detached,100925.9259,47745,4.961538462,14.06267313,17.4035768,59
937,Duncan,2003,2,All housing types,158122.2826,43275,4.961538462,24.30798927,33.65613231,189
937,Duncan,2003,2,Single-detached,175733.945,43275,4.961538462,27.0154135,37.87860121,148
937,Duncan,2003,2,Townhouses,135640,43275,4.961538462,20.85180918,27.87876391,32
977,Fort St. John,2003,2,All housing types,144477.5862,57880,4.961538462,16.60599842,19.8313746,77
977,Fort St. John,2003,2,Single-detached,149402.9126,57880,4.961538462,17.17210673,21.34312718,66
977,Fort St. John,2003,2,Townhouses,104153.8462,57880,4.961538462,11.971259,16.34879797,11
925,Kamloops,2003,2,All housing types,152680.0493,48890,4.961538462,20.77568211,29.18144185,417
925,Kamloops,2003,2,Condos,104666.6667,48890,4.961538462,14.24234145,18.56500138,40
925,Kamloops,2003,2,Single-detached,157519.2308,48890,4.961538462,21.43416564,32.08712104,315
925,Kamloops,2003,2,Townhouses,135078.7234,48890,4.961538462,18.38061116,25.397242,62
915,Kelowna,2003,2,All housing types,192974.3417,45110,4.961538462,28.45900935,38.09482147,881
915,Kelowna,2003,2,Condos,153994.3925,45110,4.961538462,22.71041745,24.28880262,168
915,Kelowna,2003,2,Single-detached,212133.5372,45110,4.961538462,31.28452346,44.76537722,598
915,Kelowna,2003,2,Townhouses,163162.0112,45110,4.961538462,24.06241763,32.85366574,115
938,Nanaimo,2003,2,All housing types,152613.3247,44630,4.961538462,22.74880585,33.9915153,500
938,Nanaimo,2003,2,Condos,92482.87671,44630,4.961538462,13.78565739,21.40189008,44
938,Nanaimo,2003,2,Single-detached,162569.7674,44630,4.961538462,24.23293041,37.66249954,393
938,Nanaimo,2003,2,Townhouses,126428.5714,44630,4.961538462,18.84566129,27.46191196,63
939,Parksville,2003,2,All housing types,186297.8723,43445,4.961538462,28.52733032,38.92321274,183
939,Parksville,2003,2,Single-detached,185202.4876,43445,4.961538462,28.35959677,41.08315087,159
939,Parksville,2003,2,Townhouses,224606.5455,43445,4.961538462,34.39344225,35.70802608,21
913,Penticton,2003,2,All housing types,150839.0313,41000,4.961538462,24.47501212,34.46883108,224
913,Penticton,2003,2,Condos,88563.49206,41000,4.961538462,14.37023642,24.64960116,34
913,Penticton,2003,2,Single-detached,172924.3119,41000,4.961538462,28.05855084,41.62561139,143
913,Penticton,2003,2,Townhouses,114685.7143,41000,4.961538462,18.60880584,28.09446494,47
940,Port Alberni,2003,2,All housing types,108050,44860,4.961538462,16.0235426,24.91984493,56
940,Port Alberni,2003,2,Single-detached,108033.9806,44860,4.961538462,16.02116697,25.47459468,53
945,Powell River,2003,2,All housing types,123626.6234,45115,4.961538462,18.22989148,28.39881449,46
945,Powell River,2003,2,Single-detached,126700,45115,4.961538462,18.68308934,29.06419653,42
970,Prince George,2003,2,All housing types,127915.6375,52910,4.961538462,16.08343897,20.86631918,173
970,Prince George,2003,2,Single-detached,128948.1092,52910,4.961538462,16.21325654,21.62037066,162
955,Prince Rupert,2003,2,All housing types,97941.17647,43835,4.961538462,14.86405635,20.96060583,11
955,Prince Rupert,2003,2,Single-detached,97500,43835,4.961538462,14.797101140225699,21.3614414,10
952,Quesnel,2003,2,All housing types,105363.4146,47960,4.961538462,14.61516423,19.12777887,21
952,Quesnel,2003,2,Single-detached,105363.4146,47960,4.961538462,14.61516423,19.38116486,21
934,Squamish,2003,2,All housing types,187817.6471,50595,4.961538462,24.69572797,35.74275125,52
934,Squamish,2003,2,Single-detached,235846.1538,50595,4.961538462,31.01089035,52.39203906,16
934,Squamish,2003,2,Townhouses,180866.65,50595,4.961538462,23.78175671,35.812071,27
965,Terrace,2003,2,All housing types,124558.8235,47425,4.961538462,17.47270705,22.28508389,31
965,Terrace,2003,2,Single-detached,124438.7755,47425,4.961538462,17.4558671,22.91057037,29
933,Vancouver,2003,2,All housing types,275390.6017,47340,4.961538462,38.70026143,46.34979114,9680
933,Vancouver,2003,2,Condos,172728.3062,47340,4.961538462,24.27327064,33.52101857,2880
933,Vancouver,2003,2,Single-detached,345132.3937,47340,4.961538462,48.50097927,73.63157159,5110
933,Vancouver,2003,2,Townhouses,228676.5115,47340,4.961538462,32.13559476,42.89966917,1690
918,Vernon,2003,2,All housing types,154346.6083,43830,4.961538462,23.4271068,33.47993893,285
918,Vernon,2003,2,Condos,78737.36264,43830,4.961538462,11.95095003,17.73657873,48
918,Vernon,2003,2,Single-detached,172251.4563,43830,4.961538462,26.14474854,38.42228469,200
918,Vernon,2003,2,Townhouses,132008.7719,43830,4.961538462,20.0366152,28.34301195,37
935,Victoria,2003,2,All housing types,248811.5533,52625,4.961538462,31.45368051,38.89023417,1417
935,Victoria,2003,2,Condos,144262.4113,52625,4.961538462,18.23703014,25.16453563,237
935,Victoria,2003,2,Single-detached,273255.8366,52625,4.961538462,34.54382108,48.24432339,943
935,Victoria,2003,2,Townhouses,221643.1452,52625,4.961538462,28.01916785,34.92562688,237
950,Williams Lake,2003,2,All housing types,129807.6923,47540,4.961538462,18.16495345,21.01542762,30
950,Williams Lake,2003,2,Single-detached,129828.9474,47540,4.961538462,18.16792783,22.05009043,29
932,Abbotsford - Mission,2003,3,All housing types,216967.3842,45162.5,4.730769231,31.22726708,39.8580484,788
932,Abbotsford - Mission,2003,3,Condos,89401.5873,45162.5,4.730769231,12.86722082,20.09532322,87
932,Abbotsford - Mission,2003,3,Single-detached,233709.7266,45162.5,4.730769231,33.63692695,49.93104757,566
932,Abbotsford - Mission,2003,3,Townhouses,152333.3333,45162.5,4.730769231,21.92474091,32.71122748,135
944,Campbell River,2003,3,All housing types,144841.3897,49752.5,4.730769231,18.92323026,28.83969156,170
944,Campbell River,2003,3,Condos,92827.58621,49752.5,4.730769231,12.1277336,18.33500271,16
944,Campbell River,2003,3,Single-detached,148052.6316,49752.5,4.730769231,19.34277242,31.14048371,144
944,Campbell River,2003,3,Townhouses,114970.5882,49752.5,4.730769231,15.02067136,23.04827448,10
930,Chilliwack,2003,3,All housing types,171038.835,44197.5,4.730769231,25.15443253,35.74923238,440
930,Chilliwack,2003,3,Condos,83694.44444,44197.5,4.730769231,12.30882014,17.71905455,30
930,Chilliwack,2003,3,Single-detached,188813.4483,44197.5,4.730769231,27.76851904,42.84775906,314
930,Chilliwack,2003,3,Townhouses,136547.3684,44197.5,4.730769231,20.08182275,29.51804433,96
943,Courtenay,2003,3,All housing types,151283.8898,44205,4.730769231,22.24532663,33.29529423,369
943,Courtenay,2003,3,Condos,83875,44205,4.730769231,12.33328131,18.06257235,15
943,Courtenay,2003,3,Single-detached,164181.4465,44205,4.730769231,24.1418297,37.46374731,289
943,Courtenay,2003,3,Townhouses,115785.2041,44205,4.730769231,17.02547235,25.7004721,65
905,Cranbrook,2003,3,All housing types,117943.5976,47367.5,4.730769231,16.18495164,23.32692088,87
905,Cranbrook,2003,3,Single-detached,122279.1971,47367.5,4.730769231,16.77990948,24.79879355,72
975,Dawson Creek,2003,3,All housing types,104772.7273,48142.5,4.730769231,14.14611255,17.42873376,50
975,Dawson Creek,2003,3,Single-detached,104770.6422,48142.5,4.730769231,14.14583103,17.4035768,50
937,Duncan,2003,3,All housing types,162599.5989,43462.5,4.730769231,24.31768707,33.65613231,185
937,Duncan,2003,3,Single-detached,181011.7845,43462.5,4.730769231,27.07133327,37.87860121,149
937,Duncan,2003,3,Townhouses,137271.1864,43462.5,4.730769231,20.52968013,27.87876391,27
977,Fort St. John,2003,3,All housing types,144128.3019,58525,4.730769231,16.00756768,19.8313746,82
977,Fort St. John,2003,3,Single-detached,150820.3741,58525,4.730769231,16.75082072,21.34312718,73
925,Kamloops,2003,3,All housing types,155496.7241,49200,4.730769231,20.54346236,29.18144185,453
925,Kamloops,2003,3,Condos,105785.7143,49200,4.730769231,13.97588825,18.56500138,30
925,Kamloops,2003,3,Single-detached,160935.8108,49200,4.730769231,21.26204773,32.08712104,351
925,Kamloops,2003,3,Townhouses,138398.5075,49200,4.730769231,18.28453007,25.397242,72
915,Kelowna,2003,3,All housing types,205504.5552,45325,4.730769231,29.47142527,38.09482147,985
915,Kelowna,2003,3,Condos,145618.8088,45325,4.730769231,20.88320542,24.28880262,151
915,Kelowna,2003,3,Single-detached,222303.4082,45325,4.730769231,31.88055017,44.76537722,693
915,Kelowna,2003,3,Townhouses,169710.9375,45325,4.730769231,24.33825959,32.85366574,141
938,Nanaimo,2003,3,All housing types,158749.9283,44905,4.730769231,22.97927573,33.9915153,553
938,Nanaimo,2003,3,Condos,91955.73913,44905,4.730769231,13.31072276,21.40189008,48
938,Nanaimo,2003,3,Single-detached,170261.3309,44905,4.730769231,24.64556748,37.66249954,441
938,Nanaimo,2003,3,Townhouses,125240.9449,44905,4.730769231,18.12880318,27.46191196,64
939,Parksville,2003,3,All housing types,189604.712,43827.5,4.730769231,28.12029853,38.92321274,199
939,Parksville,2003,3,Condos,127857.1429,43827.5,4.730769231,18.96250883,25.29799068,11
939,Parksville,2003,3,Single-detached,190481.2469,43827.5,4.730769231,28.25029753,41.08315087,163
939,Parksville,2003,3,Townhouses,229347.8261,43827.5,4.730769231,34.01460474,35.70802608,25
913,Penticton,2003,3,All housing types,152323.6515,41080,4.730769231,24.10207348,34.46883108,258
913,Penticton,2003,3,Condos,105656.6265,41080,4.730769231,16.71798011,24.64960116,49
913,Penticton,2003,3,Single-detached,175068.2594,41080,4.730769231,27.70093818,41.62561139,150
913,Penticton,2003,3,Townhouses,122623.5849,41080,4.730769231,19.40265104,28.09446494,59
940,Port Alberni,2003,3,All housing types,112910.4478,44790,4.730769231,16.38591005,24.91984493,78
940,Port Alberni,2003,3,Single-detached,112913.3858,44790,4.730769231,16.38633643,25.47459468,74
945,Powell River,2003,3,All housing types,129299.0654,44797.5,4.730769231,18.76113493,28.39881449,61
945,Powell River,2003,3,Single-detached,131363.6364,44797.5,4.730769231,19.06070163,29.06419653,57
970,Prince George,2003,3,All housing types,125204.8077,53205,4.730769231,15.29628818,20.86631918,217
970,Prince George,2003,3,Single-detached,126775.3425,53205,4.730769231,15.48816063,21.62037066,203
955,Prince Rupert,2003,3,All housing types,102189.1892,43867.5,4.730769231,15.1418719,20.96060583,26
955,Prince Rupert,2003,3,Single-detached,102176.4706,43867.5,4.730769231,15.13998732,21.3614414,24
952,Quesnel,2003,3,All housing types,104605.8824,48290,4.730769231,14.08044566,19.12777887,30
952,Quesnel,2003,3,Single-detached,104605.8824,48290,4.730769231,14.08044566,19.38116486,30
934,Squamish,2003,3,All housing types,218536.8421,50577.5,4.730769231,28.08567096,35.74275125,43
934,Squamish,2003,3,Single-detached,267378.0488,50577.5,4.730769231,34.36258998,52.39203906,25
965,Terrace,2003,3,All housing types,125808.3333,47567.5,4.730769231,17.19161122,22.28508389,29
965,Terrace,2003,3,Single-detached,125780.7018,47567.5,4.730769231,17.18783539,22.91057037,28
933,Vancouver,2003,3,All housing types,286813.5434,47490,4.730769231,39.25680806,46.34979114,11585
933,Vancouver,2003,3,Condos,176624.8607,47490,4.730769231,24.17503781,33.52101857,3403
933,Vancouver,2003,3,Single-detached,351823.8324,47490,4.730769231,48.15491101,73.63157159,6152
933,Vancouver,2003,3,Townhouses,234770.1237,47490,4.730769231,32.13350937,42.89966917,2030
918,Vernon,2003,3,All housing types,162570.0165,44190,4.730769231,23.91299359,33.47993893,322
918,Vernon,2003,3,Condos,91248.14815,44190,4.730769231,13.42200997,17.73657873,33
918,Vernon,2003,3,Single-detached,175280.8989,44190,4.730769231,25.78268184,38.42228469,245
918,Vernon,2003,3,Townhouses,133401.2346,44190,4.730769231,19.62245521,28.34301195,44
935,Victoria,2003,3,All housing types,259289.3617,52897.5,4.730769231,31.86156108,38.89023417,1638
935,Victoria,2003,3,Condos,146283.3935,52897.5,4.730769231,17.97535096,25.16453563,317
935,Victoria,2003,3,Single-detached,284702.2472,52897.5,4.730769231,34.98430471,48.24432339,1104
935,Victoria,2003,3,Townhouses,222692.1046,52897.5,4.730769231,27.36447823,34.92562688,217
950,Williams Lake,2003,3,All housing types,72612.84404,47710,4.730769231,9.892852407,21.01542762,79
950,Williams Lake,2003,3,Condos,48500,47710,4.730769231,6.607692456,7.241330327,53
950,Williams Lake,2003,3,Single-detached,128547.1698,47710,4.730769231,17.51340545,22.05009043,24
932,Abbotsford - Mission,2003,4,All housing types,224047.6025,45320,4.5,31.38893961,39.8580484,651
932,Abbotsford - Mission,2003,4,Condos,86831.73653,45320,4.5,12.1650761,20.09532322,80
932,Abbotsford - Mission,2003,4,Single-detached,242650.7291,45320,4.5,33.99522689,49.93104757,475
932,Abbotsford - Mission,2003,4,Townhouses,159987.013,45320,4.5,22.41408805,32.71122748,96
944,Campbell River,2003,4,All housing types,148659.9327,50170,4.5,18.81378061,28.83969156,127
944,Campbell River,2003,4,Condos,95039.81481,50170,4.5,12.02784229,18.33500271,11
944,Campbell River,2003,4,Single-detached,152138.3399,50170,4.5,19.25399332,31.14048371,109
930,Chilliwack,2003,4,All housing types,172626.61,44410,4.5,24.68045793,35.74923238,383
930,Chilliwack,2003,4,Condos,82826.47059,44410,4.5,11.84171562,17.71905455,38
930,Chilliwack,2003,4,Single-detached,193228.9466,44410,4.5,27.62597776,42.84775906,248
930,Chilliwack,2003,4,Townhouses,144241.7098,44410,4.5,20.62226358,29.51804433,97
943,Courtenay,2003,4,All housing types,153549.1072,44470,4.5,21.92332444,33.29529423,256
943,Courtenay,2003,4,Condos,91892.85714,44470,4.5,13.12021253,18.06257235,13
943,Courtenay,2003,4,Single-detached,166997.0165,44470,4.5,23.84338039,37.46374731,197
943,Courtenay,2003,4,Townhouses,117042.7928,44470,4.5,16.71105203,25.7004721,46
905,Cranbrook,2003,4,All housing types,118547.0588,47620,4.5,15.80620598,23.32692088,66
905,Cranbrook,2003,4,Single-detached,124347.1074,47620,4.5,16.57954244,24.79879355,49
905,Cranbrook,2003,4,Townhouses,75100,47620,4.5,10.01328992,18.84060012,12
975,Dawson Creek,2003,4,All housing types,94759.03614,48540,4.5,12.39501645,17.42873376,33
975,Dawson Creek,2003,4,Single-detached,94939.02439,48540,4.5,12.41855992,17.4035768,32
937,Duncan,2003,4,All housing types,162016.0819,43650,4.5,23.56677318,33.65613231,157
937,Duncan,2003,4,Condos,82760,43650,4.5,12.03822562,15.67225183,16
937,Duncan,2003,4,Single-detached,181753.876,43650,4.5,26.43782222,37.87860121,109
937,Duncan,2003,4,Townhouses,131901.6949,43650,4.5,19.18635045,27.87876391,32
977,Fort St. John,2003,4,All housing types,145418.4397,59170,4.5,15.60429514,19.8313746,59
977,Fort St. John,2003,4,Single-detached,150512.1587,59170,4.5,16.15088259,21.34312718,53
925,Kamloops,2003,4,All housing types,154631.4526,49510,4.5,19.83038537,29.18144185,380
925,Kamloops,2003,4,Condos,80304.12371,49510,4.5,10.29843342,18.56500138,67
925,Kamloops,2003,4,Single-detached,162288.1579,49510,4.5,20.81230343,32.08712104,219
925,Kamloops,2003,4,Townhouses,165922.7892,49510,4.5,21.27841907,25.397242,94
915,Kelowna,2003,4,All housing types,212253.9194,45540,4.5,29.5929961,38.09482147,801
915,Kelowna,2003,4,Condos,136177.7049,45540,4.5,18.98625148,24.28880262,154
915,Kelowna,2003,4,Single-detached,232177.0767,45540,4.5,32.37073475,44.76537722,559
915,Kelowna,2003,4,Townhouses,178066.8472,45540,4.5,24.82654515,32.85366574,88
938,Nanaimo,2003,4,All housing types,166820.9614,45180,4.5,23.44394198,33.9915153,419
938,Nanaimo,2003,4,Condos,101249.1818,45180,4.5,14.22890699,21.40189008,40
938,Nanaimo,2003,4,Single-detached,177118.9521,45180,4.5,24.89115518,37.66249954,332
938,Nanaimo,2003,4,Townhouses,121726.1261,45180,4.5,17.10660467,27.46191196,47
939,Parksville,2003,4,All housing types,199570.6052,44210,4.5,28.66172364,38.92321274,148
939,Parksville,2003,4,Single-detached,202720.2837,44210,4.5,29.1140709,41.08315087,126
939,Parksville,2003,4,Townhouses,213682.9268,44210,4.5,30.68849237,35.70802608,16
913,Penticton,2003,4,All housing types,158219.1781,41160,4.5,24.40675281,34.46883108,180
913,Penticton,2003,4,Condos,131488.8889,41160,4.5,20.28336165,24.64960116,41
913,Penticton,2003,4,Single-detached,183583.3333,41160,4.5,28.31940534,41.62561139,102
913,Penticton,2003,4,Townhouses,124855.2083,41160,4.5,19.26005586,28.09446494,37
940,Port Alberni,2003,4,All housing types,112714.2857,44720,4.5,16.00307398,24.91984493,48
940,Port Alberni,2003,4,Single-detached,112700,44720,4.5,16.00104571,25.47459468,46
945,Powell River,2003,4,All housing types,125245.8333,44480,4.5,17.87823958,28.39881449,59
945,Powell River,2003,4,Single-detached,125491.0714,44480,4.5,17.91324614,29.06419653,55
970,Prince George,2003,4,All housing types,121651.8855,53500,4.5,14.43747706,20.86631918,141
970,Prince George,2003,4,Single-detached,123046.8085,53500,4.5,14.60302459,21.62037066,126
970,Prince George,2003,4,Townhouses,88840.90909,53500,4.5,10.54351588,15.88118112,14
955,Prince Rupert,2003,4,All housing types,103037.7358,43900,4.5,14.90246229,20.96060583,27
955,Prince Rupert,2003,4,Single-detached,103000,43900,4.5,14.89700451,21.3614414,24
952,Quesnel,2003,4,All housing types,109636.3636,48620,4.5,14.31745784,19.12777887,36
952,Quesnel,2003,4,Single-detached,109636.3636,48620,4.5,14.31745784,19.38116486,36
934,Squamish,2003,4,All housing types,228451.2195,50560,4.5,28.68881832,35.74275125,39
934,Squamish,2003,4,Single-detached,296280.5714,50560,4.5,37.20680285,52.39203906,10
934,Squamish,2003,4,Townhouses,203500,50560,4.5,25.55545355,35.812071,21
965,Terrace,2003,4,All housing types,128650,47710,4.5,17.12090111,22.28508389,31
965,Terrace,2003,4,Single-detached,128655.1724,47710,4.5,17.12158946,22.91057037,30
933,Vancouver,2003,4,All housing types,289103.859,47640,4.5,38.53083144,46.34979114,9405
933,Vancouver,2003,4,Condos,181528.2094,47640,4.5,24.19349525,33.52101857,3226
933,Vancouver,2003,4,Single-detached,357134.6064,47640,4.5,47.59775041,73.63157159,4583
933,Vancouver,2003,4,Townhouses,238081.0811,47640,4.5,31.73067989,42.89966917,1596
918,Vernon,2003,4,All housing types,166675.2197,44550,4.5,23.75470123,33.47993893,247
918,Vernon,2003,4,Condos,94821.42857,44550,4.5,13.51403472,17.73657873,37
918,Vernon,2003,4,Single-detached,182573.4266,44550,4.5,26.02052788,38.42228469,184
918,Vernon,2003,4,Townhouses,135650,44550,4.5,19.3329592,28.34301195,26
935,Victoria,2003,4,All housing types,265905.9147,53170,4.5,31.75320609,38.89023417,1177
935,Victoria,2003,4,Condos,149377.2968,53170,4.5,17.83791871,25.16453563,249
935,Victoria,2003,4,Single-detached,296969.0005,53170,4.5,35.46261047,48.24432339,767
935,Victoria,2003,4,Townhouses,226069.5093,53170,4.5,26.99613405,34.92562688,161
950,Williams Lake,2003,4,All housing types,67415.65217,47880,4.5,8.939903753,21.01542762,36
950,Williams Lake,2003,4,Condos,48470.45455,47880,4.5,6.42760523,7.241330327,13
950,Williams Lake,2003,4,Single-detached,126674.4186,47880,4.5,16.79813328,22.05009043,19
932,Abbotsford - Mission,2004,1,All housing types,229391.819,45877.5,4.192307692,30.75633257,39.8580484,567
932,Abbotsford - Mission,2004,1,Condos,86097.4026,45877.5,4.192307692,11.54374362,20.09532322,74
932,Abbotsford - Mission,2004,1,Single-detached,252980.4147,45877.5,4.192307692,33.919037761766504,49.93104757,393
932,Abbotsford - Mission,2004,1,Townhouses,177459.1837,45877.5,4.192307692,23.79332312,32.71122748,100
944,Campbell River,2004,1,All housing types,148463.2035,50700,4.192307692,18.01221968,28.83969156,104
944,Campbell River,2004,1,Condos,100955.9524,50700,4.192307692,12.24842755,18.33500271,10
944,Campbell River,2004,1,Single-detached,154146.4646,50700,4.192307692,18.70173834,31.14048371,89
930,Chilliwack,2004,1,All housing types,173678.9313,44920,4.192307692,23.78284238,35.74923238,272
930,Chilliwack,2004,1,Condos,85162.12121,44920,4.192307692,11.66173289,17.71905455,28
930,Chilliwack,2004,1,Single-detached,195768.9231,44920,4.192307692,26.8077504,42.84775906,181
930,Chilliwack,2004,1,Townhouses,147627.1875,44920,4.192307692,20.21542915,29.51804433,63
943,Courtenay,2004,1,All housing types,155884.2158,45032.5,4.192307692,21.29278416,33.29529423,226
943,Courtenay,2004,1,Condos,76237.83784,45032.5,4.192307692,10.41359972,18.06257235,24
943,Courtenay,2004,1,Single-detached,172256.2674,45032.5,4.192307692,23.52910142,37.46374731,162
943,Courtenay,2004,1,Townhouses,118959.3023,45032.5,4.192307692,16.24907779,25.7004721,40
905,Cranbrook,2004,1,All housing types,114291.6149,48135,4.192307692,14.60527572,23.32692088,95
905,Cranbrook,2004,1,Condos,58033.33333,48135,4.192307692,7.416054407,10.88601116,40
905,Cranbrook,2004,1,Single-detached,129745,48135,4.192307692,16.58005708,24.79879355,51
975,Dawson Creek,2004,1,All housing types,80754.71698,49215,4.192307692,10.09315115,17.42873376,20
975,Dawson Creek,2004,1,Single-detached,80745.09804,49215,4.192307692,10.09194892,17.4035768,19
937,Duncan,2004,1,All housing types,159176.5734,44065,4.192307692,22.21988178,33.65613231,129
937,Duncan,2004,1,Single-detached,174448.9796,44065,4.192307692,24.35179763,37.87860121,87
937,Duncan,2004,1,Townhouses,127290.9091,44065,4.192307692,17.76887699,27.87876391,34
977,Fort St. John,2004,1,All housing types,140900,59662.5,4.192307692,14.52666471,19.8313746,51
977,Fort St. John,2004,1,Single-detached,152635.2941,59662.5,4.192307692,15.7365631,21.34312718,32
977,Fort St. John,2004,1,Townhouses,94100,59662.5,4.192307692,9.701626327,16.34879797,18
925,Kamloops,2004,1,All housing types,154617.5549,50160,4.192307692,18.96084291,29.18144185,258
925,Kamloops,2004,1,Condos,81613.63636,50160,4.192307692,10.00832887,18.56500138,21
925,Kamloops,2004,1,Single-detached,162635.8561,50160,4.192307692,19.94413197,32.08712104,184
925,Kamloops,2004,1,Townhouses,170484.2381,50160,4.192307692,20.90658374,25.397242,53
915,Kelowna,2004,1,All housing types,216687.6806,46167.5,4.192307692,28.870495,38.09482147,583
915,Kelowna,2004,1,Condos,156898.4276,46167.5,4.192307692,20.90444301,24.28880262,136
915,Kelowna,2004,1,Single-detached,237814.9733,46167.5,4.192307692,31.68540075,44.76537722,376
915,Kelowna,2004,1,Townhouses,197731.4969,46167.5,4.192307692,26.34485807,32.85366574,71
938,Nanaimo,2004,1,All housing types,172722.2149,45695,4.192307692,23.25069204,33.9915153,335
938,Nanaimo,2004,1,Condos,106839.7436,45695,4.192307692,14.382041,21.40189008,38
938,Nanaimo,2004,1,Single-detached,182138.0306,45695,4.192307692,24.51818523,37.66249954,257
938,Nanaimo,2004,1,Townhouses,125770.1149,45695,4.192307692,16.93031908,27.46191196,40
939,Parksville,2004,1,All housing types,214519.7842,44767.5,4.192307692,29.47547932,38.92321274,130
939,Parksville,2004,1,Single-detached,216092.3077,44767.5,4.192307692,29.69154743,41.08315087,108
939,Parksville,2004,1,Townhouses,211060.6061,44767.5,4.192307692,29.00018081,35.70802608,17
913,Penticton,2004,1,All housing types,161422.293,41802.5,4.192307692,23.75295378,34.46883108,134
913,Penticton,2004,1,Condos,135784.6154,41802.5,4.192307692,19.98042298,24.64960116,24
913,Penticton,2004,1,Single-detached,181247.093,41802.5,4.192307692,26.67013176,41.62561139,70
913,Penticton,2004,1,Townhouses,124675.3247,41802.5,4.192307692,18.34571402,28.09446494,40
940,Port Alberni,2004,1,All housing types,112000,45120,4.192307692,15.26881379,24.91984493,48
940,Port Alberni,2004,1,Single-detached,112000,45120,4.192307692,15.26881379,25.47459468,46
945,Powell River,2004,1,All housing types,117711.5385,44927.5,4.192307692,16.11621862,28.39881449,45
945,Powell River,2004,1,Single-detached,118805.5556,44927.5,4.192307692,16.26600358,29.06419653,35
970,Prince George,2004,1,All housing types,120796.875,54010,4.192307692,13.75744829,20.86631918,115
970,Prince George,2004,1,Single-detached,123262.8319,54010,4.192307692,14.03829391,21.62037066,100
955,Prince Rupert,2004,1,All housing types,96693.87755,44240,4.192307692,13.44436285,20.96060583,22
955,Prince Rupert,2004,1,Single-detached,96152.17391,44240,4.192307692,13.36904412,21.3614414,22
952,Quesnel,2004,1,All housing types,119914.8936,49000,4.192307692,15.05335881,19.12777887,11
952,Quesnel,2004,1,Single-detached,119914.8936,49000,4.192307692,15.05335881,19.38116486,11
920,Salmon Arm,2004,1,All housing types,159262.0632,45356.63847,4.192307692,21.59871155,34.91041316,43
920,Salmon Arm,2004,1,Single-detached,168970.1493,45356.63847,4.192307692,22.91529722,37.57179298,27
934,Squamish,2004,1,All housing types,238565.1111,51452.5,4.192307692,28.52047908,35.74275125,42
934,Squamish,2004,1,Single-detached,339931.9048,51452.5,4.192307692,40.63888778,52.39203906,11
934,Squamish,2004,1,Townhouses,228470.4545,51452.5,4.192307692,27.31366204,35.812071,23
965,Terrace,2004,1,All housing types,130391.3043,48252.5,4.192307692,16.6220727,22.28508389,15
965,Terrace,2004,1,Single-detached,130333.3333,48252.5,4.192307692,16.61468265,22.91057037,15
933,Vancouver,2004,1,All housing types,293554.2779,48107.5,4.192307692,37.5346173,46.34979114,8232
933,Vancouver,2004,1,Condos,190904.1977,48107.5,4.192307692,24.40950973,33.52101857,2944
933,Vancouver,2004,1,Single-detached,371498.3502,48107.5,4.192307692,47.50075012,73.63157159,3903
933,Vancouver,2004,1,Townhouses,245484.5689,48107.5,4.192307692,31.38829866,42.89966917,1385
918,Vernon,2004,1,All housing types,165313.9831,45105,4.192307692,22.54453436,33.47993893,225
918,Vernon,2004,1,Condos,113472.7273,45105,4.192307692,15.4747333,17.73657873,62
918,Vernon,2004,1,Single-detached,183981.25,45105,4.192307692,25.09026481,38.42228469,136
918,Vernon,2004,1,Townhouses,149867.9245,45105,4.192307692,20.43809309,28.34301195,27
935,Victoria,2004,1,All housing types,272687.9767,53707.5,4.192307692,31.23110997,38.89023417,973
935,Victoria,2004,1,Condos,154725.9073,53707.5,4.192307692,17.72084667,25.16453563,247
935,Victoria,2004,1,Single-detached,309596.1538,53707.5,4.192307692,35.45822461,48.24432339,585
935,Victoria,2004,1,Townhouses,246102.5132,53707.5,4.192307692,28.18626163,34.92562688,141
950,Williams Lake,2004,1,All housing types,105122.7848,48455,4.192307692,13.34487857,21.01542762,43
950,Williams Lake,2004,1,Condos,48265,48455,4.192307692,6.127031028,7.241330327,17
950,Williams Lake,2004,1,Single-detached,125279.0698,48455,4.192307692,15.90363095,22.05009043,24
932,Abbotsford - Mission,2004,2,All housing types,241632.4617,46435,3.769230769,30.61895768,39.8580484,922
932,Abbotsford - Mission,2004,2,Condos,96592.17877,46435,3.769230769,12.23987792,20.09532322,105
932,Abbotsford - Mission,2004,2,Single-detached,261631.844,46435,3.769230769,33.15322082,49.93104757,684
932,Abbotsford - Mission,2004,2,Townhouses,182619.5279,46435,3.769230769,23.14101159,32.71122748,133
944,Campbell River,2004,2,All housing types,145662.4041,51230,3.769230769,16.73029857,28.83969156,287
944,Campbell River,2004,2,Condos,75873.9726,51230,3.769230769,8.714631779,18.33500271,63
944,Campbell River,2004,2,Single-detached,159396.6102,51230,3.769230769,18.30776374,31.14048371,206
944,Campbell River,2004,2,Townhouses,108960.8696,51230,3.769230769,12.51488256,23.04827448,18
930,Chilliwack,2004,2,All housing types,185093.1619,45430,3.769230769,23.9733216,35.74923238,525
930,Chilliwack,2004,2,Condos,90766.66667,45430,3.769230769,11.75612577,17.71905455,47
930,Chilliwack,2004,2,Single-detached,218608.4906,45430,3.769230769,28.31423698,42.84775906,349
930,Chilliwack,2004,2,Townhouses,147900,45430,3.769230769,19.15605217,29.51804433,129
943,Courtenay,2004,2,All housing types,162757.9505,45595,3.769230769,21.00417202,33.29529423,340
943,Courtenay,2004,2,Condos,74036.73469,45595,3.769230769,9.554558203,18.06257235,25
943,Courtenay,2004,2,Single-detached,179743.7186,45595,3.769230769,23.19621237,37.46374731,236
943,Courtenay,2004,2,Townhouses,124421.0084,45595,3.769230769,16.05672875,25.7004721,79
905,Cranbrook,2004,2,All housing types,113931.8182,48650,3.769230769,13.77979502,23.32692088,114
905,Cranbrook,2004,2,Condos,56133.33333,48650,3.769230769,6.789199363,10.88601116,20
905,Cranbrook,2004,2,Single-detached,125050,48650,3.769230769,15.1245139,24.79879355,89
975,Dawson Creek,2004,2,All housing types,95231.70732,49890,3.769230769,11.23178135,17.42873376,62
975,Dawson Creek,2004,2,Single-detached,95395.06173,49890,3.769230769,11.25104763,17.4035768,62
937,Duncan,2004,2,All housing types,174009.0909,44480,3.769230769,23.01906787,33.65613231,201
937,Duncan,2004,2,Condos,74904,44480,3.769230769,9.908794138,15.67225183,17
937,Duncan,2004,2,Single-detached,191187.5,44480,3.769230769,25.2915409,37.87860121,145
937,Duncan,2004,2,Townhouses,138407.7671,44480,3.769230769,18.30949044,27.87876391,39
977,Fort St. John,2004,2,All housing types,146754.386,60155,3.769230769,14.3548921,19.8313746,120
977,Fort St. John,2004,2,Single-detached,158407.7953,60155,3.769230769,15.49477921,21.34312718,95
977,Fort St. John,2004,2,Townhouses,99902.43902,60155,3.769230769,9.772033206,16.34879797,23
925,Kamloops,2004,2,All housing types,160436.3636,50810,3.769230769,18.57950713,29.18144185,567
925,Kamloops,2004,2,Condos,89587.37864,50810,3.769230769,10.37476357,18.56500138,82
925,Kamloops,2004,2,Single-detached,171564.2857,50810,3.769230769,19.86818822,32.08712104,376
925,Kamloops,2004,2,Townhouses,142336.4198,50810,3.769230769,16.48342349,25.397242,109
915,Kelowna,2004,2,All housing types,239735.489,46795,3.769230769,30.1448725,38.09482147,1002
915,Kelowna,2004,2,Condos,161749.3542,46795,3.769230769,20.33872282,24.28880262,183
915,Kelowna,2004,2,Single-detached,256895.0328,46795,3.769230769,32.30255164,44.76537722,691
915,Kelowna,2004,2,Townhouses,206422.1106,46795,3.769230769,25.95597436,32.85366574,128
938,Nanaimo,2004,2,All housing types,181689.9333,46210,3.769230769,23.13531786,33.9915153,564
938,Nanaimo,2004,2,Condos,106430.4348,46210,3.769230769,13.55221996,21.40189008,77
938,Nanaimo,2004,2,Single-detached,196199.269,46210,3.769230769,24.98285057,37.66249954,427
938,Nanaimo,2004,2,Townhouses,140200,46210,3.769230769,17.85223599,27.46191196,60
939,Parksville,2004,2,All housing types,221275.8152,45325,3.769230769,28.72610282,38.92321274,238
939,Parksville,2004,2,Condos,129921.0526,45325,3.769230769,16.86639596,25.29799068,14
939,Parksville,2004,2,Single-detached,223021.4286,45325,3.769230769,28.95271895,41.08315087,186
939,Parksville,2004,2,Townhouses,237178.6,45325,3.769230769,30.79060784,35.70802608,38
913,Penticton,2004,2,All housing types,162559.6685,42445,3.769230769,22.53548146,34.46883108,228
913,Penticton,2004,2,Condos,116483.0508,42445,3.769230769,16.14792683,24.64960116,35
913,Penticton,2004,2,Single-detached,190507.0093,42445,3.769230769,26.40979289,41.62561139,144
913,Penticton,2004,2,Townhouses,132853.9326,42445,3.769230769,18.41740551,28.09446494,49
940,Port Alberni,2004,2,All housing types,105543.4783,45520,3.769230769,13.6429951,24.91984493,90
940,Port Alberni,2004,2,Single-detached,105630.7692,45520,3.769230769,13.6542787,25.47459468,84
945,Powell River,2004,2,All housing types,126745.4545,45375,3.769230769,16.43600744,28.39881449,87
945,Powell River,2004,2,Single-detached,128717.3913,45375,3.769230769,16.69172286,29.06419653,80
970,Prince George,2004,2,All housing types,127357.1429,54520,3.769230769,13.74510413,20.86631918,305
970,Prince George,2004,2,Single-detached,129350.6494,54520,3.769230769,13.96025464,21.62037066,285
970,Prince George,2004,2,Townhouses,91916.66667,54520,3.769230769,9.920167226,15.88118112,16
955,Prince Rupert,2004,2,All housing types,108534.4828,44580,3.769230769,14.32544926,20.96060583,36
955,Prince Rupert,2004,2,Single-detached,108534.4828,44580,3.769230769,14.32544926,21.3614414,36
952,Quesnel,2004,2,All housing types,108223.8806,49380,3.769230769,12.89592773,19.12777887,56
952,Quesnel,2004,2,Single-detached,108446.1538,49380,3.769230769,12.92241375,19.38116486,54
920,Salmon Arm,2004,2,All housing types,161833.3333,45356.63847,3.769230769,20.99460429,34.91041316,86
920,Salmon Arm,2004,2,Condos,94147.05882,45356.63847,3.769230769,12.21367814,18.83347001,10
920,Salmon Arm,2004,2,Single-detached,172843.1818,45356.63847,3.769230769,22.42290962,37.57179298,61
920,Salmon Arm,2004,2,Townhouses,129687.5,45356.63847,3.769230769,16.82433209,27.50382689,15
934,Squamish,2004,2,All housing types,261898.2136,52345,3.769230769,29.4400068,35.74275125,61
934,Squamish,2004,2,Single-detached,342366.0714,52345,3.769230769,38.48540748,52.39203906,17
934,Squamish,2004,2,Townhouses,250585.2459,52345,3.769230769,28.16831486,35.812071,38
965,Terrace,2004,2,All housing types,121869.5652,48795,3.769230769,14.69604636,22.28508389,54
965,Terrace,2004,2,Single-detached,123454.5455,48795,3.769230769,14.88717647,22.91057037,51
933,Vancouver,2004,2,All housing types,308104.4697,48575,3.769230769,37.32207347,46.34979114,11456
933,Vancouver,2004,2,Condos,195332.7103,48575,3.769230769,23.66152549,33.52101857,3904
933,Vancouver,2004,2,Single-detached,397667.8654,48575,3.769230769,48.17128846,73.63157159,5511
933,Vancouver,2004,2,Townhouses,258365.1842,48575,3.769230769,31.29693118,42.89966917,2041
918,Vernon,2004,2,All housing types,173621.2575,45660,3.769230769,22.37420249,33.47993893,443
918,Vernon,2004,2,Condos,101665.3333,45660,3.769230769,13.10139546,17.73657873,88
918,Vernon,2004,2,Single-detached,196346.3357,45660,3.769230769,25.30273502,38.42228469,287
918,Vernon,2004,2,Townhouses,156630.5263,45660,3.769230769,20.18464307,28.34301195,68
935,Victoria,2004,2,All housing types,287666.7989,54245,3.769230769,31.20402384,38.89023417,1548
935,Victoria,2004,2,Condos,166532.6087,54245,3.769230769,18.06425876,25.16453563,351
935,Victoria,2004,2,Single-detached,323011.5163,54245,3.769230769,35.03796439,48.24432339,978
935,Victoria,2004,2,Townhouses,258744.1667,54245,3.769230769,28.06670487,34.92562688,219
950,Williams Lake,2004,2,All housing types,115958.2524,49030,3.769230769,13.91618977,21.01542762,60
950,Williams Lake,2004,2,Single-detached,124461.5385,49030,3.769230769,14.93667205,22.05009043,54
932,Abbotsford - Mission,2004,3,All housing types,248895.4172,46992.5,3.807692308,31.29231963,39.8580484,780
932,Abbotsford - Mission,2004,3,Condos,104027.7778,46992.5,3.807692308,13.07886867,20.09532322,111
932,Abbotsford - Mission,2004,3,Single-detached,271249.5842,46992.5,3.807692308,34.10279218,49.93104757,528
932,Abbotsford - Mission,2004,3,Townhouses,184121.7153,46992.5,3.807692308,23.14866072,32.71122748,141
944,Campbell River,2004,3,All housing types,152115.942,51760,3.807692308,17.36320414,28.83969156,196
944,Campbell River,2004,3,Condos,75655.26316,51760,3.807692308,8.635635166,18.33500271,13
944,Campbell River,2004,3,Single-detached,164462.3656,51760,3.807692308,18.77248097,31.14048371,166
944,Campbell River,2004,3,Townhouses,115217.1429,51760,3.807692308,13.1514077,23.04827448,17
930,Chilliwack,2004,3,All housing types,199418.6166,45940,3.807692308,25.64626443,35.74923238,526
930,Chilliwack,2004,3,Condos,91971.26437,45940,3.807692308,11.82797979,17.71905455,40
930,Chilliwack,2004,3,Single-detached,234443.6416,45940,3.807692308,30.15066362,42.84775906,343
930,Chilliwack,2004,3,Townhouses,157941.5441,45940,3.807692308,20.31209861,29.51804433,143
943,Courtenay,2004,3,All housing types,176698.762,46157.5,3.807692308,22.61729362,33.29529423,387
943,Courtenay,2004,3,Condos,83229.16667,46157.5,3.807692308,10.65326366,18.06257235,23
943,Courtenay,2004,3,Single-detached,199511.194,46157.5,3.807692308,25.53726581,37.46374731,300
943,Courtenay,2004,3,Townhouses,130532.1678,46157.5,3.807692308,16.70800821,25.7004721,64
905,Cranbrook,2004,3,All housing types,122780,49165,3.807692308,14.75438097,23.32692088,111
905,Cranbrook,2004,3,Single-detached,129986.413,49165,3.807692308,15.62037025,24.79879355,95
975,Dawson Creek,2004,3,All housing types,106939.0244,50565,3.807692308,12.49498139,17.42873376,61
975,Dawson Creek,2004,3,Single-detached,106939.0244,50565,3.807692308,12.49498139,17.4035768,61
937,Duncan,2004,3,All housing types,188689.6092,44895,3.807692308,24.8312977,33.65613231,179
937,Duncan,2004,3,Condos,73365.78947,44895,3.807692308,9.654838797,15.67225183,21
937,Duncan,2004,3,Single-detached,214685.6618,44895,3.807692308,28.25234311,37.87860121,127
937,Duncan,2004,3,Townhouses,149658.1,44895,3.807692308,19.69480381,27.87876391,31
977,Fort St. John,2004,3,All housing types,153526.3158,60647.5,3.807692308,14.95613348,19.8313746,108
977,Fort St. John,2004,3,Condos,67071.875,60647.5,3.807692308,6.533967225,10.70806892,14
977,Fort St. John,2004,3,Single-detached,161678.8,60647.5,3.807692308,15.75032724,21.34312718,80
977,Fort St. John,2004,3,Townhouses,115297.2973,60647.5,3.807692308,11.23196215,16.34879797,14
925,Kamloops,2004,3,All housing types,166390.2439,51460,3.807692308,19.10325989,29.18144185,540
925,Kamloops,2004,3,Condos,98003.67647,51460,3.807692308,11.25179973,18.56500138,54
925,Kamloops,2004,3,Single-detached,180216.1899,51460,3.807692308,20.69061641,32.08712104,393
925,Kamloops,2004,3,Townhouses,147334.1584,51460,3.807692308,16.91543117,25.397242,93
915,Kelowna,2004,3,All housing types,253506.4806,47422.5,3.807692308,31.58304713,38.09482147,1004
915,Kelowna,2004,3,Condos,168069.0051,47422.5,3.807692308,20.93883871,24.28880262,209
915,Kelowna,2004,3,Single-detached,274514.4158,47422.5,3.807692308,34.20031595,44.76537722,627
915,Kelowna,2004,3,Townhouses,216459.4595,47422.5,3.807692308,26.96755244,32.85366574,168
938,Nanaimo,2004,3,All housing types,196506.9767,46725,3.807692308,24.84723524,33.9915153,511
938,Nanaimo,2004,3,Condos,110976.192,46725,3.807692308,14.03233409,21.40189008,48
938,Nanaimo,2004,3,Single-detached,210583.134,46725,3.807692308,26.62708853,37.66249954,409
938,Nanaimo,2004,3,Townhouses,148815.7895,46725,3.807692308,18.81694477,27.46191196,54
939,Parksville,2004,3,All housing types,229043.6739,45882.5,3.807692308,29.49311441,38.92321274,222
939,Parksville,2004,3,Condos,131250,45882.5,3.807692308,16.90058145,25.29799068,14
939,Parksville,2004,3,Single-detached,231679.8319,45882.5,3.807692308,29.83256282,41.08315087,171
939,Parksville,2004,3,Townhouses,242557.64,45882.5,3.807692308,31.23325829,35.70802608,37
913,Penticton,2004,3,All housing types,178089.6552,43087.5,3.807692308,24.41950207,34.46883108,207
913,Penticton,2004,3,Condos,128076.2712,43087.5,3.807692308,17.56170939,24.64960116,24
913,Penticton,2004,3,Single-detached,209910.8303,43087.5,3.807692308,28.78279455,41.62561139,133
913,Penticton,2004,3,Townhouses,134737.3737,43087.5,3.807692308,18.47507411,28.09446494,50
940,Port Alberni,2004,3,All housing types,109481.3084,45920,3.807692308,14.08599426,24.91984493,124
940,Port Alberni,2004,3,Single-detached,110722.7723,45920,3.807692308,14.24572247,25.47459468,118
945,Powell River,2004,3,All housing types,128116.7598,45822.5,3.807692308,16.51872693,28.39881449,92
945,Powell River,2004,3,Single-detached,129000,45822.5,3.807692308,16.63260746,29.06419653,80
970,Prince George,2004,3,All housing types,130984.6656,55030,3.807692308,14.06275305,20.86631918,308
970,Prince George,2004,3,Single-detached,132205.3097,55030,3.807692308,14.19380364,21.62037066,280
970,Prince George,2004,3,Townhouses,115487.1795,55030,3.807692308,12.39891462,15.88118112,23
955,Prince Rupert,2004,3,All housing types,112336.9565,44920,3.807692308,14.77516412,20.96060583,56
955,Prince Rupert,2004,3,Single-detached,112475,44920,3.807692308,14.79332034,21.3614414,54
952,Quesnel,2004,3,All housing types,103361.1111,49760,3.807692308,12.27230684,19.12777887,70
952,Quesnel,2004,3,Single-detached,103384.1463,49760,3.807692308,12.27504186,19.38116486,69
920,Salmon Arm,2004,3,All housing types,177923.2804,45356.63847,3.807692308,23.17615169,34.91041316,103
920,Salmon Arm,2004,3,Condos,109523.8095,45356.63847,3.807692308,14.26648844,18.83347001,11
920,Salmon Arm,2004,3,Single-detached,184253.1469,45356.63847,3.807692308,24.00067529,37.57179298,82
920,Salmon Arm,2004,3,Townhouses,134440,45356.63847,3.807692308,17.51205253,27.50382689,10
934,Squamish,2004,3,All housing types,257046.4902,53237.5,3.807692308,28.52616781,35.74275125,41
934,Squamish,2004,3,Condos,145833.3333,53237.5,3.807692308,16.18410015,24.02183276,12
934,Squamish,2004,3,Single-detached,342800,53237.5,3.807692308,38.0428082,52.39203906,13
934,Squamish,2004,3,Townhouses,250703.7037,53237.5,3.807692308,27.82226638,35.812071,16
965,Terrace,2004,3,All housing types,124699.505,49337.5,3.807692308,14.93265384,22.28508389,47
965,Terrace,2004,3,Single-detached,125789.0625,49337.5,3.807692308,15.06312738,22.91057037,45
933,Vancouver,2004,3,All housing types,323678.988,49042.5,3.807692308,38.99341881,46.34979114,10391
933,Vancouver,2004,3,Condos,200495.4002,49042.5,3.807692308,24.15356388,33.52101857,3379
933,Vancouver,2004,3,Single-detached,414929.5843,49042.5,3.807692308,49.98632491,73.63157159,5062
933,Vancouver,2004,3,Townhouses,271474.9739,49042.5,3.807692308,32.70443171,42.89966917,1950
918,Vernon,2004,3,All housing types,193404.9383,46215,3.807692308,24.72486956,33.47993893,367
918,Vernon,2004,3,Condos,111242.8571,46215,3.807692308,14.22127665,17.73657873,66
918,Vernon,2004,3,Single-detached,212531.0786,46215,3.807692308,27.16995359,38.42228469,260
918,Vernon,2004,3,Townhouses,160581.6514,46215,3.807692308,20.52874358,28.34301195,41
935,Victoria,2004,3,All housing types,302481.1515,54782.5,3.807692308,32.62164654,38.89023417,1561
935,Victoria,2004,3,Condos,174896.9613,54782.5,3.807692308,18.8620905,25.16453563,373
935,Victoria,2004,3,Single-detached,339532.1101,54782.5,3.807692308,36.6174766,48.24432339,984
935,Victoria,2004,3,Townhouses,258060.2837,54782.5,3.807692308,27.83099482,34.92562688,204
950,Williams Lake,2004,3,All housing types,131323.5294,49605,3.807692308,15.64107145,21.01542762,42
950,Williams Lake,2004,3,Single-detached,133758.2418,49605,3.807692308,15.93105383,22.05009043,37
932,Abbotsford - Mission,2004,4,All housing types,254118.312,47550,4.211538462,32.93885794,39.8580484,547
932,Abbotsford - Mission,2004,4,Condos,107153.0303,47550,4.211538462,13.88919364,20.09532322,87
932,Abbotsford - Mission,2004,4,Single-detached,279753.0187,47550,4.211538462,36.26163289,49.93104757,383
932,Abbotsford - Mission,2004,4,Townhouses,192850,47550,4.211538462,24.99724913,32.71122748,77
944,Campbell River,2004,4,All housing types,164716,52290,4.211538462,19.41512728,28.83969156,179
944,Campbell River,2004,4,Condos,144384.7826,52290,4.211538462,17.01868022,18.33500271,33
944,Campbell River,2004,4,Single-detached,169735.3535,52290,4.211538462,20.00676008,31.14048371,131
944,Campbell River,2004,4,Townhouses,125203.125,52290,4.211538462,14.75773214,23.04827448,15
930,Chilliwack,2004,4,All housing types,210339.0843,46450,4.211538462,27.90984066,35.74923238,352
930,Chilliwack,2004,4,Condos,82753.24675,46450,4.211538462,10.98050768,17.71905455,37
930,Chilliwack,2004,4,Single-detached,242172.2913,46450,4.211538462,32.13378097,42.84775906,220
930,Chilliwack,2004,4,Townhouses,170789.2227,46450,4.211538462,22.66197939,29.51804433,95
943,Courtenay,2004,4,All housing types,183482.6923,46720,4.211538462,24.20557293,33.29529423,263
943,Courtenay,2004,4,Condos,91258.06452,46720,4.211538462,12.03903054,18.06257235,39
943,Courtenay,2004,4,Single-detached,211453.6534,46720,4.211538462,27.89558386,37.46374731,179
943,Courtenay,2004,4,Townhouses,134908.2569,46720,4.211538462,17.79749147,25.7004721,45
905,Cranbrook,2004,4,All housing types,129578.125,49680,4.211538462,16.07582244,23.32692088,81
905,Cranbrook,2004,4,Single-detached,137812.5,49680,4.211538462,17.0974019,24.79879355,65
975,Dawson Creek,2004,4,All housing types,112639.4231,51240,4.211538462,13.54891109,17.42873376,43
975,Dawson Creek,2004,4,Single-detached,112639.4231,51240,4.211538462,13.54891109,17.4035768,43
937,Duncan,2004,4,All housing types,192564.0111,45310,4.211538462,26.19414083,33.65613231,136
937,Duncan,2004,4,Condos,78063.15789,45310,4.211538462,10.61879289,15.67225183,17
937,Duncan,2004,4,Single-detached,224401.7857,45310,4.211538462,30.52497683,37.87860121,97
937,Duncan,2004,4,Townhouses,153250.9434,45310,4.211538462,20.84645397,27.87876391,22
977,Fort St. John,2004,4,All housing types,164131.5789,61140,4.211538462,16.54587769,19.8313746,82
977,Fort St. John,2004,4,Single-detached,172910.9589,61140,4.211538462,17.43091485,21.34312718,66
977,Fort St. John,2004,4,Townhouses,125500,61140,4.211538462,12.65148159,16.34879797,14
925,Kamloops,2004,4,All housing types,176593.2755,52110,4.211538462,20.88700571,29.18144185,382
925,Kamloops,2004,4,Condos,116726.7442,52110,4.211538462,13.80614389,18.56500138,32
925,Kamloops,2004,4,Single-detached,185813.4273,52110,4.211538462,21.97754193,32.08712104,281
925,Kamloops,2004,4,Townhouses,168425.5463,52110,4.211538462,19.92094737,25.397242,69
915,Kelowna,2004,4,All housing types,256985.319,48050,4.211538462,32.96385676,38.09482147,761
915,Kelowna,2004,4,Condos,181295.5882,48050,4.211538462,23.25503194,24.28880262,165
915,Kelowna,2004,4,Single-detached,280967.4296,48050,4.211538462,36.04007474,44.76537722,509
915,Kelowna,2004,4,Townhouses,222347.0588,48050,4.211538462,28.52075997,32.85366574,87
938,Nanaimo,2004,4,All housing types,200968.2733,47240,4.211538462,26.22048429,33.9915153,433
938,Nanaimo,2004,4,Condos,109076.4746,47240,4.211538462,14.23129104,21.40189008,70
938,Nanaimo,2004,4,Single-detached,216089.9725,47240,4.211538462,28.19342395,37.66249954,319
938,Nanaimo,2004,4,Townhouses,137734.6939,47240,4.211538462,17.97035083,27.46191196,44
939,Parksville,2004,4,All housing types,243694.7382,46440,4.211538462,32.34275698,38.92321274,179
939,Parksville,2004,4,Condos,128884.6154,46440,4.211538462,17.10535002,25.29799068,12
939,Parksville,2004,4,Single-detached,245123.3108,46440,4.211538462,32.53235475,41.08315087,125
939,Parksville,2004,4,Townhouses,259354.8861,46440,4.211538462,34.42114555,35.70802608,42
913,Penticton,2004,4,All housing types,201113.1579,43730,4.211538462,28.34549886,34.46883108,173
913,Penticton,2004,4,Condos,162507.0423,43730,4.211538462,22.90423575,24.64960116,47
913,Penticton,2004,4,Single-detached,224199.5595,43730,4.211538462,31.59936636,41.62561139,94
913,Penticton,2004,4,Townhouses,143451.2195,43730,4.211538462,20.21845026,28.09446494,32
940,Port Alberni,2004,4,All housing types,113284.0376,46320,4.211538462,15.07381793,24.91984493,89
940,Port Alberni,2004,4,Single-detached,114392.6829,46320,4.211538462,15.22133667,25.47459468,87
945,Powell River,2004,4,All housing types,124948.2759,46270,4.211538462,16.64385275,28.39881449,82
945,Powell River,2004,4,Single-detached,124805.1948,46270,4.211538462,16.6247935,29.06419653,74
970,Prince George,2004,4,All housing types,128188.6719,55540,4.211538462,14.22547803,20.86631918,204
970,Prince George,2004,4,Single-detached,130307.8091,55540,4.211538462,14.46064499,21.62037066,181
970,Prince George,2004,4,Townhouses,96819.5122,55540,4.211538462,10.74434912,15.88118112,18
955,Prince Rupert,2004,4,All housing types,108864.1975,45260,4.211538462,14.82496315,20.96060583,25
955,Prince Rupert,2004,4,Single-detached,108775.974,45260,4.211538462,14.81294901,21.3614414,23
952,Quesnel,2004,4,All housing types,105169.9029,50140,4.211538462,12.92796715,19.12777887,33
952,Quesnel,2004,4,Single-detached,105169.1176,50140,4.211538462,12.92787062,19.38116486,33
920,Salmon Arm,2004,4,All housing types,177623.4568,45356.63847,4.211538462,24.13695908,34.91041316,59
920,Salmon Arm,2004,4,Single-detached,184512,45356.63847,4.211538462,25.07303188,37.57179298,43
920,Salmon Arm,2004,4,Townhouses,138642.8571,45356.63847,4.211538462,18.83994958,27.50382689,11
934,Squamish,2004,4,All housing types,275289.8551,54130,4.211538462,31.3455054,35.74275125,28
934,Squamish,2004,4,Townhouses,262096.7742,54130,4.211538462,29.84329317,35.812071,15
965,Terrace,2004,4,All housing types,130818.3824,49880,4.211538462,16.16461727,22.28508389,21
965,Terrace,2004,4,Single-detached,130746.0938,49880,4.211538462,16.15568491,22.91057037,19
933,Vancouver,2004,4,All housing types,328267.8597,49510,4.211538462,40.86566155,46.34979114,7644
933,Vancouver,2004,4,Condos,206648.5607,49510,4.211538462,25.72542481,33.52101857,2770
933,Vancouver,2004,4,Single-detached,420309.2305,49510,4.211538462,52.32377844,73.63157159,3476
933,Vancouver,2004,4,Townhouses,275553.2348,49510,4.211538462,34.30328282,42.89966917,1398
918,Vernon,2004,4,All housing types,197219.9413,46770,4.211538462,25.99001631,33.47993893,315
918,Vernon,2004,4,Condos,104675.5102,46770,4.211538462,13.79433641,17.73657873,81
918,Vernon,2004,4,Single-detached,222283.8428,46770,4.211538462,29.29298457,38.42228469,198
918,Vernon,2004,4,Townhouses,174225.974,46770,4.211538462,22.95982787,28.34301195,36
935,Victoria,2004,4,All housing types,309507.0011,55320,4.211538462,34.48350501,38.89023417,1210
935,Victoria,2004,4,Condos,177625.5868,55320,4.211538462,19.79002992,25.16453563,324
935,Victoria,2004,4,Single-detached,350000,55320,4.211538462,38.99500403,48.24432339,727
935,Victoria,2004,4,Townhouses,267706.6116,55320,4.211538462,29.82634399,34.92562688,159
950,Williams Lake,2004,4,All housing types,141621.6216,50180,4.211538462,17.39490265,21.01542762,32
950,Williams Lake,2004,4,Single-detached,145257.8125,50180,4.211538462,17.84152362,22.05009043,27
932,Abbotsford - Mission,2005,1,All housing types,249892.6655,48085,4.25,32.15866366,39.8580484,571
932,Abbotsford - Mission,2005,1,Condos,115334.7222,48085,4.25,14.84241457,20.09532322,129
932,Abbotsford - Mission,2005,1,Single-detached,278449.3927,48085,4.25,35.8336262,49.93104757,358
932,Abbotsford - Mission,2005,1,Townhouses,196039.1304,48085,4.25,25.22825729,32.71122748,84
944,Campbell River,2005,1,All housing types,170190.9091,52660,4.25,19.99906112,28.83969156,129
944,Campbell River,2005,1,Condos,136504.0816,52660,4.25,16.0405364,18.33500271,16
944,Campbell River,2005,1,Single-detached,177235.4978,52660,4.25,20.82686774,31.14048371,100
944,Campbell River,2005,1,Townhouses,118571.4286,52660,4.25,13.93327799,23.04827448,13
930,Chilliwack,2005,1,All housing types,205044.5656,47182.5,4.25,26.89189576,35.74923238,319
930,Chilliwack,2005,1,Condos,81657.14286,47182.5,4.25,10.70945415,17.71905455,33
930,Chilliwack,2005,1,Single-detached,242167.4877,47182.5,4.25,31.76062149,42.84775906,186
930,Chilliwack,2005,1,Townhouses,180804.2821,47182.5,4.25,23.712747,29.51804433,100
943,Courtenay,2005,1,All housing types,190382.6419,47275,4.25,24.92010776,33.29529423,195
943,Courtenay,2005,1,Condos,89885.71429,47275,4.25,11.76557728,18.06257235,24
943,Courtenay,2005,1,Single-detached,220351.9297,47275,4.25,28.84293326,37.46374731,134
943,Courtenay,2005,1,Townhouses,135707.3171,47275,4.25,17.7633892,25.7004721,37
905,Cranbrook,2005,1,All housing types,126450.3311,50507.5,4.25,15.49238221,23.32692088,70
905,Cranbrook,2005,1,Condos,53294.11765,50507.5,4.25,6.529463646,10.88601116,10
905,Cranbrook,2005,1,Single-detached,139449.1525,50507.5,4.25,17.0849657,24.79879355,53
975,Dawson Creek,2005,1,All housing types,119863.0137,52567.5,4.25,14.10983626,17.42873376,30
975,Dawson Creek,2005,1,Single-detached,119863.0137,52567.5,4.25,14.10983626,17.4035768,30
937,Duncan,2005,1,All housing types,193389.969,45870,4.25,26.08911265,33.65613231,122
937,Duncan,2005,1,Condos,75863.63636,45870,4.25,10.23432066,15.67225183,16
937,Duncan,2005,1,Single-detached,222377.5788,45870,4.25,29.999662,37.87860121,87
937,Duncan,2005,1,Townhouses,153219.5122,45870,4.25,20.66995064,27.87876391,19
977,Fort St. John,2005,1,All housing types,168705.4795,62755,4.25,16.63546554,19.8313746,64
977,Fort St. John,2005,1,Single-detached,181318.1818,62755,4.25,17.87916062,21.34312718,55
925,Kamloops,2005,1,All housing types,177930.6184,52800,4.25,20.85311172,29.18144185,281
925,Kamloops,2005,1,Condos,110571.4286,52800,4.25,12.95874973,18.56500138,31
925,Kamloops,2005,1,Single-detached,183672.5941,52800,4.25,21.52605977,32.08712104,197
925,Kamloops,2005,1,Townhouses,171093.7582,52800,4.25,20.05184541,25.397242,53
915,Kelowna,2005,1,All housing types,253925.6471,48767.5,4.25,32.2203445,38.09482147,650
915,Kelowna,2005,1,Condos,179042.7425,48767.5,4.25,22.71853556,24.28880262,134
915,Kelowna,2005,1,Single-detached,276439.4186,48767.5,4.25,35.07709206,44.76537722,418
915,Kelowna,2005,1,Townhouses,211361.7351,48767.5,4.25,26.81945679,32.85366574,98
938,Nanaimo,2005,1,All housing types,196483.727,47867.5,4.25,25.40036433,33.9915153,329
938,Nanaimo,2005,1,Condos,111590.9091,47867.5,4.25,14.42587531,21.40189008,40
938,Nanaimo,2005,1,Single-detached,216074.0385,47867.5,4.25,27.93289491,37.66249954,253
938,Nanaimo,2005,1,Townhouses,143951.6,47867.5,4.25,18.60929218,27.46191196,36
939,Parksville,2005,1,All housing types,255197.7124,47015,4.25,33.58879633,38.92321274,127
939,Parksville,2005,1,Single-detached,260225.1185,47015,4.25,34.25049709,41.08315087,86
939,Parksville,2005,1,Townhouses,263275.88,47015,4.25,34.65203441,35.70802608,33
913,Penticton,2005,1,All housing types,214168.6747,44317.5,4.25,29.90437983,34.46883108,159
913,Penticton,2005,1,Condos,160465.7534,44317.5,4.25,22.40583898,24.64960116,26
913,Penticton,2005,1,Single-detached,234498.6339,44317.5,4.25,32.74305277,41.62561139,89
913,Penticton,2005,1,Townhouses,175500,44317.5,4.25,24.50507138,28.09446494,44
940,Port Alberni,2005,1,All housing types,116314.8148,46877.5,4.25,15.35411169,24.91984493,46
940,Port Alberni,2005,1,Single-detached,116217.5573,46877.5,4.25,15.34127323,25.47459468,44
945,Powell River,2005,1,All housing types,137668.9655,46850,4.25,18.18362884,28.39881449,63
945,Powell River,2005,1,Single-detached,138106.8182,46850,4.25,18.24146142,29.06419653,58
970,Prince George,2005,1,All housing types,123205.4795,56380,4.25,13.52256432,20.86631918,161
970,Prince George,2005,1,Single-detached,125470.0935,56380,4.25,13.77111973,21.62037066,140
970,Prince George,2005,1,Townhouses,85706.25,56380,4.25,9.4067916762290391,15.88118112,14
955,Prince Rupert,2005,1,All housing types,112000,45700,4.25,15.16547184,20.96060583,25
955,Prince Rupert,2005,1,Single-detached,111936.1702,45700,4.25,15.1568289,21.3614414,24
952,Quesnel,2005,1,All housing types,106944.4444,50990,4.25,12.97858426,19.12777887,21
952,Quesnel,2005,1,Single-detached,106944.4444,50990,4.25,12.97858426,19.38116486,21
920,Salmon Arm,2005,1,All housing types,174916.6667,46043.39231,4.25,23.50812458,34.91041316,55
920,Salmon Arm,2005,1,Single-detached,190032.0513,46043.39231,4.25,25.53957391,37.57179298,35
920,Salmon Arm,2005,1,Townhouses,144000,46043.39231,4.25,19.35304396,27.50382689,11
934,Squamish,2005,1,All housing types,301666.6667,54602.5,4.25,34.18762262,35.74275125,35
934,Squamish,2005,1,Single-detached,327352.9412,54602.5,4.25,37.09862591,52.39203906,10
934,Squamish,2005,1,Townhouses,263578.125,54602.5,4.25,29.87108111,35.812071,17
965,Terrace,2005,1,All housing types,125279.0698,50335,4.25,15.40148338,22.28508389,22
965,Terrace,2005,1,Single-detached,125025,50335,4.25,15.3702487,22.91057037,21
933,Vancouver,2005,1,All housing types,316795.3981,50127.5,4.25,39.10721805,46.34979114,8534
933,Vancouver,2005,1,Condos,218151.4917,50127.5,4.25,26.92999333,33.52101857,3699
933,Vancouver,2005,1,Single-detached,419894.9919,50127.5,4.25,51.83448089,73.63157159,3333
933,Vancouver,2005,1,Townhouses,271721.4586,50127.5,4.25,33.54300724,42.89966917,1502
918,Vernon,2005,1,All housing types,187101.2958,47425,4.25,24.41313541,33.47993893,182
918,Vernon,2005,1,Condos,86392.30769,47425,4.25,11.27254142,17.73657873,36
918,Vernon,2005,1,Single-detached,223493.6709,47425,4.25,29.16164332,38.42228469,118
918,Vernon,2005,1,Townhouses,176718.75,47425,4.25,23.05841205,28.34301195,28
935,Victoria,2005,1,All housing types,313053.4653,55975,4.25,34.60816062,38.89023417,1012
935,Victoria,2005,1,Condos,186046.1934,55975,4.25,20.56746613,25.16453563,317
935,Victoria,2005,1,Single-detached,356566.1253,55975,4.25,39.41849908,48.24432339,566
935,Victoria,2005,1,Townhouses,288510.4167,55975,4.25,31.89491875,34.92562688,129
950,Williams Lake,2005,1,All housing types,139172.4138,50995,4.25,16.88805629,21.01542762,26
950,Williams Lake,2005,1,Single-detached,140778.8462,50995,4.25,17.0829909,22.05009043,25
932,Abbotsford - Mission,2005,2,All housing types,259436.8458,48620,4.25,33.01952378,39.8580484,862
932,Abbotsford - Mission,2005,2,Condos,119881.7308,48620,4.25,15.25780831,20.09532322,131
932,Abbotsford - Mission,2005,2,Single-detached,290653.806,48620,4.25,36.99262621,49.93104757,601
932,Abbotsford - Mission,2005,2,Townhouses,188703.271,48620,4.25,24.01699006,32.71122748,130
944,Campbell River,2005,2,All housing types,184997.9592,53030,4.25,21.58735407,28.83969156,214
944,Campbell River,2005,2,Condos,107904.7619,53030,4.25,12.59137296,18.33500271,26
944,Campbell River,2005,2,Single-detached,201976.4151,53030,4.25,23.56856479,31.14048371,165
944,Campbell River,2005,2,Townhouses,126227.7778,53030,4.25,14.72947996,23.04827448,23
930,Chilliwack,2005,2,All housing types,215252.2879,47915,4.25,27.79907774,35.74923238,513
930,Chilliwack,2005,2,Condos,91012.04819,47915,4.25,11.7538867,17.71905455,50
930,Chilliwack,2005,2,Single-detached,252841.3793,47915,4.25,32.65357702,42.84775906,336
930,Chilliwack,2005,2,Townhouses,179361.2335,47915,4.25,23.163874,29.51804433,127
943,Courtenay,2005,2,All housing types,205127.7778,47830,4.25,26.53861161,33.29529423,345
943,Courtenay,2005,2,Condos,85519.40299,47830,4.25,11.06415838,18.06257235,43
943,Courtenay,2005,2,Single-detached,235156.9749,47830,4.25,30.42366906,37.46374731,225
943,Courtenay,2005,2,Townhouses,146847.9211,47830,4.25,18.9985968,25.7004721,77
905,Cranbrook,2005,2,All housing types,143569.7115,51335,4.25,17.30626565,23.32692088,138
905,Cranbrook,2005,2,Condos,60800,51335,4.25,7.3289898,10.88601116,10
905,Cranbrook,2005,2,Single-detached,151677.1429,51335,4.25,18.28355646,24.79879355,122
975,Dawson Creek,2005,2,All housing types,123285.7143,53895,4.25,14.15527737,17.42873376,75
975,Dawson Creek,2005,2,Single-detached,123368.932,53895,4.25,14.16483217,17.4035768,73
937,Duncan,2005,2,All housing types,205292.9003,46430,4.25,27.36083525,33.65613231,209
937,Duncan,2005,2,Condos,81227.27273,46430,4.25,10.82573252,15.67225183,28
937,Duncan,2005,2,Single-detached,240432.6211,46430,4.25,32.0441541,37.87860121,136
937,Duncan,2005,2,Townhouses,160617.1875,46430,4.25,21.40658736,27.87876391,45
977,Fort St. John,2005,2,All housing types,171330.0592,64370,4.25,16.47040051,19.8313746,105
977,Fort St. John,2005,2,Single-detached,183551.0949,64370,4.25,17.6452402,21.34312718,82
977,Fort St. John,2005,2,Townhouses,127974.8571,64370,4.25,12.30255311,16.34879797,20
925,Kamloops,2005,2,All housing types,179771.8383,53490,4.25,20.79711848,29.18144185,486
925,Kamloops,2005,2,Condos,109837.2093,53490,4.25,12.70664792,18.56500138,55
925,Kamloops,2005,2,Single-detached,190670.5989,53490,4.25,22.05795453,32.08712104,354
925,Kamloops,2005,2,Townhouses,158457.6923,53490,4.25,18.3313662,25.397242,77
915,Kelowna,2005,2,All housing types,267984.3497,49485,4.25,33.51119861,38.09482147,1203
915,Kelowna,2005,2,Condos,188174.603,49485,4.25,23.53106255,24.28880262,264
915,Kelowna,2005,2,Single-detached,291702.2086,49485,4.25,36.47709525,44.76537722,766
915,Kelowna,2005,2,Townhouses,224496.0185,49485,4.25,28.07302244,32.85366574,173
938,Nanaimo,2005,2,All housing types,217358.1257,48495,4.25,27.73530979,33.9915153,594
938,Nanaimo,2005,2,Condos,120326.4151,48495,4.25,15.35387917,21.40189008,66
938,Nanaimo,2005,2,Single-detached,236859.0153,48495,4.25,30.22366035,37.66249954,468
938,Nanaimo,2005,2,Townhouses,160558.625,48495,4.25,20.48758559,27.46191196,60
939,Parksville,2005,2,All housing types,262390.0298,47590,4.25,34.11816997,38.92321274,209
939,Parksville,2005,2,Condos,157061.1111,47590,4.25,20.42241349,25.29799068,10
939,Parksville,2005,2,Single-detached,267680.3922,47590,4.25,34.80606761,41.08315087,169
939,Parksville,2005,2,Townhouses,236946.9048,47590,4.25,30.80983975,35.70802608,30
913,Penticton,2005,2,All housing types,216015.3862,44905,4.25,29.76761839,34.46883108,232
913,Penticton,2005,2,Condos,152403.2258,44905,4.25,21.00165709,24.64960116,36
913,Penticton,2005,2,Single-detached,251828.5398,44905,4.25,34.70278671,41.62561139,137
913,Penticton,2005,2,Townhouses,166878.6408,44905,4.25,22.99641606,28.09446494,59
940,Port Alberni,2005,2,All housing types,140488.3721,47435,4.25,18.32717723,24.91984493,126
940,Port Alberni,2005,2,Single-detached,140815.9509,47435,4.25,18.36991098,25.47459468,119
945,Powell River,2005,2,All housing types,155527.3973,47430,4.25,20.29120712,28.39881449,83
945,Powell River,2005,2,Single-detached,156263.5036,47430,4.25,20.38724478,29.06419653,79
970,Prince George,2005,2,All housing types,134771.8023,57220,4.25,14.57489005,20.86631918,355
970,Prince George,2005,2,Condos,92117.64706,57220,4.25,9.96205849,12.39060086,10
970,Prince George,2005,2,Single-detached,136195.6522,57220,4.25,14.72887222,21.62037066,320
970,Prince George,2005,2,Townhouses,110461.5385,57220,4.25,11.94585774,15.88118112,25
955,Prince Rupert,2005,2,All housing types,113454.955,46140,4.25,15.21598186,20.96060583,86
955,Prince Rupert,2005,2,Single-detached,118257.1429,46140,4.25,15.86002605,21.3614414,81
952,Quesnel,2005,2,All housing types,119976.4706,51840,4.25,14.32139072,19.12777887,64
952,Quesnel,2005,2,Single-detached,119897.5904,51840,4.25,14.31197492,19.38116486,62
920,Salmon Arm,2005,2,All housing types,201593.8776,46730.14614,4.25,26.69526913,34.91041316,92
920,Salmon Arm,2005,2,Condos,139368.4211,46730.14614,4.25,18.45531002,18.83347001,10
920,Salmon Arm,2005,2,Single-detached,214589.7196,46730.14614,4.25,28.41619194,37.57179298,72
920,Salmon Arm,2005,2,Townhouses,161857.1429,46730.14614,4.25,21.43328975,27.50382689,10
934,Squamish,2005,2,All housing types,306518.0723,55075,4.25,34.43940853,35.74275125,48
934,Squamish,2005,2,Single-detached,357006.4565,55075,4.25,40.11212491,52.39203906,13
934,Squamish,2005,2,Townhouses,284393.617,55075,4.25,31.95357418,35.812071,30
965,Terrace,2005,2,All housing types,117607.1429,50790,4.25,14.32879241,22.28508389,55
965,Terrace,2005,2,Single-detached,120859.1549,50790,4.25,14.72500479,22.91057037,50
933,Vancouver,2005,2,All housing types,332733.8552,50745,4.25,40.57493563,46.34979114,13086
933,Vancouver,2005,2,Condos,230831.7702,50745,4.25,28.14857602,33.52101857,4831
933,Vancouver,2005,2,Single-detached,434822.1475,50745,4.25,53.02400213,73.63157159,5817
933,Vancouver,2005,2,Townhouses,282709.8985,50745,4.25,34.47480848,42.89966917,2438
918,Vernon,2005,2,All housing types,212457.1915,48080,4.25,27.34393932,33.47993893,429
918,Vernon,2005,2,Condos,135308.7969,48080,4.25,17.41468719,17.73657873,92
918,Vernon,2005,2,Single-detached,241077.2152,48080,4.25,31.0274305,38.42228469,277
918,Vernon,2005,2,Townhouses,182451.4773,48080,4.25,23.48210521,28.34301195,60
935,Victoria,2005,2,All housing types,334816.6755,56630,4.25,36.5859741,38.89023417,1774
935,Victoria,2005,2,Condos,203767.5578,56630,4.25,22.2660194,25.16453563,479
935,Victoria,2005,2,Single-detached,376169.8587,56630,4.25,41.1047051,48.24432339,1041
935,Victoria,2005,2,Townhouses,319492.4282,56630,4.25,34.91146815,34.92562688,254
950,Williams Lake,2005,2,All housing types,139346.6667,51810,4.25,16.64321013,21.01542762,49
950,Williams Lake,2005,2,Single-detached,139373.1343,51810,4.25,16.64637136,22.05009043,42
932,Abbotsford - Mission,2005,3,All housing types,281793.0661,49155,4.307692308,35.68675812,39.8580484,984
932,Abbotsford - Mission,2005,3,Condos,125679.4014,49155,4.307692308,15.91625536,20.09532322,153
932,Abbotsford - Mission,2005,3,Single-detached,311163.4392,49155,4.307692308,39.40627263,49.93104757,690
932,Abbotsford - Mission,2005,3,Townhouses,203289.6679,49155,4.307692308,25.74495287,32.71122748,141
944,Campbell River,2005,3,All housing types,199636.8039,53400,4.307692308,23.27254327,28.83969156,199
944,Campbell River,2005,3,Condos,125633.7209,53400,4.307692308,14.6456773,18.33500271,17
944,Campbell River,2005,3,Single-detached,217395.0151,53400,4.307692308,25.34269633,31.14048371,166
944,Campbell River,2005,3,Townhouses,141800,53400,4.307692308,16.5302518,23.04827448,16
930,Chilliwack,2005,3,All housing types,234846.6795,48647.5,4.307692308,30.05165487,35.74923238,526
930,Chilliwack,2005,3,Condos,98397.72727,48647.5,4.307692308,12.59125548,17.71905455,38
930,Chilliwack,2005,3,Single-detached,265250.6329,48647.5,4.307692308,33.94223197,42.84775906,375
930,Chilliwack,2005,3,Townhouses,182486.25,48647.5,4.307692308,23.35146409,29.51804433,113
943,Courtenay,2005,3,All housing types,222213.9142,48385,4.307692308,28.58939724,33.29529423,424
943,Courtenay,2005,3,Condos,91818.82353,48385,4.307692308,11.81314334,18.06257235,42
943,Courtenay,2005,3,Single-detached,246698.9051,48385,4.307692308,31.73956511,37.46374731,323
943,Courtenay,2005,3,Townhouses,158549.7279,48385,4.307692308,20.39854782,25.7004721,59
905,Cranbrook,2005,3,All housing types,155861.5385,52162.5,4.307692308,18.60051874,23.32692088,122
905,Cranbrook,2005,3,Single-detached,160316.3717,52162.5,4.307692308,19.13215861,24.79879355,104
905,Cranbrook,2005,3,Townhouses,114750,52162.5,4.307692308,13.69426702,18.84060012,10
975,Dawson Creek,2005,3,All housing types,117717.5325,55222.5,4.307692308,13.26995901,17.42873376,79
975,Dawson Creek,2005,3,Single-detached,117708.6093,55222.5,4.307692308,13.26895312,17.4035768,78
937,Duncan,2005,3,All housing types,212363.3102,46990,4.307692308,28.13316131,33.65613231,223
937,Duncan,2005,3,Condos,78355.9322,46990,4.307692308,10.38032454,15.67225183,31
937,Duncan,2005,3,Single-detached,247770.5882,46990,4.307692308,32.82379579,37.87860121,153
937,Duncan,2005,3,Townhouses,174548.2143,46990,4.307692308,23.1235474,27.87876391,39
977,Fort St. John,2005,3,All housing types,181871.2775,65985,4.307692308,17.15787074,19.8313746,122
977,Fort St. John,2005,3,Single-detached,192622.9508,65985,4.307692308,18.17219154,21.34312718,101
977,Fort St. John,2005,3,Townhouses,129277.3421,65985,4.307692308,12.19612,16.34879797,18
925,Kamloops,2005,3,All housing types,200782.1229,54180,4.307692308,23.06909387,29.18144185,588
925,Kamloops,2005,3,Condos,121695.8333,54180,4.307692308,13.9823833,18.56500138,65
925,Kamloops,2005,3,Single-detached,212870.5584,54180,4.307692308,24.45800863,32.08712104,434
925,Kamloops,2005,3,Townhouses,177795.1807,54180,4.307692308,20.42798261,25.397242,89
915,Kelowna,2005,3,All housing types,286069.0423,50202.5,4.307692308,35.47235421,38.09482147,1491
915,Kelowna,2005,3,Condos,228972.7315,50202.5,4.307692308,28.39245299,24.28880262,425
915,Kelowna,2005,3,Single-detached,309224.4976,50202.5,4.307692308,38.3436139,44.76537722,878
915,Kelowna,2005,3,Townhouses,238030.4709,50202.5,4.307692308,29.51560612,32.85366574,188
938,Nanaimo,2005,3,All housing types,236128.9861,49122.5,4.307692308,29.92356524,33.9915153,629
938,Nanaimo,2005,3,Condos,129125.3521,49122.5,4.307692308,16.36347558,21.40189008,76
938,Nanaimo,2005,3,Single-detached,256185.4211,49122.5,4.307692308,32.4652271,37.66249954,482
938,Nanaimo,2005,3,Townhouses,179301.5267,49122.5,4.307692308,22.72207669,27.46191196,71
939,Parksville,2005,3,All housing types,274287.7528,48165,4.307692308,35.45025365,38.92321274,236
939,Parksville,2005,3,Condos,148725,48165,4.307692308,19.22192632,25.29799068,10
939,Parksville,2005,3,Single-detached,277558.8235,48165,4.307692308,35.87302239,41.08315087,188
939,Parksville,2005,3,Townhouses,255349.4118,48165,4.307692308,33.00257239,35.70802608,38
913,Penticton,2005,3,All housing types,224653.3108,45492.5,4.307692308,30.74096629,34.46883108,241
913,Penticton,2005,3,Condos,189529.7391,45492.5,4.307692308,25.93474942,24.64960116,56
913,Penticton,2005,3,Single-detached,260000,45492.5,4.307692308,35.57771398,41.62561139,133
913,Penticton,2005,3,Townhouses,169512.6126,45492.5,4.307692308,23.19565865,28.09446494,52
940,Port Alberni,2005,3,All housing types,143608.3019,47992.5,4.307692308,18.62733257,24.91984493,139
940,Port Alberni,2005,3,Single-detached,145000,47992.5,4.307692308,18.80784876,25.47459468,129
945,Powell River,2005,3,All housing types,170849.162,48010,4.307692308,22.15264777,28.39881449,96
945,Powell River,2005,3,Single-detached,171535.7143,48010,4.307692308,22.24166753,29.06419653,89
970,Prince George,2005,3,All housing types,141740.3599,58060,4.307692308,15.19710957,20.86631918,423
970,Prince George,2005,3,Single-detached,144526.8012,58060,4.307692308,15.49586607,21.62037066,374
970,Prince George,2005,3,Townhouses,114076.9231,58060,4.307692308,12.23109283,15.88118112,40
955,Prince Rupert,2005,3,All housing types,124628.2895,46580,4.307692308,16.65565227,20.96060583,66
955,Prince Rupert,2005,3,Condos,54900,46580,4.307692308,7.336980341,8.285978463,24
955,Prince Rupert,2005,3,Single-detached,128800,46580,4.307692308,17.21317064,21.3614414,39
952,Quesnel,2005,3,All housing types,131093.9597,52690,4.307692308,15.48812975,19.12777887,85
952,Quesnel,2005,3,Single-detached,131120.6897,52690,4.307692308,15.49128776,19.38116486,83
920,Salmon Arm,2005,3,All housing types,216489.1089,47416.89997,4.307692308,28.42152591,34.91041316,110
920,Salmon Arm,2005,3,Single-detached,229897.5,47416.89997,4.307692308,30.18183125,37.57179298,88
920,Salmon Arm,2005,3,Townhouses,172851.8519,47416.89997,4.307692308,22.69265835,27.50382689,17
934,Squamish,2005,3,All housing types,315923.2627,55547.5,4.307692308,35.40475419,35.74275125,70
934,Squamish,2005,3,Condos,166875,55547.5,4.307692308,18.70127671,24.02183276,11
934,Squamish,2005,3,Single-detached,354121.6167,55547.5,4.307692308,39.68555112,52.39203906,17
934,Squamish,2005,3,Townhouses,308375,55547.5,4.307692308,34.55883869,35.812071,42
965,Terrace,2005,3,All housing types,129792.0561,51245,4.307692308,15.7667111,22.28508389,52
965,Terrace,2005,3,Single-detached,133343.4343,51245,4.307692308,16.19812083,22.91057037,49
933,Vancouver,2005,3,All housing types,352672.3097,51362.5,4.307692308,42.74346281,46.34979114,13891
933,Vancouver,2005,3,Condos,233955.863,51362.5,4.307692308,28.35517122,33.52101857,4891
933,Vancouver,2005,3,Single-detached,452228.6623,51362.5,4.307692308,54.80957386,73.63157159,6361
933,Vancouver,2005,3,Townhouses,300418.86,51362.5,4.307692308,36.41040709,42.89966917,2639
918,Vernon,2005,3,All housing types,230775.0306,48735,4.307692308,29.47761498,33.47993893,388
918,Vernon,2005,3,Condos,145251.7143,48735,4.307692308,18.55345484,17.73657873,69
918,Vernon,2005,3,Single-detached,260110.4015,48735,4.307692308,33.22471346,38.42228469,271
918,Vernon,2005,3,Townhouses,193575.2778,48735,4.307692308,24.72597444,28.34301195,48
935,Victoria,2005,3,All housing types,354322.3496,57285,4.307692308,38.50366986,38.89023417,1779
935,Victoria,2005,3,Condos,213443.1203,57285,4.307692308,23.19453866,25.16453563,444
935,Victoria,2005,3,Single-detached,403592.0014,57285,4.307692308,43.85772785,48.24432339,1089
935,Victoria,2005,3,Townhouses,320109.2,57285,4.307692308,34.78577902,34.92562688,246
950,Williams Lake,2005,3,All housing types,141218.1818,52625,4.307692308,16.70486622,21.01542762,61
950,Williams Lake,2005,3,Single-detached,141320,52625,4.307692308,16.71691041,22.05009043,58
932,Abbotsford - Mission,2005,4,All housing types,293896.2423,49690,4.788461538,38.66982738,39.8580484,799
932,Abbotsford - Mission,2005,4,Condos,127725.0951,49690,4.788461538,16.80561595,20.09532322,110
932,Abbotsford - Mission,2005,4,Single-detached,324257.8273,49690,4.788461538,42.66469727,49.93104757,578
932,Abbotsford - Mission,2005,4,Townhouses,210630.9524,49690,4.788461538,27.71407523,32.71122748,111
944,Campbell River,2005,4,All housing types,204928.3708,53770,4.788461538,24.9177743,28.83969156,157
944,Campbell River,2005,4,Condos,143914.7727,53770,4.788461538,17.49897201,18.33500271,27
944,Campbell River,2005,4,Single-detached,221557.1429,53770,4.788461538,26.93971,31.14048371,114
944,Campbell River,2005,4,Townhouses,159250,53770,4.788461538,19.36362223,23.04827448,16
930,Chilliwack,2005,4,All housing types,237140.5866,49380,4.788461538,31.39800115,35.74923238,531
930,Chilliwack,2005,4,Condos,111942.7236,49380,4.788461538,14.82149393,17.71905455,85
930,Chilliwack,2005,4,Single-detached,271362.4454,49380,4.788461538,35.92906004,42.84775906,312
930,Chilliwack,2005,4,Townhouses,194209.3117,49380,4.788461538,25.713794,29.51804433,134
943,Courtenay,2005,4,All housing types,226994.3423,48940,4.788461538,30.3248223,33.29529423,283
943,Courtenay,2005,4,Condos,95391.30435,48940,4.788461538,12.74359671,18.06257235,96
943,Courtenay,2005,4,Single-detached,260605.4348,48940,4.788461538,34.81502411,37.46374731,137
943,Courtenay,2005,4,Townhouses,178464.2202,48940,4.788461538,23.84154472,25.7004721,50
905,Cranbrook,2005,4,All housing types,149345.2381,52990,4.788461538,18.4265766,23.32692088,88
905,Cranbrook,2005,4,Condos,72782.6087,52990,4.788461538,8.980094253,10.88601116,15
905,Cranbrook,2005,4,Single-detached,161230.7692,52990,4.788461538,19.89304217,24.79879355,65
975,Dawson Creek,2005,4,All housing types,120462.8378,56550,4.788461538,13.92732395,17.42873376,69
975,Dawson Creek,2005,4,Single-detached,120489.7959,56550,4.788461538,13.93044072,17.4035768,69
937,Duncan,2005,4,All housing types,216608.5791,47550,4.788461538,29.7832666,33.65613231,150
937,Duncan,2005,4,Condos,88689.65517,47550,4.788461538,12.19465848,15.67225183,27
937,Duncan,2005,4,Single-detached,250456.2753,47550,4.788461538,34.43726029,37.87860121,94
937,Duncan,2005,4,Townhouses,189480.1471,47550,4.788461538,26.05315892,27.87876391,29
977,Fort St. John,2005,4,All housing types,185445.4545,67600,4.788461538,17.93563238,19.8313746,98
977,Fort St. John,2005,4,Single-detached,196674.0331,67600,4.788461538,19.02162102,21.34312718,80
977,Fort St. John,2005,4,Townhouses,138309.3438,67600,4.788461538,13.37679346,16.34879797,14
925,Kamloops,2005,4,All housing types,214111.9766,54870,4.788461538,25.51251055,29.18144185,415
925,Kamloops,2005,4,Condos,125503.4483,54870,4.788461538,14.9543622,18.56500138,51
925,Kamloops,2005,4,Single-detached,227659.9725,54870,4.788461538,27.12682188,32.08712104,293
925,Kamloops,2005,4,Townhouses,185293.125,54870,4.788461538,22.07860056,25.397242,71
915,Kelowna,2005,4,All housing types,293101.0815,50920,4.788461538,37.63363971,38.09482147,913
915,Kelowna,2005,4,Condos,237207.3552,50920,4.788461538,30.45698807,24.28880262,214
915,Kelowna,2005,4,Single-detached,320362.8492,50920,4.788461538,41.13400053,44.76537722,554
915,Kelowna,2005,4,Townhouses,242975.976,50920,4.788461538,31.19766836,32.85366574,145
938,Nanaimo,2005,4,All housing types,252400.5078,49750,4.788461538,33.16991329,33.9915153,454
938,Nanaimo,2005,4,Condos,146260.7407,49750,4.788461538,19.2212612,21.40189008,59
938,Nanaimo,2005,4,Single-detached,271457.8087,49750,4.788461538,35.67438137,37.66249954,344
938,Nanaimo,2005,4,Townhouses,203016.3934,49750,4.788461538,26.67996282,27.46191196,51
939,Parksville,2005,4,All housing types,280645.3771,48740,4.788461538,37.64606301,38.92321274,175
939,Parksville,2005,4,Condos,158015.625,48740,4.788461538,21.19638041,25.29799068,22
939,Parksville,2005,4,Single-detached,287147.5728,48740,4.788461538,38.51827431,41.08315087,121
939,Parksville,2005,4,Townhouses,282111.4286,48740,4.788461538,37.84272068,35.70802608,32
913,Penticton,2005,4,All housing types,237272.5061,46080,4.788461538,33.66527324,34.46883108,170
913,Penticton,2005,4,Condos,199096.7,46080,4.788461538,28.24872092,24.64960116,24
913,Penticton,2005,4,Single-detached,276094.4206,46080,4.788461538,39.17349829,41.62561139,100
913,Penticton,2005,4,Townhouses,183871.4286,46080,4.788461538,26.08849203,28.09446494,46
940,Port Alberni,2005,4,All housing types,141191.7012,48550,4.788461538,19.01372174,24.91984493,102
940,Port Alberni,2005,4,Single-detached,143986.1751,48550,4.788461538,19.39004236,25.47459468,88
940,Port Alberni,2005,4,Townhouses,81090.90909,48550,4.788461538,10.92018842,17.79705682,14
945,Powell River,2005,4,All housing types,183648.3051,48590,4.788461538,24.7108237,28.39881449,81
945,Powell River,2005,4,Single-detached,184870.4819,48590,4.788461538,24.87527388,29.06419653,77
970,Prince George,2005,4,All housing types,144553.7975,58900,4.788461538,16.0458012,20.86631918,288
970,Prince George,2005,4,Condos,124411.4286,58900,4.788461538,13.80995232,12.39060086,12
970,Prince George,2005,4,Single-detached,150408.59,58900,4.788461538,16.69569652,21.62037066,243
970,Prince George,2005,4,Townhouses,88876.71233,58900,4.788461538,9.865517769,15.88118112,33
955,Prince Rupert,2005,4,All housing types,138662.9213,47020,4.788461538,19.28079414,20.96060583,23
955,Prince Rupert,2005,4,Single-detached,145000,47020,4.788461538,20.1619519,21.3614414,20
952,Quesnel,2005,4,All housing types,132786.2595,53540,4.788461538,16.21518722,19.12777887,46
952,Quesnel,2005,4,Single-detached,132781.25,53540,4.788461538,16.21457548,19.38116486,45
920,Salmon Arm,2005,4,All housing types,227299.435,48103.6538,4.788461538,30.89352664,34.91041316,67
920,Salmon Arm,2005,4,Single-detached,239960.6897,48103.6538,4.788461538,32.61438796,37.57179298,57
934,Squamish,2005,4,All housing types,317346.1842,56020,4.788461538,37.03713402,35.74275125,44
934,Squamish,2005,4,Single-detached,347160.7143,56020,4.788461538,40.51675596,52.39203906,11
934,Squamish,2005,4,Townhouses,312061.2727,56020,4.788461538,36.42033765,35.812071,24
965,Terrace,2005,4,All housing types,138714.2857,51700,4.788461538,17.54194898,22.28508389,46
965,Terrace,2005,4,Single-detached,140027.1739,51700,4.788461538,17.70797815,22.91057037,43
933,Vancouver,2005,4,All housing types,359943.1093,51980,4.788461538,45.27357458,46.34979114,10526
933,Vancouver,2005,4,Condos,238918.5866,51980,4.788461538,30.05113355,33.52101857,3868
933,Vancouver,2005,4,Single-detached,467484.6486,51980,4.788461538,58.80012856,73.63157159,4495
933,Vancouver,2005,4,Townhouses,308730.2274,51980,4.788461538,38.83202821,42.89966917,2163
918,Vernon,2005,4,All housing types,241058.5443,49390,4.788461538,31.91028627,33.47993893,244
918,Vernon,2005,4,Condos,143771.1864,49390,4.788461538,19.03180711,17.73657873,49
918,Vernon,2005,4,Single-detached,270339.2857,49390,4.788461538,35.78634403,38.42228469,149
918,Vernon,2005,4,Townhouses,204106.383,49390,4.788461538,27.01871916,28.34301195,46
935,Victoria,2005,4,All housing types,360466.0343,57940,4.788461538,40.67551446,38.89023417,1199
935,Victoria,2005,4,Condos,218991.8809,57940,4.788461538,24.7113641,25.16453563,295
935,Victoria,2005,4,Single-detached,417138.5542,57940,4.788461538,47.07052449,48.24432339,737
935,Victoria,2005,4,Townhouses,314043.5835,57940,4.788461538,35.43713723,34.92562688,167
950,Williams Lake,2005,4,All housing types,144653.8462,53440,4.788461538,17.69745158,21.01542762,43
950,Williams Lake,2005,4,Single-detached,149017.3684,53440,4.788461538,18.23129998,22.05009043,37
932,Abbotsford - Mission,2006,1,All housing types,293974.6253,50350,5.269230769,40.04599054,39.8580484,669
932,Abbotsford - Mission,2006,1,Condos,130078.1513,50350,5.269230769,17.71958518,20.09532322,128
932,Abbotsford - Mission,2006,1,Single-detached,325960.7877,50350,5.269230769,44.40322903,49.93104757,444
932,Abbotsford - Mission,2006,1,Townhouses,210259.6154,50350,5.269230769,28.64211344,32.71122748,97
944,Campbell River,2006,1,All housing types,199598.105,54560,5.269230769,25.09173671,28.83969156,186
944,Campbell River,2006,1,Condos,131008.5938,54560,5.269230769,16.46926027,18.33500271,37
944,Campbell River,2006,1,Single-detached,222085.8369,54560,5.269230769,27.91869866,31.14048371,119
944,Campbell River,2006,1,Townhouses,177054.3478,54560,5.269230769,22.25773175,23.04827448,30
930,Chilliwack,2006,1,All housing types,230252.3709,50022.5,5.269230769,31.5709309,35.74923238,418
930,Chilliwack,2006,1,Condos,116162.9592,50022.5,5.269230769,15.92762213,17.71905455,62
930,Chilliwack,2006,1,Single-detached,280335.2941,50022.5,5.269230769,38.43802417,42.84775906,232
930,Chilliwack,2006,1,Townhouses,195798.4496,50022.5,5.269230769,26.84679988,29.51804433,124
943,Courtenay,2006,1,All housing types,229759.7656,49797.5,5.269230769,31.64572932,33.29529423,229
943,Courtenay,2006,1,Condos,94619.2,49797.5,5.269230769,13.03227997,18.06257235,29
943,Courtenay,2006,1,Single-detached,273938.3562,49797.5,5.269230769,37.73062287,37.46374731,155
943,Courtenay,2006,1,Townhouses,187452.6316,49797.5,5.269230769,25.81859893,25.7004721,45
905,Cranbrook,2006,1,All housing types,134732.9193,54032.5,5.269230769,17.10280434,23.32692088,73
905,Cranbrook,2006,1,Single-detached,155092.437,54032.5,5.269230769,19.68721244,24.79879355,54
905,Cranbrook,2006,1,Townhouses,101861.1111,54032.5,5.269230769,12.93010396,18.84060012,10
975,Dawson Creek,2006,1,All housing types,122204.5455,57962.5,5.269230769,14.46068683,17.42873376,41
975,Dawson Creek,2006,1,Single-detached,122204.5455,57962.5,5.269230769,14.46068683,17.4035768,41
937,Duncan,2006,1,All housing types,223407.1856,48515,5.269230769,31.58419204,33.65613231,184
937,Duncan,2006,1,Condos,113203.3898,48515,5.269230769,16.00412983,15.67225183,32
937,Duncan,2006,1,Single-detached,269896.0976,48515,5.269230769,38.1565622,37.87860121,111
937,Duncan,2006,1,Townhouses,192030,48515,5.269230769,27.14824225,27.87876391,41
977,Fort St. John,2006,1,All housing types,195451.2821,69717.5,5.269230769,19.22849917,19.8313746,97
977,Fort St. John,2006,1,Single-detached,207096.7742,69717.5,5.269230769,20.37418281,21.34312718,75
977,Fort St. John,2006,1,Townhouses,149189.6552,69717.5,5.269230769,14.67727984,16.34879797,15
925,Kamloops,2006,1,All housing types,219496.4915,55887.5,5.269230769,26.9377656,29.18144185,351
925,Kamloops,2006,1,Condos,138130.303,55887.5,5.269230769,16.95207837,18.56500138,48
925,Kamloops,2006,1,Single-detached,239366.4694,55887.5,5.269230769,29.37631395,32.08712104,214
925,Kamloops,2006,1,Townhouses,183207.1875,55887.5,5.269230769,22.48415107,25.397242,89
915,Kelowna,2006,1,All housing types,292407.7229,51975,5.269230769,38.58717729,38.09482147,848
915,Kelowna,2006,1,Condos,216067.3491,51975,5.269230769,28.51302635,24.28880262,250
915,Kelowna,2006,1,Single-detached,327246.1988,51975,5.269230769,43.18458818,44.76537722,472
915,Kelowna,2006,1,Townhouses,242046.1255,51975,5.269230769,31.94127933,32.85366574,126
938,Nanaimo,2006,1,All housing types,258044.0842,50535,5.269230769,35.02275506,33.9915153,425
938,Nanaimo,2006,1,Condos,174081.8182,50535,5.269230769,23.62706705,21.40189008,51
938,Nanaimo,2006,1,Single-detached,275391.4027,50535,5.269230769,37.37720116,37.66249954,319
938,Nanaimo,2006,1,Townhouses,217783.0189,50535,5.269230769,29.55836538,27.46191196,55
939,Parksville,2006,1,All housing types,285086.6667,49442.5,5.269230769,39.5480572,38.92321274,125
939,Parksville,2006,1,Condos,167044.1176,49442.5,5.269230769,23.17284914,25.29799068,12
939,Parksville,2006,1,Single-detached,290329.2079,49442.5,5.269230769,40.27531787,41.08315087,81
939,Parksville,2006,1,Townhouses,293286.25,49442.5,5.269230769,40.68552741,35.70802608,32
913,Penticton,2006,1,All housing types,233581.2672,46992.5,5.269230769,34.09244353,34.46883108,193
913,Penticton,2006,1,Condos,169644.7753,46992.5,5.269230769,24.76056831,24.64960116,65
913,Penticton,2006,1,Single-detached,290272.0207,46992.5,5.269230769,42.36676423,41.62561139,93
913,Penticton,2006,1,Townhouses,172462.963,46992.5,5.269230769,25.17189797,28.09446494,35
940,Port Alberni,2006,1,All housing types,144570.6522,48787.5,5.269230769,20.32451756,24.91984493,82
940,Port Alberni,2006,1,Single-detached,146728.9157,48787.5,5.269230769,20.62793782,25.47459468,78
945,Powell River,2006,1,All housing types,190522.4138,49547.5,5.269230769,26.37381761,28.39881449,64
945,Powell River,2006,1,Single-detached,190912.2137,49547.5,5.269230769,26.42777721,29.06419653,54
970,Prince George,2006,1,All housing types,146339.7959,59812.5,5.269230769,16.78105109,20.86631918,202
970,Prince George,2006,1,Single-detached,152432.783,59812.5,5.269230769,17.47974503,21.62037066,181
970,Prince George,2006,1,Townhouses,66946.80851,59812.5,5.269230769,7.676912537,15.88118112,14
955,Prince Rupert,2006,1,All housing types,137470.5882,47557.5,5.269230769,19.82619823,20.96060583,28
955,Prince Rupert,2006,1,Single-detached,138537.234,47557.5,5.269230769,19.98003136,21.3614414,27
952,Quesnel,2006,1,All housing types,97542.37288,54095,5.269230769,12.36758378,19.12777887,72
952,Quesnel,2006,1,Condos,42000,54095,5.269230769,5.325260226,7.449258462,35
952,Quesnel,2006,1,Single-detached,115444.4444,54095,5.269230769,14.63742163,19.38116486,36
920,Salmon Arm,2006,1,All housing types,227029.2735,48927.74035,5.269230769,31.82550987,34.91041316,50
920,Salmon Arm,2006,1,Condos,103225,48927.74035,5.269230769,14.47032889,18.83347001,12
920,Salmon Arm,2006,1,Single-detached,247485.1852,48927.74035,5.269230769,34.69306879,37.57179298,24
920,Salmon Arm,2006,1,Townhouses,197410.95,48927.74035,5.269230769,27.67354201,27.50382689,14
934,Squamish,2006,1,All housing types,299431.5,57107.5,5.269230769,35.96275938,35.74275125,36
934,Squamish,2006,1,Condos,197645,57107.5,5.269230769,23.73784848,24.02183276,11
934,Squamish,2006,1,Single-detached,355595.2381,57107.5,5.269230769,42.70821868,52.39203906,10
934,Squamish,2006,1,Townhouses,298719.0769,57107.5,5.269230769,35.8771949,35.812071,15
965,Terrace,2006,1,All housing types,139177.2152,52847.5,5.269230769,18.06310326,22.28508389,33
965,Terrace,2006,1,Single-detached,139479.7297,52847.5,5.269230769,18.10236509,22.91057037,31
933,Vancouver,2006,1,All housing types,361326.0652,52830,5.269230769,46.91020715,46.34979114,9470
933,Vancouver,2006,1,Condos,249397.8934,52830,5.269230769,32.37880675,33.52101857,3727
933,Vancouver,2006,1,Single-detached,482960.9423,52830,5.269230769,62.70180878,73.63157159,3894
933,Vancouver,2006,1,Townhouses,307843.4696,52830,5.269230769,39.96667364,42.89966917,1849
918,Vernon,2006,1,All housing types,245809.7374,50252.5,5.269230769,33.54981119,33.47993893,213
918,Vernon,2006,1,Condos,130910.2564,50252.5,5.269230769,17.86753621,17.73657873,29
918,Vernon,2006,1,Single-detached,276612.4579,50252.5,5.269230769,37.75397928,38.42228469,148
918,Vernon,2006,1,Townhouses,208292.6829,50252.5,5.269230769,28.42922439,28.34301195,36
935,Victoria,2006,1,All housing types,352463.0238,58877.5,5.269230769,41.05942577,38.89023417,1235
935,Victoria,2006,1,Condos,228028.0749,58877.5,5.269230769,26.56364266,25.16453563,453
935,Victoria,2006,1,Single-detached,412980.9524,58877.5,5.269230769,48.10933237,48.24432339,628
935,Victoria,2006,1,Townhouses,328112.5857,58877.5,5.269230769,38.22277359,34.92562688,154
950,Williams Lake,2006,1,All housing types,143308.5938,54522.5,5.269230769,18.02790011,21.01542762,21
950,Williams Lake,2006,1,Single-detached,151020.9091,54522.5,5.269230769,18.9980921,22.05009043,18
932,Abbotsford - Mission,2006,2,All housing types,308343.8299,51010,5.788461538,43.60546809,39.8580484,895
932,Abbotsford - Mission,2006,2,Condos,143643.7736,51010,5.788461538,20.31386192,20.09532322,137
932,Abbotsford - Mission,2006,2,Single-detached,340046.5421,51010,5.788461538,48.08881255,49.93104757,626
932,Abbotsford - Mission,2006,2,Townhouses,229493.4498,51010,5.788461538,32.45457937,32.71122748,132
944,Campbell River,2006,2,All housing types,220412.3472,55350,5.788461538,28.72627463,28.83969156,223
944,Campbell River,2006,2,Condos,112978.6765,55350,5.788461538,14.72447678,18.33500271,31
944,Campbell River,2006,2,Single-detached,242589.0411,55350,5.788461538,31.61655645,31.14048371,173
944,Campbell River,2006,2,Townhouses,179437.2653,55350,5.788461538,23.38600459,23.04827448,19
930,Chilliwack,2006,2,All housing types,248838.7461,50665,5.788461538,35.42998523,35.74923238,555
930,Chilliwack,2006,2,Condos,119965.096,50665,5.788461538,17.08078684,17.71905455,63
930,Chilliwack,2006,2,Single-detached,300113.7809,50665,5.788461538,42.73059156,42.84775906,334
930,Chilliwack,2006,2,Townhouses,208731.2057,50665,5.788461538,29.71942131,29.51804433,158
943,Courtenay,2006,2,All housing types,251452.007,50655,5.788461538,35.80913254,33.29529423,344
943,Courtenay,2006,2,Condos,107747.7612,50655,5.788461538,15.34429535,18.06257235,38
943,Courtenay,2006,2,Single-detached,281842.127,50655,5.788461538,40.13697167,37.46374731,223
943,Courtenay,2006,2,Townhouses,186196.875,50655,5.788461538,26.51618754,25.7004721,83
905,Cranbrook,2006,2,All housing types,170005.4348,55075,5.788461538,22.26738989,23.32692088,111
905,Cranbrook,2006,2,Single-detached,181884.8684,55075,5.788461538,23.82336356,24.79879355,98
975,Dawson Creek,2006,2,All housing types,138081.9672,59375,5.788461538,16.77622943,17.42873376,81
975,Dawson Creek,2006,2,Single-detached,138081.9672,59375,5.788461538,16.77622943,17.4035768,81
937,Duncan,2006,2,All housing types,235520.9832,49480,5.788461538,34.33688774,33.65613231,233
937,Duncan,2006,2,Condos,103154.9296,49480,5.788461538,15.0390814,15.67225183,39
937,Duncan,2006,2,Single-detached,284723.9044,49480,5.788461538,41.51024087,37.87860121,140
937,Duncan,2006,2,Townhouses,202789.4737,49480,5.788461538,29.56492156,27.87876391,54
977,Fort St. John,2006,2,All housing types,218010.8696,71835,5.788461538,21.89288849,19.8313746,133
977,Fort St. John,2006,2,Single-detached,235432.6923,71835,5.788461538,23.64240686,21.34312718,107
977,Fort St. John,2006,2,Townhouses,155102.9412,71835,5.788461538,15.57560594,16.34879797,19
925,Kamloops,2006,2,All housing types,230870.5882,56905,5.788461538,29.26706659,29.18144185,584
925,Kamloops,2006,2,Condos,154500,56905,5.788461538,19.58569874,18.56500138,72
925,Kamloops,2006,2,Single-detached,255179.5717,56905,5.788461538,32.34867453,32.08712104,393
925,Kamloops,2006,2,Townhouses,190972.3558,56905,5.788461538,24.20923642,25.397242,119
915,Kelowna,2006,2,All housing types,314365.422,53030,5.788461538,42.76359004,38.09482147,1107
915,Kelowna,2006,2,Condos,218764.4717,53030,5.788461538,29.75885237,24.28880262,280
915,Kelowna,2006,2,Single-detached,351133.8583,53030,5.788461538,47.76525442,44.76537722,671
915,Kelowna,2006,2,Townhouses,257494.6809,53030,5.788461538,35.0273796,32.85366574,156
938,Nanaimo,2006,2,All housing types,265087.7883,51320,5.788461538,37.26182209,33.9915153,529
938,Nanaimo,2006,2,Condos,188850.4348,51320,5.788461538,26.54558834,21.40189008,64
938,Nanaimo,2006,2,Single-detached,282661.1667,51320,5.788461538,39.73200792,37.66249954,401
938,Nanaimo,2006,2,Townhouses,231453.7815,51320,5.788461538,32.53408874,27.46191196,64
939,Parksville,2006,2,All housing types,303919.4785,50145,5.788461538,43.72118392,38.92321274,201
939,Parksville,2006,2,Single-detached,305140,50145,5.788461538,43.89676544,41.08315087,154
939,Parksville,2006,2,Townhouses,312797.7778,50145,5.788461538,44.99839641,35.70802608,40
913,Penticton,2006,2,All housing types,242268.7747,47905,5.788461538,36.48191375,34.46883108,313
913,Penticton,2006,2,Condos,198582.9898,47905,5.788461538,29.90351322,24.64960116,132
913,Penticton,2006,2,Single-detached,308524.5536,47905,5.788461538,46.45900474,41.62561139,131
913,Penticton,2006,2,Townhouses,187676.4706,47905,5.788461538,28.26116086,28.09446494,50
940,Port Alberni,2006,2,All housing types,163290.1554,49025,5.788461538,24.02721387,24.91984493,111
940,Port Alberni,2006,2,Single-detached,164872.9282,49025,5.788461538,24.26010983,25.47459468,103
945,Powell River,2006,2,All housing types,191231.8841,50505,5.788461538,27.31410297,28.39881449,74
945,Powell River,2006,2,Single-detached,193356.5217,50505,5.788461538,27.61757,29.06419653,61
970,Prince George,2006,2,All housing types,160355.8333,60725,5.788461538,19.04926632,20.86631918,398
970,Prince George,2006,2,Condos,108200,60725,5.788461538,12.85348074,12.39060086,13
970,Prince George,2006,2,Single-detached,163565,60725,5.788461538,19.43049517,21.62037066,359
970,Prince George,2006,2,Townhouses,99250,60725,5.788461538,11.79027693,15.88118112,26
955,Prince Rupert,2006,2,All housing types,142335.8209,48095,5.788461538,21.34888979,20.96060583,39
955,Prince Rupert,2006,2,Single-detached,142277.3438,48095,5.788461538,21.34011883,21.3614414,37
952,Quesnel,2006,2,All housing types,106388.8889,54650,5.788461538,14.04323362,19.12777887,90
952,Quesnel,2006,2,Single-detached,121915.2542,54650,5.788461538,16.0926993,19.38116486,82
920,Salmon Arm,2006,2,All housing types,245455.5344,49751.8269,5.788461538,35.58973955,34.91041316,81
920,Salmon Arm,2006,2,Condos,123181.8182,49751.8269,5.788461538,17.86070474,18.83347001,21
920,Salmon Arm,2006,2,Single-detached,283912.1622,49751.8269,5.788461538,41.16574488,37.57179298,50
920,Salmon Arm,2006,2,Townhouses,210137.875,49751.8269,5.788461538,30.46886786,27.50382689,10
934,Squamish,2006,2,All housing types,280678.5591,58195,5.788461538,34.79241538,35.74275125,91
934,Squamish,2006,2,Condos,214752.5,58195,5.788461538,26.62033826,24.02183276,29
934,Squamish,2006,2,Single-detached,339363.6364,58195,5.788461538,42.06691328,52.39203906,23
934,Squamish,2006,2,Townhouses,290833.3333,58195,5.788461538,36.05118316,35.812071,39
965,Terrace,2006,2,All housing types,142990,53995,5.788461538,19.10350844,22.28508389,67
965,Terrace,2006,2,Single-detached,146666.6667,53995,5.788461538,19.59471225,22.91057037,62
933,Vancouver,2006,2,All housing types,379883.5285,53680,5.788461538,51.05037892,46.34979114,12823
933,Vancouver,2006,2,Condos,261718.7734,53680,5.788461538,35.170892,33.52101857,4833
933,Vancouver,2006,2,Single-detached,514580.4598,53680,5.788461538,69.04840512,73.63157159,5502
933,Vancouver,2006,2,Townhouses,321473.3687,53680,5.788461538,43.20097097,42.89966917,2488
918,Vernon,2006,2,All housing types,275003.9474,51115,5.788461538,38.81070899,33.47993893,357
918,Vernon,2006,2,Condos,153042.5532,51115,5.788461538,21.59856268,17.73657873,65
918,Vernon,2006,2,Single-detached,307225.5583,51115,5.788461538,43.35807487,38.42228469,255
918,Vernon,2006,2,Townhouses,220863.0137,51115,5.788461538,31.16991677,28.34301195,37
935,Victoria,2006,2,All housing types,370302.6182,59815,5.788461538,44.65886584,38.89023417,1706
935,Victoria,2006,2,Condos,235092.091,59815,5.788461538,28.35234113,25.16453563,470
935,Victoria,2006,2,Single-detached,435368.0982,59815,5.788461538,52.50582776,48.24432339,1002
935,Victoria,2006,2,Townhouses,340160.6701,59815,5.788461538,41.02371678,34.92562688,234
950,Williams Lake,2006,2,All housing types,152808.3333,55605,5.788461538,19.82413323,21.01542762,69
950,Williams Lake,2006,2,Single-detached,154611.1111,55605,5.788461538,20.05801123,22.05009043,63
932,Abbotsford - Mission,2006,3,All housing types,322546.6009,51670,6,45.94941989,39.8580484,929
932,Abbotsford - Mission,2006,3,Condos,156355.4455,51670,6,22.27412101,20.09532322,166
932,Abbotsford - Mission,2006,3,Single-detached,359583.4405,51670,6,51.22562274,49.93104757,618
932,Abbotsford - Mission,2006,3,Townhouses,239711.1913,51670,6,34.14883354,32.71122748,145
944,Campbell River,2006,3,All housing types,247721.8391,56140,6,32.48014146,28.83969156,212
944,Campbell River,2006,3,Condos,134653.8462,56140,6,17.65518934,18.33500271,21
944,Campbell River,2006,3,Single-detached,261662.6506,56140,6,34.30799617,31.14048371,159
944,Campbell River,2006,3,Townhouses,194822.0784,56140,6,25.54416959,23.04827448,32
930,Chilliwack,2006,3,All housing types,270731.7073,51307.5,6,38.84045359,35.74923238,675
930,Chilliwack,2006,3,Condos,142145.0123,51307.5,6,20.39279701,17.71905455,100
930,Chilliwack,2006,3,Single-detached,316809.2643,51307.5,6,45.45095825,42.84775906,400
930,Chilliwack,2006,3,Townhouses,224682.2823,51307.5,6,32.23398487,29.51804433,175
943,Courtenay,2006,3,All housing types,268226.8579,51512.5,6,38.32795601,33.29529423,423
943,Courtenay,2006,3,Condos,120116.4948,51512.5,6,17.16390285,18.06257235,59
943,Courtenay,2006,3,Single-detached,300375.1451,51512.5,6,42.92174706,37.46374731,287
943,Courtenay,2006,3,Townhouses,190100.3125,51512.5,6,27.16415676,25.7004721,77
905,Cranbrook,2006,3,All housing types,192237.9032,56117.5,6,25.21545043,23.32692088,137
905,Cranbrook,2006,3,Condos,86686.95652,56117.5,6,11.37054982,10.88601116,19
905,Cranbrook,2006,3,Single-detached,201330.9179,56117.5,6,26.40816246,24.79879355,109
975,Dawson Creek,2006,3,All housing types,161745.283,60787.5,6,19.5858925,17.42873376,78
975,Dawson Creek,2006,3,Single-detached,161570.0637,60787.5,6,19.56467502,17.4035768,76
937,Duncan,2006,3,All housing types,253061.3739,50445,6,36.92612708,33.65613231,211
937,Duncan,2006,3,Condos,92973.68421,50445,6,13.56650375,15.67225183,37
937,Duncan,2006,3,Single-detached,296724.0143,50445,6,43.29727802,37.87860121,139
937,Duncan,2006,3,Townhouses,218988.764,50445,6,31.9543311,27.87876391,35
977,Fort St. John,2006,3,All housing types,236819.0299,73952.5,6,23.57163798,19.8313746,135
977,Fort St. John,2006,3,Single-detached,250782.6577,73952.5,6,24.96149917,21.34312718,115
977,Fort St. John,2006,3,Townhouses,172543.5429,73952.5,6,17.17401651,16.34879797,16
925,Kamloops,2006,3,All housing types,244849.1525,57922.5,6,31.11553924,29.18144185,596
925,Kamloops,2006,3,Condos,161100,57922.5,6,20.47265967,18.56500138,48
925,Kamloops,2006,3,Single-detached,263143.643,57922.5,6,33.44041123,32.08712104,425
925,Kamloops,2006,3,Townhouses,207435.9504,57922.5,6,26.36105287,25.397242,123
915,Kelowna,2006,3,All housing types,340717.5844,54085,6,46.37070928,38.09482147,1381
915,Kelowna,2006,3,Condos,229614.2211,54085,6,31.2498526,24.28880262,394
915,Kelowna,2006,3,Single-detached,379037.4404,54085,6,51.5859344,44.76537722,798
915,Kelowna,2006,3,Townhouses,282295.7391,54085,6,38.41965971,32.85366574,189
938,Nanaimo,2006,3,All housing types,286428.5042,52105,6,40.46344541,33.9915153,534
938,Nanaimo,2006,3,Condos,174256.3492,52105,6,24.61700623,21.40189008,62
938,Nanaimo,2006,3,Single-detached,305088.2595,52105,6,43.09948888,37.66249954,416
938,Nanaimo,2006,3,Townhouses,242600,52105,6,34.27183996,27.46191196,56
939,Parksville,2006,3,All housing types,322407.2289,50847.5,6,46.67251358,38.92321274,214
939,Parksville,2006,3,Single-detached,323322.3684,50847.5,6,46.80499157,41.08315087,150
939,Parksville,2006,3,Townhouses,325783.8333,50847.5,6,47.16131966,35.70802608,56
913,Penticton,2006,3,All housing types,266815.2552,48817.5,6,40.23102955,34.46883108,265
913,Penticton,2006,3,Condos,204286.5882,48817.5,6,30.80281059,24.64960116,72
913,Penticton,2006,3,Single-detached,333692.5926,48817.5,6,50.31495123,41.62561139,139
913,Penticton,2006,3,Townhouses,221971.1538,48817.5,6,33.46933084,28.09446494,54
940,Port Alberni,2006,3,All housing types,173582.9787,49262.5,6,25.93681914,24.91984493,124
940,Port Alberni,2006,3,Single-detached,176324.2009,49262.5,6,26.34641336,25.47459468,116
945,Powell River,2006,3,All housing types,207839.6226,51462.5,6,29.72784925,28.39881449,85
945,Powell River,2006,3,Single-detached,211834.5324,51462.5,6,30.29925173,29.06419653,78
970,Prince George,2006,3,All housing types,173743.5374,61637.5,6,20.74864159,20.86631918,484
970,Prince George,2006,3,Condos,98078.94737,61637.5,6,11.71269422,12.39060086,25
970,Prince George,2006,3,Single-detached,177942.6357,61637.5,6,21.25010245,21.62037066,415
970,Prince George,2006,3,Townhouses,99135.71429,61637.5,6,11.83889447,15.88118112,44
955,Prince Rupert,2006,3,All housing types,142862.5,48632.5,6,21.62308597,20.96060583,41
955,Prince Rupert,2006,3,Single-detached,142785.7143,48632.5,6,21.611464001990502,21.3614414,40
952,Quesnel,2006,3,All housing types,126450.7463,55205,6,16.86044401,19.12777887,111
952,Quesnel,2006,3,Single-detached,127383.2432,55205,6,16.98477948,19.38116486,103
920,Salmon Arm,2006,3,All housing types,272173.3129,50575.91345,6,39.61209657,34.91041316,82
920,Salmon Arm,2006,3,Condos,149516.129,50575.91345,6,21.760573358592598,18.83347001,10
920,Salmon Arm,2006,3,Single-detached,293948.5981,50575.91345,6,42.78127099,37.57179298,57
920,Salmon Arm,2006,3,Townhouses,230223.6,50575.91345,6,33.50673649,27.50382689,15
934,Squamish,2006,3,All housing types,299629.8024,59282.5,6,37.203562,35.74275125,76
934,Squamish,2006,3,Condos,210776.1905,59282.5,6,26.17104509,24.02183276,13
934,Squamish,2006,3,Single-detached,345333.3333,59282.5,6,42.87834512,52.39203906,22
934,Squamish,2006,3,Townhouses,307812.5,59282.5,6,38.2195674,35.812071,41
965,Terrace,2006,3,All housing types,142131.2057,55142.5,6,18.97269447,22.28508389,74
965,Terrace,2006,3,Single-detached,145407.6923,55142.5,6,19.41006345,22.91057037,68
933,Vancouver,2006,3,All housing types,405844.3057,54530,6,54.78352638,46.34979114,12088
933,Vancouver,2006,3,Condos,275427.0847,54530,6,37.17895446,33.52101857,4305
933,Vancouver,2006,3,Single-detached,540215.7031,54530,6,72.63614425,73.63157159,5425
933,Vancouver,2006,3,Townhouses,339975.031,54530,6,45.89205962,42.89966917,2358
918,Vernon,2006,3,All housing types,292115.7025,51977.5,6,41.36809676,33.47993893,369
918,Vernon,2006,3,Condos,160980.2419,51977.5,6,22.79728946,17.73657873,59
918,Vernon,2006,3,Single-detached,332283.4302,51977.5,6,47.05646761,38.42228469,261
918,Vernon,2006,3,Townhouses,229569.7674,51977.5,6,32.510626,28.34301195,49
935,Victoria,2006,3,All housing types,388494.0024,60752.5,6,47.07021579,38.89023417,1587
935,Victoria,2006,3,Condos,242010.7449,60752.5,6,29.32219781,25.16453563,416
935,Victoria,2006,3,Single-detached,447701.1173,60752.5,6,54.24379288,48.24432339,967
935,Victoria,2006,3,Townhouses,342858.9041,60752.5,6,41.5410341,34.92562688,204
950,Williams Lake,2006,3,All housing types,165333.3333,56687.5,6,21.46837349,21.01542762,66
950,Williams Lake,2006,3,Single-detached,168628.0992,56687.5,6,21.89619565,22.05009043,58
932,Abbotsford - Mission,2006,4,All housing types,326539.5349,52330,6,45.93154562,39.8580484,662
932,Abbotsford - Mission,2006,4,Condos,166312.8028,52330,6,23.39381077,20.09532322,123
932,Abbotsford - Mission,2006,4,Single-detached,370517.7092,52330,6,52.11758224,49.93104757,429
932,Abbotsford - Mission,2006,4,Townhouses,248313.7255,52330,6,34.92818478,32.71122748,110
944,Campbell River,2006,4,All housing types,255142.8571,56930,6,32.98893199,28.83969156,159
944,Campbell River,2006,4,Condos,164162.1622,56930,6,21.22549878,18.33500271,16
944,Campbell River,2006,4,Single-detached,266114.5105,56930,6,34.40752207,31.14048371,127
944,Campbell River,2006,4,Townhouses,198083.3333,56930,6,25.61136802,23.04827448,16
930,Chilliwack,2006,4,All housing types,276082.9436,51950,6,39.11830691,35.74923238,406
930,Chilliwack,2006,4,Condos,147718.5629,51950,6,20.93030451,17.71905455,67
930,Chilliwack,2006,4,Single-detached,326884.7352,51950,6,46.31643386,42.84775906,242
930,Chilliwack,2006,4,Townhouses,232173.5404,51950,6,32.89676535,29.51804433,97
943,Courtenay,2006,4,All housing types,272035.1714,52370,6,38.23565272,33.29529423,248
943,Courtenay,2006,4,Condos,123507.8652,52370,6,17.35953413,18.06257235,30
943,Courtenay,2006,4,Single-detached,297385.9375,52370,6,41.79880629,37.46374731,161
943,Courtenay,2006,4,Townhouses,206289.9254,52370,6,28.99489028,25.7004721,57
905,Cranbrook,2006,4,All housing types,190000,57160,6,24.46737655,23.32692088,73
905,Cranbrook,2006,4,Single-detached,207554.9107,57160,6,26.72802186,24.79879355,59
975,Dawson Creek,2006,4,All housing types,171884.7326,62200,6,20.34103012,17.42873376,51
975,Dawson Creek,2006,4,Single-detached,171871.2302,62200,6,20.33943223,17.4035768,50
937,Duncan,2006,4,All housing types,257281.6356,51410,6,36.83725063,33.65613231,143
937,Duncan,2006,4,Condos,108013.1552,51410,6,15.46518336,15.67225183,21
937,Duncan,2006,4,Single-detached,300764.977,51410,6,43.06313901,37.87860121,78
937,Duncan,2006,4,Townhouses,227329.1139,51410,6,32.54868746,27.87876391,44
977,Fort St. John,2006,4,All housing types,246352.9412,76070,6,23.8380299,19.8313746,120
977,Fort St. John,2006,4,Single-detached,253664.5556,76070,6,24.54552899,21.34312718,101
977,Fort St. John,2006,4,Townhouses,193300.8,76070,6,18.70450675,16.34879797,14
925,Kamloops,2006,4,All housing types,251045.8167,58940,6,31.35226218,29.18144185,408
925,Kamloops,2006,4,Condos,152742.8571,58940,6,19.07553835,18.56500138,64
925,Kamloops,2006,4,Single-detached,267843.3382,58940,6,33.45004778,32.08712104,258
925,Kamloops,2006,4,Townhouses,225886.1244,58940,6,28.21015338,25.397242,86
915,Kelowna,2006,4,All housing types,346479.3758,55140,6,46.25265331,38.09482147,1070
915,Kelowna,2006,4,Condos,239794.0238,55140,6,32.01088037,24.28880262,405
915,Kelowna,2006,4,Single-detached,388389.2216,55140,6,51.84733427,44.76537722,538
915,Kelowna,2006,4,Townhouses,287494.3133,55140,6,38.37854641,32.85366574,127
938,Nanaimo,2006,4,All housing types,290786.105,52890,6,40.46933873,33.9915153,380
938,Nanaimo,2006,4,Condos,161240.566,52890,6,22.44020251,21.40189008,44
938,Nanaimo,2006,4,Single-detached,313352.2273,52890,6,43.60991536,37.66249954,288
938,Nanaimo,2006,4,Townhouses,238615.3846,52890,6,33.20862538,27.46191196,48
939,Parksville,2006,4,All housing types,324304.8128,51550,6,46.30743748,38.92321274,160
939,Parksville,2006,4,Single-detached,328439.5604,51550,6,46.8978375,41.08315087,123
939,Parksville,2006,4,Townhouses,322862.2442,51550,6,46.10145331,35.70802608,30
913,Penticton,2006,4,All housing types,277306.6371,49730,6,41.04571542,34.46883108,169
913,Penticton,2006,4,Condos,184272.7273,49730,6,27.27524304,24.64960116,27
913,Penticton,2006,4,Single-detached,348449.7788,49730,6,51.57601206,41.62561139,87
913,Penticton,2006,4,Townhouses,234424.3119,49730,6,34.69846123,28.09446494,55
940,Port Alberni,2006,4,All housing types,171231.1558,49500,6,25.4626508,24.91984493,75
940,Port Alberni,2006,4,Single-detached,173830.6452,49500,6,25.84920364,25.47459468,70
945,Powell River,2006,4,All housing types,215969.1011,52420,6,30.32638394,28.39881449,93
945,Powell River,2006,4,Condos,108264.7059,52420,6,15.20253138,18.58894411,15
945,Powell River,2006,4,Single-detached,230507.8431,52420,6,32.36791428,29.06419653,75
970,Prince George,2006,4,All housing types,184129.1457,62550,6,21.66812085,20.86631918,312
970,Prince George,2006,4,Condos,90540.90909,62550,6,10.6547573,12.39060086,30
970,Prince George,2006,4,Single-detached,192873.8839,62550,6,22.69719228,21.62037066,257
970,Prince George,2006,4,Townhouses,115115.942,62550,6,13.54672088,15.88118112,25
955,Prince Rupert,2006,4,All housing types,129828.7671,49170,6,19.43554617,20.96060583,32
955,Prince Rupert,2006,4,Single-detached,133507.2464,49170,6,19.98621961,21.3614414,29
952,Quesnel,2006,4,All housing types,119838.6364,55760,6,15.8197683,19.12777887,65
952,Quesnel,2006,4,Single-detached,119788.1988,55760,6,15.81311008,19.38116486,58
920,Salmon Arm,2006,4,All housing types,288531.4685,51400,6,41.31959842,34.91041316,61
920,Salmon Arm,2006,4,Single-detached,297803.7383,51400,6,42.64744826,37.57179298,50
934,Squamish,2006,4,All housing types,340673.3813,60370,6,41.53775783,35.74275125,63
934,Squamish,2006,4,Condos,213169.5652,60370,6,25.99142247,24.02183276,10
934,Squamish,2006,4,Single-detached,353750,60370,6,43.13216893,52.39203906,11
934,Squamish,2006,4,Townhouses,358204.8193,60370,6,43.67533789,35.812071,42
965,Terrace,2006,4,All housing types,144934.7458,56290,6,18.95253421,22.28508389,44
965,Terrace,2006,4,Single-detached,146648.1481,56290,6,19.17658895,22.91057037,40
933,Vancouver,2006,4,All housing types,405592.1559,55380,6,53.90916693,46.34979114,9474
933,Vancouver,2006,4,Condos,276558.6481,55380,6,36.75871466,33.52101857,4246
933,Vancouver,2006,4,Single-detached,552612.1586,55380,6,73.08224014,73.63157159,3473
933,Vancouver,2006,4,Townhouses,349859.9562,55380,6,46.50153734,42.89966917,1755
918,Vernon,2006,4,All housing types,296319.2675,52840,6,41.27842397,33.47993893,259
918,Vernon,2006,4,Condos,167181.8584,52840,6,23.2890817,17.73657873,54
918,Vernon,2006,4,Single-detached,345461.6745,52840,6,48.12415199,38.42228469,163
918,Vernon,2006,4,Townhouses,234805.0769,52840,6,32.70925849,28.34301195,42
935,Victoria,2006,4,All housing types,392469.4915,61690,6,46.82924514,38.89023417,1233
935,Victoria,2006,4,Condos,253935.54,61690,6,30.29944979,25.16453563,384
935,Victoria,2006,4,Single-detached,452359.5267,61690,6,53.97529139,48.24432339,681
935,Victoria,2006,4,Townhouses,342596.7742,61690,6,40.87845978,34.92562688,168
950,Williams Lake,2006,4,All housing types,171622.9508,57770,6,21.86749431,21.01542762,56
950,Williams Lake,2006,4,Single-detached,177074.0741,57770,6,22.56205413,22.05009043,50
932,Abbotsford - Mission,2007,1,All housing types,313980.4268,53185,6,43.45496823,39.8580484,697
932,Abbotsford - Mission,2007,1,Condos,163842.6977,53185,6,22.67586962,20.09532322,264
932,Abbotsford - Mission,2007,1,Single-detached,377415.7548,53185,6,52.23443322,49.93104757,348
932,Abbotsford - Mission,2007,1,Townhouses,258794.8718,53185,6,35.81727385,32.71122748,85
944,Campbell River,2007,1,All housing types,247423.7805,57632.5,6,31.60094022,28.83969156,169
944,Campbell River,2007,1,Condos,133888.8889,57632.5,6,17.10027535,18.33500271,20
944,Campbell River,2007,1,Single-detached,259435.6996,57632.5,6,33.13510131,31.14048371,126
944,Campbell River,2007,1,Townhouses,203217.9487,57632.5,6,25.95497585,23.04827448,23
930,Chilliwack,2007,1,All housing types,270694.2781,52732.5,6,37.78563624,35.74923238,457
930,Chilliwack,2007,1,Condos,138075.8621,52732.5,6,19.27371474,17.71905455,78
930,Chilliwack,2007,1,Single-detached,332479.1667,52732.5,6,46.4100569,42.84775906,238
930,Chilliwack,2007,1,Townhouses,239084.4664,52732.5,6,33.37329012,29.51804433,141
943,Courtenay,2007,1,All housing types,261711.7409,53280,6,36.15638607,33.29529423,246
943,Courtenay,2007,1,Condos,129261.5385,53280,6,17.85793053,18.06257235,35
943,Courtenay,2007,1,Single-detached,278527.2727,53280,6,38.4795102,37.46374731,147
943,Courtenay,2007,1,Townhouses,223764.4628,53280,6,30.91383779,25.7004721,64
905,Cranbrook,2007,1,All housing types,202491.8831,57990,6,25.70280583,23.32692088,81
905,Cranbrook,2007,1,Single-detached,217673.8,57990,6,27.62988486,24.79879355,66
975,Dawson Creek,2007,1,All housing types,177137.8466,62707.5,6,20.79303568,17.42873376,37
975,Dawson Creek,2007,1,Single-detached,177261.7816,62707.5,6,20.80758359,17.4035768,37
937,Duncan,2007,1,All housing types,249800.7082,52162.5,6,35.25017622,33.65613231,138
937,Duncan,2007,1,Condos,121087.5116,52162.5,6,17.08704572,15.67225183,22
937,Duncan,2007,1,Single-detached,308585.1852,52162.5,6,43.54544162,37.87860121,84
937,Duncan,2007,1,Townhouses,218000,52162.5,6,30.76267666,27.87876391,32
977,Fort St. John,2007,1,All housing types,245464.2857,76660,6,23.56923695,19.8313746,90
977,Fort St. John,2007,1,Single-detached,257017.2805,76660,6,24.67854403,21.34312718,63
977,Fort St. John,2007,1,Townhouses,206000,76660,6,19.77991542,16.34879797,21
925,Kamloops,2007,1,All housing types,256603.6988,59635,6,31.67289153,29.18144185,349
925,Kamloops,2007,1,Condos,143824.7788,59635,6,17.7524589,18.56500138,49
925,Kamloops,2007,1,Single-detached,281902.7197,59635,6,34.79557896,32.08712104,220
925,Kamloops,2007,1,Townhouses,236425.9036,59635,6,29.18232292,25.397242,80
915,Kelowna,2007,1,All housing types,345595.9596,56085,6,45.35737967,38.09482147,712
915,Kelowna,2007,1,Condos,235917.8906,56085,6,30.96279641,24.28880262,171
915,Kelowna,2007,1,Single-detached,392088.2353,56085,6,51.45920969,44.76537722,414
915,Kelowna,2007,1,Townhouses,282699.5,56085,6,37.10259972,32.85366574,127
938,Nanaimo,2007,1,All housing types,281258.5769,53740,6,38.52424514,33.9915153,407
938,Nanaimo,2007,1,Condos,175523.6078,53740,6,24.04162949,21.40189008,58
938,Nanaimo,2007,1,Single-detached,308732.1859,53740,6,42.28733055,37.66249954,293
938,Nanaimo,2007,1,Townhouses,234011.5385,53740,6,32.05277497,27.46191196,56
939,Parksville,2007,1,All housing types,320177.1654,52437.5,6,44.94427736,38.92321274,94
939,Parksville,2007,1,Single-detached,324100.5587,52437.5,6,45.49501644,41.08315087,56
939,Parksville,2007,1,Townhouses,336882.9153,52437.5,6,47.2893161,35.70802608,29
913,Penticton,2007,1,All housing types,289901.1902,50435,6,42.31009476,34.46883108,136
913,Penticton,2007,1,Condos,198750,50435,6,29.00688793,24.64960116,27
913,Penticton,2007,1,Single-detached,364287.963,50435,6,53.16659178,41.62561139,75
913,Penticton,2007,1,Townhouses,236972.4719,50435,6,34.58532797,28.09446494,34
940,Port Alberni,2007,1,All housing types,165750,50085,6,24.3596971,24.91984493,75
940,Port Alberni,2007,1,Single-detached,169844.2029,50085,6,24.96140777,25.47459468,68
945,Powell River,2007,1,All housing types,215413.5338,53150,6,29.83291848,28.39881449,40
945,Powell River,2007,1,Single-detached,233418.4211,53150,6,32.32644023,29.06419653,39
970,Prince George,2007,1,All housing types,198695.4128,63267.5,6,23.1170915,20.86631918,233
970,Prince George,2007,1,Condos,88193.65385,63267.5,6,10.26083459,12.39060086,22
970,Prince George,2007,1,Single-detached,212094.7894,63267.5,6,24.67603344,21.62037066,194
970,Prince George,2007,1,Townhouses,122309.5238,63267.5,6,14.2300238,15.88118112,17
955,Prince Rupert,2007,1,All housing types,89538.46154,50395,6,13.07820689,20.96060583,72
955,Prince Rupert,2007,1,Condos,72418.60465,50395,6,10.57763868,8.285978463,40
955,Prince Rupert,2007,1,Single-detached,131147.541,50395,6,19.15573089,21.3614414,32
952,Quesnel,2007,1,All housing types,117555.5556,56422.5,6,15.33616802,19.12777887,34
952,Quesnel,2007,1,Single-detached,117978.022,56422.5,6,15.39128252,19.38116486,33
920,Salmon Arm,2007,1,All housing types,283817.7966,52377.5,6,39.8860366,34.91041316,57
920,Salmon Arm,2007,1,Condos,201447.3684,52377.5,6,28.3101948,18.83347001,14
920,Salmon Arm,2007,1,Single-detached,298279.0698,52377.5,6,41.91833647,37.57179298,36
934,Squamish,2007,1,All housing types,374220.5607,61445,6,44.829833046196804,35.74275125,44
934,Squamish,2007,1,Single-detached,400633.9286,61445,6,47.99402816,52.39203906,17
934,Squamish,2007,1,Townhouses,394209.6774,61445,6,47.2244336,35.812071,20
965,Terrace,2007,1,All housing types,153427.957,56975,6,19.82194164,22.28508389,49
965,Terrace,2007,1,Single-detached,163013.1579,56975,6,21.06029022,22.91057037,36
965,Terrace,2007,1,Townhouses,75000,56975,6,9.689535415,17.24808589,10
933,Vancouver,2007,1,All housing types,389097.8855,56287.5,6,50.88302656,46.34979114,8513
933,Vancouver,2007,1,Condos,277681.6525,56287.5,6,36.31292645,33.52101857,3984
933,Vancouver,2007,1,Single-detached,561276.8449,56287.5,6,72.97742538,73.63157159,3018
933,Vancouver,2007,1,Townhouses,351775.8726,56287.5,6,46.00236017,42.89966917,1511
918,Vernon,2007,1,All housing types,293649.2958,53837.5,6,40.14857207,33.47993893,238
918,Vernon,2007,1,Condos,180431.5789,53837.5,6,24.66912183,17.73657873,41
918,Vernon,2007,1,Single-detached,345000,53837.5,6,47.16938731,38.42228469,159
918,Vernon,2007,1,Townhouses,242115.775,53837.5,6,33.10276164,28.34301195,38
935,Victoria,2007,1,All housing types,396205.1873,62617.5,6,46.57474198,38.89023417,1122
935,Victoria,2007,1,Condos,260268.3918,62617.5,6,30.59508957,25.16453563,374
935,Victoria,2007,1,Single-detached,464279.3887,62617.5,6,54.57700563,48.24432339,595
935,Victoria,2007,1,Townhouses,352700.9346,62617.5,6,41.46072679,34.92562688,153
950,Williams Lake,2007,1,All housing types,165244.8454,58652.5,6,20.73802615,21.01542762,41
950,Williams Lake,2007,1,Single-detached,171790.1235,58652.5,6,21.55945055,22.05009043,31
932,Abbotsford - Mission,2007,2,All housing types,321115.5378,54040,6,43.73931777,39.8580484,1060
932,Abbotsford - Mission,2007,2,Condos,171869.6087,54040,6,23.41045058,20.09532322,288
932,Abbotsford - Mission,2007,2,Single-detached,386925.9259,54040,6,52.70338565,49.93104757,624
932,Abbotsford - Mission,2007,2,Townhouses,272463.5193,54040,6,37.11240052,32.71122748,148
944,Campbell River,2007,2,All housing types,249515.4639,58335,6,31.48431792,28.83969156,219
944,Campbell River,2007,2,Condos,125000,58335,6,15.77272879,18.33500271,20
944,Campbell River,2007,2,Single-detached,264724.6014,58335,6,33.40343472,31.14048371,170
944,Campbell River,2007,2,Townhouses,223212.5,58335,6,28.16536179,23.04827448,29
930,Chilliwack,2007,2,All housing types,286534.07,53515,6,39.41184478,35.74923238,629
930,Chilliwack,2007,2,Condos,144320.9459,53515,6,19.85088447,17.71905455,70
930,Chilliwack,2007,2,Single-detached,344079.602,53515,6,47.32704864,42.84775906,365
930,Chilliwack,2007,2,Townhouses,251131.1522,53515,6,34.54228669,29.51804433,194
943,Courtenay,2007,2,All housing types,271398.243,54190,6,36.86497177,33.29529423,437
943,Courtenay,2007,2,Condos,189556.5217,54190,6,25.74812476,18.06257235,80
943,Courtenay,2007,2,Single-detached,298959.854,54190,6,40.6087617,37.46374731,264
943,Courtenay,2007,2,Townhouses,218076.4331,54190,6,29.62208399,25.7004721,93
905,Cranbrook,2007,2,All housing types,233799.7788,58820,6,29.25803132,23.32692088,145
905,Cranbrook,2007,2,Condos,95257.69231,58820,6,11.92068085,10.88601116,20
905,Cranbrook,2007,2,Single-detached,249924.4186,58820,6,31.27589131,24.79879355,106
905,Cranbrook,2007,2,Townhouses,164392.8571,58820,6,20.57235208,18.84060012,19
975,Dawson Creek,2007,2,All housing types,193345.1087,63215,6,22.51329552,17.42873376,55
975,Dawson Creek,2007,2,Single-detached,193345.1087,63215,6,22.51329552,17.4035768,55
937,Duncan,2007,2,All housing types,282879.8387,52915,6,39.35040623,33.65613231,234
937,Duncan,2007,2,Condos,120638.2979,52915,6,16.78156368,15.67225183,25
937,Duncan,2007,2,Single-detached,328561.4108,52915,6,45.70500692,37.87860121,157
937,Duncan,2007,2,Townhouses,226035.7143,52915,6,31.44302266,27.87876391,52
977,Fort St. John,2007,2,All housing types,264272.0526,77250,6,25.18133639,19.8313746,138
977,Fort St. John,2007,2,Single-detached,276246.0112,77250,6,26.32228291,21.34312718,115
977,Fort St. John,2007,2,Townhouses,216228.5,77250,6,20.60347487,16.34879797,21
925,Kamloops,2007,2,All housing types,272912.2632,60330,6,33.29781611,29.18144185,654
925,Kamloops,2007,2,Condos,171053.6913,60330,6,20.8701298,18.56500138,100
925,Kamloops,2007,2,Single-detached,309512.2047,60330,6,37.76334692,32.08712104,415
925,Kamloops,2007,2,Townhouses,235511.4155,60330,6,28.73456734,25.397242,139
915,Kelowna,2007,2,All housing types,377447.9901,57030,6,48.71691405,38.09482147,1303
915,Kelowna,2007,2,Condos,237714.0909,57030,6,30.68157002,24.28880262,258
915,Kelowna,2007,2,Single-detached,418595.8167,57030,6,54.02783155,44.76537722,841
915,Kelowna,2007,2,Townhouses,302370.0906,57030,6,39.02666885,32.85366574,204
938,Nanaimo,2007,2,All housing types,292210.2002,54590,6,39.40109598,33.9915153,642
938,Nanaimo,2007,2,Condos,186987.3803,54590,6,25.21304086,21.40189008,84
938,Nanaimo,2007,2,Single-detached,314711.7722,54590,6,42.43516733,37.66249954,497
938,Nanaimo,2007,2,Townhouses,234193.5897,54590,6,31.57824094,27.46191196,61
939,Parksville,2007,2,All housing types,335783.3333,53325,6,46.35048649,38.92321274,206
939,Parksville,2007,2,Condos,186842.1053,53325,6,25.79110282,25.29799068,10
939,Parksville,2007,2,Single-detached,339348.8372,53325,6,46.84265755,41.08315087,159
939,Parksville,2007,2,Townhouses,350757.9848,53325,6,48.41754078,35.70802608,37
913,Penticton,2007,2,All housing types,302055.59057072003,51140,6,43.47626021,34.46883108,267
913,Penticton,2007,2,Condos,222045.1613,51140,6,31.95998853,24.64960116,66
913,Penticton,2007,2,Single-detached,371432.8214,51140,6,53.46204639,41.62561139,135
913,Penticton,2007,2,Townhouses,243053,51140,6,34.98374406,28.09446494,66
940,Port Alberni,2007,2,All housing types,182336.3636,50670,6,26.48795378,24.91984493,156
940,Port Alberni,2007,2,Single-detached,187854.067,50670,6,27.28950904,25.47459468,141
940,Port Alberni,2007,2,Townhouses,101131.5789,50670,6,14.69135687,17.79705682,13
945,Powell River,2007,2,All housing types,238838.3459,53880,6,32.62890448,28.39881449,93
945,Powell River,2007,2,Single-detached,248069.6721,53880,6,33.89004226,29.06419653,83
970,Prince George,2007,2,All housing types,212618.3986,63985,6,24.45956299,20.86631918,354
970,Prince George,2007,2,Condos,89921.70213,63985,6,10.34456826,12.39060086,25
970,Prince George,2007,2,Single-detached,227313.0252,63985,6,26.15002885,21.62037066,282
970,Prince George,2007,2,Townhouses,126023.4375,63985,6,14.49770212,15.88118112,47
955,Prince Rupert,2007,2,All housing types,125545.4545,51620,6,17.90230773,20.96060583,60
955,Prince Rupert,2007,2,Single-detached,166454.5455,51620,6,23.73578961,21.3614414,56
952,Quesnel,2007,2,All housing types,140977.7778,57085,6,18.17835917,19.12777887,101
952,Quesnel,2007,2,Single-detached,140977.0992,57085,6,18.17827167,19.38116486,98
920,Salmon Arm,2007,2,All housing types,298781.6456,53355,6,41.21969894,34.91041316,101
920,Salmon Arm,2007,2,Condos,190826.9231,53355,6,26.32634379,18.83347001,12
920,Salmon Arm,2007,2,Single-detached,317397.4576,53355,6,43.78792286,37.57179298,82
934,Squamish,2007,2,All housing types,360046.9107,62520,6,42.39026626,35.74275125,68
934,Squamish,2007,2,Condos,211333.3333,62520,6,24.88141407,24.02183276,14
934,Squamish,2007,2,Single-detached,429500,62520,6,50.56735335,52.39203906,17
934,Squamish,2007,2,Townhouses,359756.5965,62520,6,42.356086,35.812071,37
965,Terrace,2007,2,All housing types,155899.0826,57660,6,19.90191863,22.28508389,60
965,Terrace,2007,2,Condos,45192.30769,57660,6,5.769204126,9.171153832,10
965,Terrace,2007,2,Single-detached,175662.5,57660,6,22.42489644,22.91057037,44
933,Vancouver,2007,2,All housing types,412574.9213,57195,6,53.09709806,46.34979114,13544
933,Vancouver,2007,2,Condos,295595.4294,57195,6,38.04220443,33.52101857,5599
933,Vancouver,2007,2,Single-detached,582589.5731,57195,6,74.41802833,73.63157159,5331
933,Vancouver,2007,2,Townhouses,366406.5455,57195,6,47.15537292,42.89966917,2614
918,Vernon,2007,2,All housing types,322620.9895,54835,6,43.30726884,33.47993893,429
918,Vernon,2007,2,Condos,169280.3738,54835,6,22.72347707,17.73657873,66
918,Vernon,2007,2,Single-detached,360819.8614,54835,6,48.43492286,38.42228469,274
918,Vernon,2007,2,Townhouses,279004.3307,54835,6,37.45235416,28.34301195,89
935,Victoria,2007,2,All housing types,419075.3762,63545,6,48.54413695,38.89023417,2015
935,Victoria,2007,2,Condos,289257.7661,63545,6,33.50654658,25.16453563,648
935,Victoria,2007,2,Single-detached,484029.9171,63545,6,56.06823001,48.24432339,1093
935,Victoria,2007,2,Townhouses,368368.8525,63545,6,42.67048135,34.92562688,274
950,Williams Lake,2007,2,All housing types,171350,59535,6,21.18545402,21.01542762,84
950,Williams Lake,2007,2,Single-detached,174745.098,59535,6,21.60521879,22.05009043,71
950,Williams Lake,2007,2,Townhouses,153863.6364,59535,6,19.02346655,15.65666588,13
932,Abbotsford - Mission,2007,3,All housing types,341011.2994,54895,6.230769231,46.73239588,39.8580484,1064
932,Abbotsford - Mission,2007,3,Condos,184476.8166,54895,6.230769231,25.28081515,20.09532322,290
932,Abbotsford - Mission,2007,3,Single-detached,398241.0526,54895,6.230769231,54.57519606,49.93104757,611
932,Abbotsford - Mission,2007,3,Townhouses,271639.8714,54895,6.230769231,37.22569319,32.71122748,163
944,Campbell River,2007,3,All housing types,269865.7258,59037.5,6.230769231,34.38759783,28.83969156,277
944,Campbell River,2007,3,Condos,143372.093,59037.5,6.230769231,18.26916649,18.33500271,23
944,Campbell River,2007,3,Single-detached,287055.8376,59037.5,6.230769231,36.57804512,31.14048371,224
944,Campbell River,2007,3,Townhouses,228500.8475,59037.5,6.230769231,29.11668468,23.04827448,30
930,Chilliwack,2007,3,All housing types,298632.1094,54297.5,6.230769231,41.37506936,35.74923238,760
930,Chilliwack,2007,3,Condos,168558.4699,54297.5,6.230769231,23.35354493,17.71905455,113
930,Chilliwack,2007,3,Single-detached,357971.7587,54297.5,6.230769231,49.59649641,42.84775906,414
930,Chilliwack,2007,3,Townhouses,258533.3396,54297.5,6.230769231,35.81943977,29.51804433,233
943,Courtenay,2007,3,All housing types,288553.4932,55100,6.230769231,39.39642412,33.29529423,522
943,Courtenay,2007,3,Condos,210744.1558,55100,6.230769231,28.77305713,18.06257235,74
943,Courtenay,2007,3,Single-detached,320244.7917,55100,6.230769231,43.72326079,37.46374731,312
943,Courtenay,2007,3,Townhouses,243726.393,55100,6.230769231,33.27614662,25.7004721,136
905,Cranbrook,2007,3,All housing types,259648.7455,59650,6.230769231,32.74596908,23.32692088,134
905,Cranbrook,2007,3,Condos,93531.25,59650,6.230769231,11.79582599,10.88601116,12
905,Cranbrook,2007,3,Single-detached,277567.1296,59650,6.230769231,35.00577146,24.79879355,110
905,Cranbrook,2007,3,Townhouses,175038.7097,59650,6.230769231,22.07525465,18.84060012,12
975,Dawson Creek,2007,3,All housing types,195230,63722.5,6.230769231,23.04813638,17.42873376,70
975,Dawson Creek,2007,3,Single-detached,195230,63722.5,6.230769231,23.04813638,17.4035768,70
937,Duncan,2007,3,All housing types,307880.3245,53667.5,6.230769231,43.15713812,33.65613231,259
937,Duncan,2007,3,Condos,124117.5,53667.5,6.230769231,17.39817605,15.67225183,25
937,Duncan,2007,3,Single-detached,337882.3529,53667.5,6.230769231,47.36267377,37.87860121,183
937,Duncan,2007,3,Townhouses,246167.4757,53667.5,6.230769231,34.5065368,27.87876391,51
977,Fort St. John,2007,3,All housing types,277829.8495,77840,6.230769231,26.85085648,19.8313746,141
977,Fort St. John,2007,3,Single-detached,289812.5,77840,6.230769231,28.00891933,21.34312718,117
977,Fort St. John,2007,3,Townhouses,226060.3953,77840,6.230769231,21.84759932,16.34879797,22
925,Kamloops,2007,3,All housing types,290876.7334,61025,6.230769231,35.85776884,29.18144185,644
925,Kamloops,2007,3,Condos,177142.4242,61025,6.230769231,21.83719552,18.56500138,65
925,Kamloops,2007,3,Single-detached,326993.267,61025,6.230769231,40.310027,32.08712104,439
925,Kamloops,2007,3,Townhouses,240845.8781,61025,6.230769231,29.69022555,25.397242,140
915,Kelowna,2007,3,All housing types,396159.2795,57975,6.230769231,51.40568405,38.09482147,1445
915,Kelowna,2007,3,Condos,252826.6332,57975,6.230769231,32.80681962,24.28880262,339
915,Kelowna,2007,3,Single-detached,438615.7757,57975,6.230769231,56.914845,44.76537722,880
915,Kelowna,2007,3,Townhouses,324732.5581,57975,6.230769231,42.1373426,32.85366574,226
938,Nanaimo,2007,3,All housing types,301311.3636,55440,6.230769231,40.88597476,33.9915153,678
938,Nanaimo,2007,3,Condos,174586,55440,6.230769231,23.69017452,21.40189008,116
938,Nanaimo,2007,3,Single-detached,325867.3096,55440,6.230769231,44.21805549,37.66249954,488
938,Nanaimo,2007,3,Townhouses,235466.2963,55440,6.230769231,31.95123121,27.46191196,74
939,Parksville,2007,3,All housing types,342830.6265,54212.5,6.230769231,47.57318673,38.92321274,225
939,Parksville,2007,3,Condos,353900,54212.5,6.230769231,49.10923787,25.29799068,20
939,Parksville,2007,3,Single-detached,344471.519,54212.5,6.230769231,47.80088659,41.08315087,157
939,Parksville,2007,3,Townhouses,341635.2941,54212.5,6.230769231,47.40731541,35.70802608,48
913,Penticton,2007,3,All housing types,313855.5391,51845,6.230769231,45.54125409,34.46883108,295
913,Penticton,2007,3,Condos,245509.9032,51845,6.230769231,35.62412476,24.64960116,89
913,Penticton,2007,3,Single-detached,389827.9571,51845,6.230769231,56.5650493,41.62561139,133
913,Penticton,2007,3,Townhouses,248953.2374,51845,6.230769231,36.1237615,28.09446494,73
940,Port Alberni,2007,3,All housing types,193078.0186,51255,6.230769231,28.33861769,24.91984493,167
940,Port Alberni,2007,3,Single-detached,197594.5946,51255,6.230769231,29.00152858,25.47459468,155
940,Port Alberni,2007,3,Townhouses,99120,51255,6.230769231,14.5481283,17.79705682,12
945,Powell River,2007,3,All housing types,245562.5,54610,6.230769231,33.82765841,28.39881449,99
945,Powell River,2007,3,Single-detached,254638.7283,54610,6.230769231,35.07796149,29.06419653,90
970,Prince George,2007,3,All housing types,220028.38577291401,64702.5,6.230769231,25.58230768,20.86631918,377
970,Prince George,2007,3,Condos,101175.6757,64702.5,6.230769231,11.76351522,12.39060086,12
970,Prince George,2007,3,Single-detached,230912.6214,64702.5,6.230769231,26.84779833,21.62037066,336
970,Prince George,2007,3,Townhouses,159578.9474,64702.5,6.230769231,18.55395938,15.88118112,29
955,Prince Rupert,2007,3,All housing types,171514.4628,52845,6.230769231,24.41624713,20.96060583,61
955,Prince Rupert,2007,3,Single-detached,172117.1171,52845,6.230769231,24.50203906,21.3614414,55
952,Quesnel,2007,3,All housing types,149126.7606,57747.5,6.230769231,19.42694288,19.12777887,112
952,Quesnel,2007,3,Single-detached,150728.9216,57747.5,6.230769231,19.63565854,19.38116486,106
920,Salmon Arm,2007,3,All housing types,326710.7623,54332.5,6.230769231,45.23616913,34.91041316,122
920,Salmon Arm,2007,3,Condos,211000,54332.5,6.230769231,29.21492888,18.83347001,17
920,Salmon Arm,2007,3,Single-detached,345981.7647,54332.5,6.230769231,47.90442014,37.57179298,88
920,Salmon Arm,2007,3,Townhouses,264916.6667,54332.5,6.230769231,36.68019704,27.50382689,17
934,Squamish,2007,3,All housing types,378900.3214,63595,6.230769231,44.8212608,35.74275125,100
934,Squamish,2007,3,Condos,206400,63595,6.230769231,24.41567797,24.02183276,16
934,Squamish,2007,3,Single-detached,457840.9091,63595,6.230769231,54.15938079,52.39203906,27
934,Squamish,2007,3,Townhouses,374373.6809,63595,6.230769231,44.28579084,35.812071,57
965,Terrace,2007,3,All housing types,168631.5789,58345,6.230769231,21.74289302,22.28508389,111
965,Terrace,2007,3,Single-detached,177897.2973,58345,6.230769231,22.93758932,22.91057037,104
933,Vancouver,2007,3,All housing types,430672.582,58102.5,6.230769231,55.76150304,46.34979114,14593
933,Vancouver,2007,3,Condos,305617.0305,58102.5,6.230769231,39.569886,33.52101857,5898
933,Vancouver,2007,3,Single-detached,603309.3113,58102.5,6.230769231,77.40971116,73.63157159,5811
933,Vancouver,2007,3,Townhouses,374573.6632,58102.5,6.230769231,48.49807331,42.89966917,2884
918,Vernon,2007,3,All housing types,349062.5,55832.5,6.230769231,47.0325133,33.47993893,495
918,Vernon,2007,3,Condos,172991.9355,55832.5,6.230769231,23.30885015,17.73657873,58
918,Vernon,2007,3,Single-detached,386634.1463,55832.5,6.230769231,52.09489886,38.42228469,341
918,Vernon,2007,3,Townhouses,297089.4595,55832.5,6.230769231,40.02969083,28.34301195,96
935,Victoria,2007,3,All housing types,434580.9653,64472.5,6.230769231,50.7082072,38.89023417,2227
935,Victoria,2007,3,Condos,299230.9954,64472.5,6.230769231,34.91516777,25.16453563,646
935,Victoria,2007,3,Single-detached,500586.3617,64472.5,6.230769231,58.40631335,48.24432339,1246
935,Victoria,2007,3,Townhouses,381114.1215,64472.5,6.230769231,44.4695359,34.92562688,335
950,Williams Lake,2007,3,All housing types,141696.2264,60417.5,6.230769231,17.64320988,21.01542762,128
950,Williams Lake,2007,3,Single-detached,191043.7956,60417.5,6.230769231,23.78768912,22.05009043,66
950,Williams Lake,2007,3,Townhouses,118945.8333,60417.5,6.230769231,14.81046006,15.65666588,59
932,Abbotsford - Mission,2007,4,All housing types,348536.522,55750,6.173076923,46.77693623,39.8580484,802
932,Abbotsford - Mission,2007,4,Condos,185580.3383,55750,6.173076923,24.90665713,20.09532322,183
932,Abbotsford - Mission,2007,4,Single-detached,406632.1723,55750,6.173076923,54.5739284,49.93104757,480
932,Abbotsford - Mission,2007,4,Townhouses,278276.4901,55750,6.173076923,37.34736767,32.71122748,139
944,Campbell River,2007,4,All housing types,278036.044,59740,6.173076923,34.82284375,28.83969156,178
944,Campbell River,2007,4,Condos,184593.2203,59740,6.173076923,23.11952356,18.33500271,36
944,Campbell River,2007,4,Single-detached,299234.3023,59740,6.173076923,37.47783635,31.14048371,120
944,Campbell River,2007,4,Townhouses,211807.6923,59740,6.173076923,26.52802158,23.04827448,22
930,Chilliwack,2007,4,All housing types,305665.8863,55080,6.173076923,41.5222991,35.74923238,436
930,Chilliwack,2007,4,Condos,176054.8077,55080,6.173076923,23.91565664,17.71905455,43
930,Chilliwack,2007,4,Single-detached,366969.2533,55080,6.173076923,49.84987785,42.84775906,269
930,Chilliwack,2007,4,Townhouses,261755.4622,55080,6.173076923,35.55741442,29.51804433,124
943,Courtenay,2007,4,All housing types,290962.7212,56010,6.173076923,38.86871016,33.29529423,382
943,Courtenay,2007,4,Condos,163752.8409,56010,6.173076923,21.87517935,18.06257235,102
943,Courtenay,2007,4,Single-detached,328546.875,56010,6.173076923,43.88944812,37.46374731,200
943,Courtenay,2007,4,Townhouses,255608.0741,56010,6.173076923,34.14580433,25.7004721,80
905,Cranbrook,2007,4,All housing types,264187.7934,60480,6.173076923,32.68355712,23.32692088,79
905,Cranbrook,2007,4,Single-detached,283437.5,60480,6.173076923,35.06500282,24.79879355,66
975,Dawson Creek,2007,4,All housing types,203892.9825,64230,6.173076923,23.75159113,17.42873376,44
975,Dawson Creek,2007,4,Single-detached,203668.75,64230,6.173076923,23.72547018,17.4035768,42
937,Duncan,2007,4,All housing types,311428.3169,54420,6.173076923,42.81815137,33.65613231,167
937,Duncan,2007,4,Condos,134836.7647,54420,6.173076923,18.53865139,15.67225183,26
937,Duncan,2007,4,Single-detached,339646.7577,54420,6.173076923,46.6978932,37.87860121,110
937,Duncan,2007,4,Townhouses,254277.439,54420,6.173076923,34.96050064,27.87876391,31
977,Fort St. John,2007,4,All housing types,271466.6667,78430,6.173076923,25.89778655,19.8313746,84
977,Fort St. John,2007,4,Single-detached,292311.4754,78430,6.173076923,27.88637106,21.34312718,66
977,Fort St. John,2007,4,Townhouses,229158.6923,78430,6.173076923,21.8616266,16.34879797,17
925,Kamloops,2007,4,All housing types,311864.2659,61720,6.173076923,37.8066372,29.18144185,439
925,Kamloops,2007,4,Condos,204159.4828,61720,6.173076923,24.74981695,18.56500138,51
925,Kamloops,2007,4,Single-detached,341634.3179,61720,6.173076923,41.41559685,32.08712104,272
925,Kamloops,2007,4,Townhouses,256562.1094,61720,6.173076923,31.10247517,25.397242,116
915,Kelowna,2007,4,All housing types,407026.1979,58920,6.173076923,51.68779158,38.09482147,1006
915,Kelowna,2007,4,Condos,266461.6027,58920,6.173076923,33.83765432,24.28880262,260
915,Kelowna,2007,4,Single-detached,455460.7046,58920,6.173076923,57.83843422,44.76537722,596
915,Kelowna,2007,4,Townhouses,341565.1596,58920,6.173076923,43.37496916,32.85366574,150
938,Nanaimo,2007,4,All housing types,308716.7421,56290,6.173076923,41.03526909,33.9915153,427
938,Nanaimo,2007,4,Condos,177709.3923,56290,6.173076923,23.62150067,21.40189008,65
938,Nanaimo,2007,4,Single-detached,340244.3609,56290,6.173076923,45.22598552,37.66249954,310
938,Nanaimo,2007,4,Townhouses,254730.7937,56290,6.173076923,33.85934495,27.46191196,52
939,Parksville,2007,4,All housing types,351117.4142,55100,6.173076923,47.67921787,38.92321274,154
939,Parksville,2007,4,Single-detached,354417.5824,55100,6.173076923,48.12735695,41.08315087,116
939,Parksville,2007,4,Townhouses,334038.961,55100,6.173076923,45.36008683,35.70802608,29
913,Penticton,2007,4,All housing types,338493.3535,52550,6.173076923,48.19542086,34.46883108,200
913,Penticton,2007,4,Condos,256225.6538,52550,6.173076923,36.48196662,24.64960116,41
913,Penticton,2007,4,Single-detached,416153.8462,52550,6.173076923,59.25289094,41.62561139,114
913,Penticton,2007,4,Townhouses,254067.7966,52550,6.173076923,36.1747262,28.09446494,45
940,Port Alberni,2007,4,All housing types,203116.1049,51840,6.173076923,29.31620288,24.91984493,100
940,Port Alberni,2007,4,Single-detached,205031.1203,51840,6.173076923,29.59260136,25.47459468,86
940,Port Alberni,2007,4,Townhouses,127200,51840,6.173076923,18.35906123,17.79705682,13
945,Powell River,2007,4,All housing types,251265.2439,55340,6.173076923,33.97203918,28.39881449,65
945,Powell River,2007,4,Single-detached,255452.0548,55340,6.173076923,34.53811232,29.06419653,56
970,Prince George,2007,4,All housing types,220066.991,65420,6.173076923,25.16939158,20.86631918,291
970,Prince George,2007,4,Condos,108632.6087,65420,6.173076923,12.42447427,12.39060086,34
970,Prince George,2007,4,Single-detached,229794.2207,65420,6.173076923,26.281909413503602,21.62037066,235
970,Prince George,2007,4,Townhouses,164962.7451,65420,6.173076923,18.86703639,15.88118112,22
955,Prince Rupert,2007,4,All housing types,147318.3962,54070,6.173076923,20.38585658,20.96060583,45
955,Prince Rupert,2007,4,Single-detached,149505.4945,54070,6.173076923,20.68850631,21.3614414,36
952,Quesnel,2007,4,All housing types,148700.565,58410,6.173076923,19.04819219,19.12777887,65
952,Quesnel,2007,4,Single-detached,152387.037,58410,6.173076923,19.52042058,19.38116486,56
920,Salmon Arm,2007,4,All housing types,344867.1875,55310,6.173076923,46.65267694,34.91041316,70
920,Salmon Arm,2007,4,Single-detached,370485.8156,55310,6.173076923,50.11829392,37.57179298,53
920,Salmon Arm,2007,4,Townhouses,271821.4286,55310,6.173076923,36.7712492,27.50382689,11
934,Squamish,2007,4,All housing types,402430.2326,64670,6.173076923,46.56033438,35.74275125,72
934,Squamish,2007,4,Condos,216517.2414,64670,6.173076923,25.05059099,24.02183276,13
934,Squamish,2007,4,Single-detached,475574.4681,64670,6.173076923,55.02296911,52.39203906,20
934,Squamish,2007,4,Townhouses,382812.5,64670,6.173076923,44.29060384,35.812071,39
965,Terrace,2007,4,All housing types,175828.4024,59030,6.173076923,22.28664004,22.28508389,58
965,Terrace,2007,4,Single-detached,178475.817,59030,6.173076923,22.62220572,22.91057037,49
933,Vancouver,2007,4,All housing types,430730.3856,59010,6.173076923,54.61453586,46.34979114,10873
933,Vancouver,2007,4,Condos,318309.9671,59010,6.173076923,40.3601689,33.52101857,5058
933,Vancouver,2007,4,Single-detached,615000,59010,6.173076923,77.21158989,73.63157159,3747
933,Vancouver,2007,4,Townhouses,376711.1882,59010,6.173076923,47.76516211,42.89966917,2068
918,Vernon,2007,4,All housing types,358035.1711,56830,6.173076923,47.13856819,33.47993893,294
918,Vernon,2007,4,Condos,204939.4231,56830,6.173076923,26.98212843,17.73657873,46
918,Vernon,2007,4,Single-detached,398094.3739,56830,6.173076923,52.41272451,38.42228469,210
918,Vernon,2007,4,Townhouses,296029.8507,56830,6.173076923,38.97500702,28.34301195,38
935,Victoria,2007,4,All housing types,436529.1882,65400,6.173076923,49.94176552,38.89023417,1456
935,Victoria,2007,4,Condos,290912.8335,65400,6.173076923,33.28231173,25.16453563,441
935,Victoria,2007,4,Single-detached,511637.0929,65400,6.173076923,58.46452461,48.24432339,811
935,Victoria,2007,4,Townhouses,385607.9443,65400,6.173076923,44.11604553,34.92562688,204
950,Williams Lake,2007,4,All housing types,138571.5217,61300,6.173076923,16.9138262,21.01542762,56
950,Williams Lake,2007,4,Single-detached,199800,61300,6.173076923,24.38727981,22.05009043,44
950,Williams Lake,2007,4,Townhouses,110685.7143,61300,6.173076923,13.51012756,15.65666588,11
932,Abbotsford - Mission,2008,1,All housing types,344016.7931,56157.5,5.653846154,43.62209239,39.8580484,648
932,Abbotsford - Mission,2008,1,Condos,197429.8469,56157.5,5.653846154,25.03454249,20.09532322,209
932,Abbotsford - Mission,2008,1,Single-detached,404635.6543,56157.5,5.653846154,51.30869844,49.93104757,353
932,Abbotsford - Mission,2008,1,Townhouses,289015.5556,56157.5,5.653846154,36.64781348,32.71122748,86
944,Campbell River,2008,1,All housing types,273507.8864,60215,5.653846154,32.34445061,28.83969156,139
944,Campbell River,2008,1,Condos,195571.4286,60215,5.653846154,23.1278538,18.33500271,27
944,Campbell River,2008,1,Single-detached,303525.3731,60215,5.653846154,35.89425361,31.14048371,81
944,Campbell River,2008,1,Townhouses,208568.3962,60215,5.653846154,24.66484707,23.04827448,31
930,Chilliwack,2008,1,All housing types,313105.3187,55625,5.653846154,40.08252176,35.74923238,361
930,Chilliwack,2008,1,Condos,186311.1607,55625,5.653846154,23.85082816,17.71905455,69
930,Chilliwack,2008,1,Single-detached,370597.3154,55625,5.653846154,47.44242296,42.84775906,178
930,Chilliwack,2008,1,Townhouses,274364.7059,55625,5.653846154,35.1230996,29.51804433,114
943,Courtenay,2008,1,All housing types,281774.2746,56505,5.653846154,35.50986958,33.29529423,257
943,Courtenay,2008,1,Condos,149392.9032,56505,5.653846154,18.8268518,18.06257235,53
943,Courtenay,2008,1,Single-detached,320628.2421,56505,5.653846154,40.4063397,37.46374731,147
943,Courtenay,2008,1,Townhouses,243642.3358,56505,5.653846154,30.70439123,25.7004721,57
905,Cranbrook,2008,1,All housing types,262296.5517,61270,5.653846154,30.48451689,23.32692088,66
905,Cranbrook,2008,1,Single-detached,281200,61270,5.653846154,32.68150532,24.79879355,54
975,Dawson Creek,2008,1,All housing types,219150,65287.5,5.653846154,23.90264999,17.42873376,33
975,Dawson Creek,2008,1,Single-detached,219174.3243,65287.5,5.653846154,23.90530304,17.4035768,32
937,Duncan,2008,1,All housing types,307820.5175,54832.5,5.653846154,39.975521,33.65613231,148
937,Duncan,2008,1,Condos,146868.0851,54832.5,5.653846154,19.07321925,15.67225183,21
937,Duncan,2008,1,Single-detached,341851.2195,54832.5,5.653846154,44.39496339,37.87860121,95
937,Duncan,2008,1,Townhouses,251722.2222,54832.5,5.653846154,32.69024126,27.87876391,32
977,Fort St. John,2008,1,All housing types,255919.4631,79420,5.653846154,22.946056,19.8313746,65
977,Fort St. John,2008,1,Single-detached,276097.3451,79420,5.653846154,24.7552299,21.34312718,47
977,Fort St. John,2008,1,Townhouses,226397.9697,79420,5.653846154,20.29912234,16.34879797,16
925,Kamloops,2008,1,All housing types,323941.0289,62287.5,5.653846154,37.03391906,29.18144185,358
925,Kamloops,2008,1,Condos,232515.625,62287.5,5.653846154,26.58189012,18.56500138,45
925,Kamloops,2008,1,Single-detached,355818.8935,62287.5,5.653846154,40.67829305,32.08712104,207
925,Kamloops,2008,1,Townhouses,276630.1802,62287.5,5.653846154,31.62519961,25.397242,106
915,Kelowna,2008,1,All housing types,418289.9948,59492.5,5.653846154,50.06680448,38.09482147,732
915,Kelowna,2008,1,Condos,263856.8421,59492.5,5.653846154,31.58208202,24.28880262,215
915,Kelowna,2008,1,Single-detached,472132.2068,59492.5,5.653846154,56.51139444,44.76537722,410
915,Kelowna,2008,1,Townhouses,344974.7082,59492.5,5.653846154,41.29140424,32.85366574,107
938,Nanaimo,2008,1,All housing types,323406.0355,56817.5,5.653846154,40.53224097,33.9915153,418
938,Nanaimo,2008,1,Condos,213581.3492,56817.5,5.653846154,26.76799368,21.40189008,61
938,Nanaimo,2008,1,Single-detached,356503.3223,56817.5,5.653846154,44.68029962,37.66249954,292
938,Nanaimo,2008,1,Townhouses,275628.8889,56817.5,5.653846154,34.54436627,27.46191196,65
939,Parksville,2008,1,All housing types,365054.2169,55522.5,5.653846154,46.81909048,38.92321274,95
939,Parksville,2008,1,Condos,269200,55522.5,5.653846154,34.52555422,25.29799068,11
939,Parksville,2008,1,Single-detached,374038.0435,55522.5,5.653846154,47.97128807,41.08315087,68
939,Parksville,2008,1,Townhouses,310137.7778,55522.5,5.653846154,39.7759237,35.70802608,16
913,Penticton,2008,1,All housing types,365493.8875,53220,5.653846154,48.90349117,34.46883108,209
913,Penticton,2008,1,Condos,346433.5971,53220,5.653846154,46.35320298,24.64960116,98
913,Penticton,2008,1,Single-detached,417357.513,53220,5.653846154,55.84290229,41.62561139,79
913,Penticton,2008,1,Townhouses,238318.1818,53220,5.653846154,31.88723942,28.09446494,32
940,Port Alberni,2008,1,All housing types,212688.172,52150,5.653846154,29.04180747,24.91984493,86
940,Port Alberni,2008,1,Single-detached,217795.0311,52150,5.653846154,29.73913076,25.47459468,75
945,Powell River,2008,1,All housing types,253952.381,55802.5,5.653846154,32.4065836,28.39881449,40
945,Powell River,2008,1,Single-detached,256724.1379,55802.5,5.653846154,32.76028445,29.06419653,31
970,Prince George,2008,1,All housing types,218238.7295,65920,5.653846154,23.57486649,20.86631918,197
970,Prince George,2008,1,Condos,110081.8182,65920,5.653846154,11.89140064,12.39060086,10
970,Prince George,2008,1,Single-detached,233043.4243,65920,5.653846154,25.1741184,21.62037066,168
970,Prince George,2008,1,Townhouses,112624.3902,65920,5.653846154,12.16605765,15.88118112,19
955,Prince Rupert,2008,1,All housing types,148906.25,54240,5.653846154,19.54914923,20.96060583,35
955,Prince Rupert,2008,1,Single-detached,151470.5882,54240,5.653846154,19.88580824,21.3614414,32
952,Quesnel,2008,1,All housing types,146937.5,58662.5,5.653846154,17.83637913,19.12777887,39
952,Quesnel,2008,1,Single-detached,149322.2222,58662.5,5.653846154,18.12585466,19.38116486,34
920,Salmon Arm,2008,1,All housing types,362684.6847,55535,5.653846154,46.50472242,34.91041316,41
920,Salmon Arm,2008,1,Single-detached,379847.561,55535,5.653846154,48.70540757,37.57179298,29
934,Squamish,2008,1,All housing types,361244.898,65257.5,5.653846154,39.41902753,35.74275125,75
934,Squamish,2008,1,Condos,270849.0566,65257.5,5.653846154,29.55503726,24.02183276,40
934,Squamish,2008,1,Single-detached,488333.3333,65257.5,5.653846154,53.28691206,52.39203906,16
934,Squamish,2008,1,Townhouses,367456.8966,65257.5,5.653846154,40.09688054,35.812071,19
965,Terrace,2008,1,All housing types,177363.6364,59347.5,5.653846154,21.28123224,22.28508389,41
965,Terrace,2008,1,Single-detached,184506.4103,59347.5,5.653846154,22.13826829,22.91057037,29
933,Vancouver,2008,1,All housing types,423617.5245,59625,5.653846154,50.59180123,46.34979114,9293
933,Vancouver,2008,1,Condos,328953.4451,59625,5.653846154,39.28625787,33.52101857,4608
933,Vancouver,2008,1,Single-detached,618860.9432,59625,5.653846154,73.16221324,73.63157159,3018
933,Vancouver,2008,1,Townhouses,381004.4187,59625,5.653846154,45.50260248,42.89966917,1667
918,Vernon,2008,1,All housing types,353776.2586,57267.5,5.653846154,43.99011285,33.47993893,232
918,Vernon,2008,1,Condos,235006.3636,57267.5,5.653846154,29.22173608,17.73657873,64
918,Vernon,2008,1,Single-detached,399209.7015,57267.5,5.653846154,49.63950914,38.42228469,125
918,Vernon,2008,1,Townhouses,296086.4198,57267.5,5.653846154,36.81670181,28.34301195,43
935,Victoria,2008,1,All housing types,435196.9197,66175,5.653846154,46.83025027,38.89023417,1271
935,Victoria,2008,1,Condos,300828.8164,66175,5.653846154,32.37129704,25.16453563,463
935,Victoria,2008,1,Single-detached,519230.3094,66175,5.653846154,55.76392281,48.24432339,611
935,Victoria,2008,1,Townhouses,393921.9002,66175,5.653846154,42.3887678,34.92562688,197
950,Williams Lake,2008,1,All housing types,200611.1628,61672.5,5.653846154,23.16317869,21.01542762,30
950,Williams Lake,2008,1,Single-detached,207176.4706,61672.5,5.653846154,23.92122922,22.05009043,24
932,Abbotsford - Mission,2008,2,All housing types,346567.7705,56565,4.865384615,40.36911998,39.8580484,877
932,Abbotsford - Mission,2008,2,Condos,210387.2408,56565,4.865384615,24.50645585,20.09532322,252
932,Abbotsford - Mission,2008,2,Single-detached,418052.3114,56565,4.865384615,48.6958262,49.93104757,469
932,Abbotsford - Mission,2008,2,Townhouses,302352.0992,56565,4.865384615,35.21876298,32.71122748,156
944,Campbell River,2008,2,All housing types,287839.3939,60690,4.865384615,31.24942245,28.83969156,191
944,Campbell River,2008,2,Condos,181300,60690,4.865384615,19.68292183,18.33500271,18
944,Campbell River,2008,2,Single-detached,313929.5154,60690,4.865384615,34.08190906,31.14048371,146
944,Campbell River,2008,2,Townhouses,232521.9828,60690,4.865384615,25.24386106,23.04827448,27
930,Chilliwack,2008,2,All housing types,299193.3787,56170,4.865384615,35.09590578,35.74923238,645
930,Chilliwack,2008,2,Condos,183888.8489,56170,4.865384615,21.57048309,17.71905455,209
930,Chilliwack,2008,2,Single-detached,378130.4348,56170,4.865384615,44.35536029,42.84775906,305
930,Chilliwack,2008,2,Townhouses,282703.9714,56170,4.865384615,33.16166951,29.51804433,131
943,Courtenay,2008,2,All housing types,302631.9288,57000,4.865384615,34.98233475,33.29529423,340
943,Courtenay,2008,2,Condos,189058.4951,57000,4.865384615,21.85396495,18.06257235,50
943,Courtenay,2008,2,Single-detached,333076.9231,57000,4.865384615,38.50158331,37.46374731,217
943,Courtenay,2008,2,Townhouses,252615.3846,57000,4.865384615,29.20073894,25.7004721,73
905,Cranbrook,2008,2,All housing types,277159.5745,62060,4.865384615,29.42571442,23.32692088,122
905,Cranbrook,2008,2,Condos,146900,62060,4.865384615,15.59620466,10.88601116,16
905,Cranbrook,2008,2,Single-detached,289010,62060,4.865384615,30.68386052,24.79879355,96
905,Cranbrook,2008,2,Townhouses,242692.3333,62060,4.865384615,25.76636692,18.84060012,10
975,Dawson Creek,2008,2,All housing types,207079.8969,66345,4.865384615,20.56547017,17.42873376,64
975,Dawson Creek,2008,2,Single-detached,207000,66345,4.865384615,20.55753547,17.4035768,63
937,Duncan,2008,2,All housing types,311195.724,55245,4.865384615,37.11500678,33.65613231,218
937,Duncan,2008,2,Condos,159425.5319,55245,4.865384615,19.0140135,15.67225183,26
937,Duncan,2008,2,Single-detached,355917.0213,55245,4.865384615,42.44872804,37.87860121,140
937,Duncan,2008,2,Townhouses,264547.619,55245,4.865384615,31.55148325,27.87876391,52
977,Fort St. John,2008,2,All housing types,260197.3684,80410,4.865384615,21.32071373,19.8313746,125
977,Fort St. John,2008,2,Single-detached,278265.3061,80410,4.865384615,22.80121036,21.34312718,100
977,Fort St. John,2008,2,Townhouses,220223.6,80410,4.865384615,18.04524142,16.34879797,24
925,Kamloops,2008,2,All housing types,329140.0983,62855,4.865384615,34.50244442,29.18144185,456
925,Kamloops,2008,2,Condos,232145.203,62855,4.865384615,24.33485621,18.56500138,88
925,Kamloops,2008,2,Single-detached,368589.6226,62855,4.865384615,38.63778079,32.08712104,270
925,Kamloops,2008,2,Townhouses,292225.4902,62855,4.865384615,30.63283321,25.397242,98
915,Kelowna,2008,2,All housing types,414157.9254,60065,4.865384615,45.43111505,38.09482147,1331
915,Kelowna,2008,2,Condos,255481.3793,60065,4.865384615,28.0250678,24.28880262,510
915,Kelowna,2008,2,Single-detached,487146.8757,60065,4.865384615,53.43764879,44.76537722,668
915,Kelowna,2008,2,Townhouses,355065.3846,60065,4.865384615,38.94895003,32.85366574,153
938,Nanaimo,2008,2,All housing types,327649.4505,57345,4.865384615,37.64634241,33.9915153,583
938,Nanaimo,2008,2,Condos,210682.6241,57345,4.865384615,24.20706091,21.40189008,80
938,Nanaimo,2008,2,Single-detached,357753.2967,57345,4.865384615,41.1052211,37.66249954,436
938,Nanaimo,2008,2,Townhouses,270274.6212,57345,4.865384615,31.05407599,27.46191196,67
939,Parksville,2008,2,All housing types,376015.8451,55945,4.865384615,44.28470634,38.92321274,189
939,Parksville,2008,2,Condos,313496.875,55945,4.865384615,36.92162772,25.29799068,21
939,Parksville,2008,2,Single-detached,395000,55945,4.865384615,46.52053693,41.08315087,133
939,Parksville,2008,2,Townhouses,304915.6863,55945,4.865384615,35.91099099,35.70802608,35
913,Penticton,2008,2,All housing types,363329.3065,53890,4.865384615,44.42231091,34.46883108,238
913,Penticton,2008,2,Condos,351108.9437,53890,4.865384615,42.92819319,24.64960116,44
913,Penticton,2008,2,Single-detached,410038.6473,53890,4.865384615,50.13320961,41.62561139,128
913,Penticton,2008,2,Townhouses,255787.7551,53890,4.865384615,31.27378657,28.09446494,66
940,Port Alberni,2008,2,All housing types,207015.9574,52460,4.865384615,26.00066396,24.91984493,102
940,Port Alberni,2008,2,Single-detached,215994.0828,52460,4.865384615,27.12829308,25.47459468,94
945,Powell River,2008,2,All housing types,263280.7018,56265,4.865384615,30.83114152,28.39881449,74
945,Powell River,2008,2,Single-detached,267698.9362,56265,4.865384615,31.34853307,29.06419653,63
970,Prince George,2008,2,All housing types,220813.1115,66420,4.865384615,21.90457783,20.86631918,314
970,Prince George,2008,2,Condos,143204.3478,66420,4.865384615,14.20581758,12.39060086,13
970,Prince George,2008,2,Single-detached,231611.8881,66420,4.865384615,22.97581242,21.62037066,261
970,Prince George,2008,2,Townhouses,134728.8136,66420,4.865384615,13.36504777,15.88118112,40
955,Prince Rupert,2008,2,All housing types,180000,54410,4.865384615,21.79729894,20.96060583,35
955,Prince Rupert,2008,2,Single-detached,180447.7612,54410,4.865384615,21.85152107,21.3614414,35
952,Quesnel,2008,2,All housing types,163229.5259,58915,4.865384615,18.25499584,19.12777887,77
952,Quesnel,2008,2,Single-detached,163764.1509,58915,4.865384615,18.31478636,19.38116486,72
920,Salmon Arm,2008,2,All housing types,370607.1429,55760,4.865384615,43.79251843,34.91041316,71
920,Salmon Arm,2008,2,Single-detached,387280.4878,55760,4.865384615,45.76271188,37.57179298,53
920,Salmon Arm,2008,2,Townhouses,308025,55760,4.865384615,36.39754589,27.50382689,13
934,Squamish,2008,2,All housing types,366884.6154,65845,4.865384615,36.71263867,35.74275125,55
934,Squamish,2008,2,Condos,282223.0769,65845,4.865384615,28.24090576,24.02183276,12
934,Squamish,2008,2,Single-detached,507566.6667,65845,4.865384615,50.75026372,52.39203906,14
934,Squamish,2008,2,Townhouses,378541.6667,65845,4.865384615,37.87911198,35.812071,29
965,Terrace,2008,2,All housing types,161251.7007,59665,4.865384615,17.80711486,22.28508389,106
965,Terrace,2008,2,Condos,78218.75,59665,4.865384615,8.63774,9.171153832,45
965,Terrace,2008,2,Single-detached,204648.1481,59665,4.865384615,22.59940865,22.91057037,52
933,Vancouver,2008,2,All housing types,434410.1506,60240,4.865384615,47.51425263,46.34979114,12026
933,Vancouver,2008,2,Condos,331625.9815,60240,4.865384615,36.27208214,33.52101857,5453
933,Vancouver,2008,2,Single-detached,631320.0562,60240,4.865384615,68.29560026,73.63157159,4334
933,Vancouver,2008,2,Townhouses,393640.9882,60240,4.865384615,43.05506521,42.89966917,2239
918,Vernon,2008,2,All housing types,356015.9702,57705,4.865384615,40.65041053,33.47993893,373
918,Vernon,2008,2,Condos,248477.707,57705,4.865384615,28.37153847,17.73657873,93
918,Vernon,2008,2,Single-detached,399622.0588,57705,4.865384615,45.629415823752304,38.42228469,215
918,Vernon,2008,2,Townhouses,319444.4444,57705,4.865384615,36.47462162,28.34301195,65
935,Victoria,2008,2,All housing types,451787.7469,66950,4.865384615,44.46238633,38.89023417,1716
935,Victoria,2008,2,Condos,306872.5986,66950,4.865384615,30.20065977,25.16453563,526
935,Victoria,2008,2,Single-detached,533152.8241,66950,4.865384615,52.29815378,48.24432339,947
935,Victoria,2008,2,Townhouses,413037.5,66950,4.865384615,40.64880692,34.92562688,243
950,Williams Lake,2008,2,All housing types,224922.0779,62045,4.865384615,23.88549243,21.01542762,47
950,Williams Lake,2008,2,Single-detached,227093.75,62045,4.865384615,24.11611211,22.05009043,40
932,Abbotsford - Mission,2008,3,All housing types,363417.5129,56972.5,4.75,41.54340691,39.8580484,679
932,Abbotsford - Mission,2008,3,Condos,206282.1337,56972.5,4.75,23.58076404,20.09532322,122
932,Abbotsford - Mission,2008,3,Single-detached,426875.1938,56972.5,4.75,48.7974554,49.93104757,434
932,Abbotsford - Mission,2008,3,Townhouses,301153.0753,56972.5,4.75,34.42576184,32.71122748,123
944,Campbell River,2008,3,All housing types,285360.809,61165,4.75,30.38455514,28.83969156,186
944,Campbell River,2008,3,Condos,172870,61165,4.75,18.40679547,18.33500271,32
944,Campbell River,2008,3,Single-detached,313021.7391,61165,4.75,33.32982663,31.14048371,130
944,Campbell River,2008,3,Townhouses,222238.2353,61165,4.75,23.66341032,23.04827448,24
930,Chilliwack,2008,3,All housing types,297706.8875,56715,4.75,34.18633,35.74923238,502
930,Chilliwack,2008,3,Condos,181856.5217,56715,4.75,20.88298029,17.71905455,136
930,Chilliwack,2008,3,Single-detached,381054.0541,56715,4.75,43.75726657,42.84775906,250
930,Chilliwack,2008,3,Townhouses,277846.4494,56715,4.75,31.90571265,29.51804433,116
943,Courtenay,2008,3,All housing types,327325.9477,57495,4.75,37.07762351,33.29529423,386
943,Courtenay,2008,3,Condos,194578.9894,57495,4.75,22.04080233,18.06257235,44
943,Courtenay,2008,3,Single-detached,353549.8938,57495,4.75,40.04812313,37.46374731,254
943,Courtenay,2008,3,Townhouses,260826.087,57495,4.75,29.54489714,25.7004721,88
905,Cranbrook,2008,3,All housing types,278293.578,62850,4.75,28.83762149,23.32692088,96
905,Cranbrook,2008,3,Condos,135015.1515,62850,4.75,13.99067798,10.88601116,17
905,Cranbrook,2008,3,Single-detached,300469.5122,62850,4.75,31.1355588,24.79879355,68
905,Cranbrook,2008,3,Townhouses,224004.2857,62850,4.75,23.21200097,18.84060012,11
975,Dawson Creek,2008,3,All housing types,199125,67402.5,4.75,19.24027692,17.42873376,64
975,Dawson Creek,2008,3,Single-detached,199125.9843,67402.5,4.75,19.24037202,17.4035768,64
937,Duncan,2008,3,All housing types,316837.9976,55657.5,4.75,37.07448266,33.65613231,204
937,Duncan,2008,3,Condos,174170.2128,55657.5,4.75,20.38035394,15.67225183,21
937,Duncan,2008,3,Single-detached,357500,55657.5,4.75,41.83250636,37.87860121,140
937,Duncan,2008,3,Townhouses,267389.4737,55657.5,4.75,31.28831289,27.87876391,43
977,Fort St. John,2008,3,All housing types,267695.4063,81400,4.75,21.4179573,19.8313746,163
977,Fort St. John,2008,3,Single-detached,286471.0407,81400,4.75,22.92017111,21.34312718,121
977,Fort St. John,2008,3,Townhouses,228312.8615,81400,4.75,18.2670117,16.34879797,41
925,Kamloops,2008,3,All housing types,329192.6644,63422.5,4.75,33.80401817,29.18144185,411
925,Kamloops,2008,3,Condos,231628.9577,63422.5,4.75,23.78543128,18.56500138,54
925,Kamloops,2008,3,Single-detached,369230.7836,63422.5,4.75,37.91543819,32.08712104,266
925,Kamloops,2008,3,Townhouses,287763.8889,63422.5,4.75,29.54979494,25.397242,91
915,Kelowna,2008,3,All housing types,409815.367,60637.5,4.75,44.0157885,38.09482147,1018
915,Kelowna,2008,3,Condos,267716.0045,60637.5,4.75,28.75375592,24.28880262,376
915,Kelowna,2008,3,Single-detached,488709.3276,60637.5,4.75,52.48931138,44.76537722,504
915,Kelowna,2008,3,Townhouses,364107.2165,60637.5,4.75,39.10655267,32.85366574,138
938,Nanaimo,2008,3,All housing types,328119.3285,57872.5,4.75,36.92505111,33.9915153,519
938,Nanaimo,2008,3,Condos,206577.1812,57872.5,4.75,23.24725279,21.40189008,69
938,Nanaimo,2008,3,Single-detached,356141.3793,57872.5,4.75,40.07852477,37.66249954,376
938,Nanaimo,2008,3,Townhouses,264117.3759,57872.5,4.75,29.72256358,27.46191196,74
939,Parksville,2008,3,All housing types,370020.1072,56367.5,4.75,42.75216236,38.92321274,184
939,Parksville,2008,3,Condos,297684.375,56367.5,4.75,34.3944842,25.29799068,11
939,Parksville,2008,3,Single-detached,387202.9091,56367.5,4.75,44.73746511,41.08315087,142
939,Parksville,2008,3,Townhouses,324909.0909,56367.5,4.75,37.54003076,35.70802608,31
913,Penticton,2008,3,All housing types,352901.7632,54560,4.75,42.12510547,34.46883108,159
913,Penticton,2008,3,Condos,276722.2222,54560,4.75,33.03172161,24.64960116,28
913,Penticton,2008,3,Single-detached,410871.5596,54560,4.75,49.04483227,41.62561139,90
913,Penticton,2008,3,Townhouses,276487.8505,54560,4.75,33.00374517,28.09446494,41
940,Port Alberni,2008,3,All housing types,206884.7926,52770,4.75,25.53306841,24.91984493,115
940,Port Alberni,2008,3,Single-detached,212776.9231,52770,4.75,26.26025656,25.47459468,101
940,Port Alberni,2008,3,Townhouses,124473.6842,52770,4.75,15.36214941,17.79705682,13
945,Powell River,2008,3,All housing types,270564.8855,56727.5,4.75,31.06270859,28.39881449,57
945,Powell River,2008,3,Single-detached,274797.3913,56727.5,4.75,31.54862935,29.06419653,52
970,Prince George,2008,3,All housing types,224008.9577,66920,4.75,21.80072756,20.86631918,300
970,Prince George,2008,3,Single-detached,231990.0579,66920,4.75,22.5774545,21.62037066,257
970,Prince George,2008,3,Townhouses,179801.8947,66920,4.75,17.4984615,15.88118112,36
955,Prince Rupert,2008,3,All housing types,189530.303,54580,4.75,22.61552429,20.96060583,31
955,Prince Rupert,2008,3,Single-detached,190000,54580,4.75,22.67157043,21.3614414,27
952,Quesnel,2008,3,All housing types,161795.4698,59167.5,4.75,17.80921072,19.12777887,72
952,Quesnel,2008,3,Single-detached,162194.2857,59167.5,4.75,17.85310933,19.38116486,68
920,Salmon Arm,2008,3,All housing types,370681.2081,55985,4.75,43.12115867,34.91041316,78
920,Salmon Arm,2008,3,Single-detached,387665.2542,55985,4.75,45.09690422,37.57179298,65
934,Squamish,2008,3,All housing types,349448.7705,66432.5,4.75,34.25819328,35.74275125,67
934,Squamish,2008,3,Condos,245563.0435,66432.5,4.75,24.07376106,24.02183276,34
934,Squamish,2008,3,Single-detached,501833.3333,66432.5,4.75,49.187747,52.39203906,13
934,Squamish,2008,3,Townhouses,383520.4082,66432.5,4.75,37.59840462,35.812071,20
965,Terrace,2008,3,All housing types,172433.7349,59982.5,4.75,18.72230031,22.28508389,60
965,Terrace,2008,3,Single-detached,212875,59982.5,4.75,23.11328279,22.91057037,52
933,Vancouver,2008,3,All housing types,444457.09,60855,4.75,47.56583295,46.34979114,10125
933,Vancouver,2008,3,Condos,337891.3364,60855,4.75,36.16115757,33.52101857,4439
933,Vancouver,2008,3,Single-detached,641728.7608,60855,4.75,67.8795563,73.63157159,3690
933,Vancouver,2008,3,Townhouses,395993.8607,60855,4.75,42.37929432,42.89966917,1996
918,Vernon,2008,3,All housing types,362222.5881,58142.5,4.75,40.57358309,33.47993893,280
918,Vernon,2008,3,Condos,238379.562,58142.5,4.75,26.70157325,17.73657873,44
918,Vernon,2008,3,Single-detached,399999.3573,58142.5,4.75,44.80506654,38.42228469,174
918,Vernon,2008,3,Townhouses,321380.5906,58142.5,4.75,35.9987547,28.34301195,62
935,Victoria,2008,3,All housing types,457097.8965,67725,4.75,43.95636224,38.89023417,1783
935,Victoria,2008,3,Condos,303700.9132,67725,4.75,29.2050947,25.16453563,569
935,Victoria,2008,3,Single-detached,537916.025,67725,4.75,51.53625378,48.24432339,975
935,Victoria,2008,3,Townhouses,404839.2116,67725,4.75,38.93095805,34.92562688,239
950,Williams Lake,2008,3,All housing types,228701.0309,62417.5,4.75,23.86290361,21.01542762,50
950,Williams Lake,2008,3,Single-detached,235135.8025,62417.5,4.75,24.53431437,22.05009043,41
932,Abbotsford - Mission,2008,4,All housing types,367278.481,57380,3.982142857,38.51818231,39.8580484,427
932,Abbotsford - Mission,2008,4,Condos,185796.2963,57380,3.982142857,19.48531151,20.09532322,67
932,Abbotsford - Mission,2008,4,Single-detached,411850.904,57380,3.982142857,43.19269717,49.93104757,285
932,Abbotsford - Mission,2008,4,Townhouses,289090.9091,57380,3.982142857,30.3182923,32.71122748,75
944,Campbell River,2008,4,All housing types,273590.1943,61640,3.982142857,26.70968355,28.83969156,97
944,Campbell River,2008,4,Single-detached,298406.25,61640,3.982142857,29.13239097,31.14048371,78
944,Campbell River,2008,4,Townhouses,211625.6579,61640,3.982142857,20.66029584,23.04827448,14
930,Chilliwack,2008,4,All housing types,283675.8865,57260,3.982142857,29.81274201,35.74923238,344
930,Chilliwack,2008,4,Condos,180671.2177,57260,3.982142857,18.98752999,17.71905455,135
930,Chilliwack,2008,4,Single-detached,374751.3089,57260,3.982142857,39.38425724,42.84775906,132
930,Chilliwack,2008,4,Townhouses,265207.7876,57260,3.982142857,27.87184856,29.51804433,77
943,Courtenay,2008,4,All housing types,327827.4918,57990,3.982142857,34.01912248,33.29529423,161
943,Courtenay,2008,4,Condos,176088.5246,57990,3.982142857,18.27295525,18.06257235,17
943,Courtenay,2008,4,Single-detached,347238.6059,57990,3.982142857,36.03344125,37.46374731,119
943,Courtenay,2008,4,Townhouses,265305.3097,57990,3.982142857,27.53110722,25.7004721,25
905,Cranbrook,2008,4,All housing types,284189.1892,63640,3.982142857,26.8725096,23.32692088,52
905,Cranbrook,2008,4,Single-detached,305194.6903,63640,3.982142857,28.85875873,24.79879355,45
975,Dawson Creek,2008,4,All housing types,194892.562,68460,3.982142857,17.13125638,17.42873376,57
975,Dawson Creek,2008,4,Single-detached,195016.9492,68460,3.982142857,17.14219014,17.4035768,54
937,Duncan,2008,4,All housing types,320813.7931,56070,3.982142857,34.4312921,33.65613231,86
937,Duncan,2008,4,Single-detached,355895.5128,56070,3.982142857,38.19643239,37.87860121,55
937,Duncan,2008,4,Townhouses,263484.8485,56070,3.982142857,28.27847174,27.87876391,23
977,Fort St. John,2008,4,All housing types,273402.7746,82390,3.982142857,19.9691353,19.8313746,81
977,Fort St. John,2008,4,Single-detached,295775.6034,82390,3.982142857,21.60323007,21.34312718,58
977,Fort St. John,2008,4,Townhouses,231653.6349,82390,3.982142857,16.91980919,16.34879797,22
925,Kamloops,2008,4,All housing types,328424.9617,63990,3.982142857,30.88551821,29.18144185,242
925,Kamloops,2008,4,Condos,223763.5135,63990,3.982142857,21.04301706,18.56500138,20
925,Kamloops,2008,4,Single-detached,363359.1121,63990,3.982142857,34.17077197,32.08712104,162
925,Kamloops,2008,4,Townhouses,280389.9007,63990,3.982142857,26.36823747,25.397242,60
915,Kelowna,2008,4,All housing types,401765.491,61210,3.982142857,39.49854485,38.09482147,544
915,Kelowna,2008,4,Condos,277227.4643,61210,3.982142857,27.25490784,24.28880262,184
915,Kelowna,2008,4,Single-detached,475312.3426,61210,3.982142857,46.72911512,44.76537722,290
915,Kelowna,2008,4,Townhouses,360512.9808,61210,3.982142857,35.44291,32.85366574,70
938,Nanaimo,2008,4,All housing types,320141.9708,58400,3.982142857,32.98835137,33.9915153,303
938,Nanaimo,2008,4,Condos,220869.7987,58400,3.982142857,22.75906063,21.40189008,80
938,Nanaimo,2008,4,Single-detached,357898.7698,58400,3.982142857,36.87892076,37.66249954,193
938,Nanaimo,2008,4,Townhouses,260627.8846,58400,3.982142857,26.8558484,27.46191196,30
939,Parksville,2008,4,All housing types,361778.5467,56790,3.982142857,38.33555772,38.92321274,105
939,Parksville,2008,4,Condos,248793.3333,56790,3.982142857,26.36317514,25.29799068,10
939,Parksville,2008,4,Single-detached,370830.9735,56790,3.982142857,39.29479046,41.08315087,84
939,Parksville,2008,4,Townhouses,348154.7619,56790,3.982142857,36.89192488,35.70802608,11
913,Penticton,2008,4,All housing types,372450,55230,3.982142857,40.58109674,34.46883108,159
913,Penticton,2008,4,Condos,387859.2593,55230,3.982142857,42.26004597,24.64960116,80
913,Penticton,2008,4,Single-detached,407906.25,55230,3.982142857,44.44430929,41.62561139,54
913,Penticton,2008,4,Townhouses,278348.8636,55230,3.982142857,30.32810354,28.09446494,25
940,Port Alberni,2008,4,All housing types,215457.5163,53080,3.982142857,24.42651896,24.91984493,38
940,Port Alberni,2008,4,Single-detached,219292.5926,53080,3.982142857,24.86130334,25.47459468,34
945,Powell River,2008,4,All housing types,267908.1633,57190,3.982142857,28.1901051,28.39881449,41
945,Powell River,2008,4,Single-detached,270352.3256,57190,3.982142857,28.44728724,29.06419653,34
970,Prince George,2008,4,All housing types,224257.6687,67420,3.982142857,20.01655801,20.86631918,189
970,Prince George,2008,4,Single-detached,228291.4188,67420,3.982142857,20.37659829,21.62037066,180
955,Prince Rupert,2008,4,All housing types,179968.75,54750,3.982142857,19.78079861,20.96060583,17
955,Prince Rupert,2008,4,Single-detached,180139.5349,54750,3.982142857,19.79956999,21.3614414,16
952,Quesnel,2008,4,All housing types,177041.8919,59420,3.982142857,17.92975021,19.12777887,39
952,Quesnel,2008,4,Single-detached,177228.0952,59420,3.982142857,17.94860777,19.38116486,37
920,Salmon Arm,2008,4,All housing types,350244.186,56210,3.982142857,37.49628092,34.91041316,51
920,Salmon Arm,2008,4,Condos,130375,56210,3.982142857,13.95762676,18.83347001,12
920,Salmon Arm,2008,4,Single-detached,372328.125,56210,3.982142857,39.8605331,37.57179298,31
934,Squamish,2008,4,All housing types,291574.7423,67020,3.982142857,26.18040265,35.74275125,30
934,Squamish,2008,4,Condos,241249.52,67020,3.982142857,21.66171707,24.02183276,16
934,Squamish,2008,4,Townhouses,365483.871,67020,3.982142857,32.81667962,35.812071,11
965,Terrace,2008,4,All housing types,203347.8261,60300,3.982142857,20.29331826,22.28508389,32
965,Terrace,2008,4,Single-detached,210450.6173,60300,3.982142857,21.00214906,22.91057037,29
933,Vancouver,2008,4,All housing types,428662.876,61470,3.982142857,41.96464031,46.34979114,6961
933,Vancouver,2008,4,Condos,342067.6102,61470,3.982142857,33.48725776,33.52101857,3934
933,Vancouver,2008,4,Single-detached,631126.0932,61470,3.982142857,61.10948092,73.63157159,1963
933,Vancouver,2008,4,Townhouses,385762.7451,61470,3.982142857,37.76486313,42.89966917,1064
918,Vernon,2008,4,All housing types,365158.7302,58580,3.982142857,37.5113907,33.47993893,161
918,Vernon,2008,4,Condos,209032.7869,58580,3.982142857,21.47315644,17.73657873,17
918,Vernon,2008,4,Single-detached,405533.9286,58580,3.982142857,41.65898383,38.42228469,106
918,Vernon,2008,4,Townhouses,320425.35,58580,3.982142857,32.91609785,28.34301195,38
935,Victoria,2008,4,All housing types,440236.0813,68500,3.982142857,38.674606824048396,38.89023417,1070
935,Victoria,2008,4,Condos,305629.6146,68500,3.982142857,26.84946936,25.16453563,417
935,Victoria,2008,4,Single-detached,530118.3427,68500,3.982142857,46.43147912,48.24432339,513
935,Victoria,2008,4,Townhouses,388828.496,68500,3.982142857,34.15846598,34.92562688,140
950,Williams Lake,2008,4,All housing types,229952.5316,62790,3.982142857,22.03832366,21.01542762,29
950,Williams Lake,2008,4,Single-detached,236861.5385,62790,3.982142857,22.70047305,22.05009043,24
932,Abbotsford - Mission,2009,1,All housing types,351157.6011,57257.5,2.916666667,32.90668439,39.8580484,290
932,Abbotsford - Mission,2009,1,Condos,169144.6281,57257.5,2.916666667,15.85040129,20.09532322,54
932,Abbotsford - Mission,2009,1,Single-detached,388044.8718,57257.5,2.916666667,36.36335959,49.93104757,183
932,Abbotsford - Mission,2009,1,Townhouses,274412.8906,57257.5,2.916666667,25.71500191,32.71122748,53
944,Campbell River,2009,1,All housing types,261393.5484,61097.5,2.916666667,22.95545251,28.83969156,58
944,Campbell River,2009,1,Single-detached,267043.3071,61097.5,2.916666667,23.45161154,31.14048371,49
930,Chilliwack,2009,1,All housing types,263779.3852,57270,2.916666667,24.71314985,35.74923238,209
930,Chilliwack,2009,1,Condos,175478.9474,57270,2.916666667,16.4403959,17.71905455,55
930,Chilliwack,2009,1,Single-detached,356070.1681,57270,2.916666667,33.35975408,42.84775906,106
930,Chilliwack,2009,1,Townhouses,248382.136,57270,2.916666667,23.27060147,29.51804433,48
943,Courtenay,2009,1,All housing types,296953.252,58075,2.916666667,27.43552665,33.29529423,85
943,Courtenay,2009,1,Single-detached,319893.125,58075,2.916666667,29.55494273,37.46374731,57
943,Courtenay,2009,1,Townhouses,243688.6364,58075,2.916666667,22.51440599,25.7004721,19
905,Cranbrook,2009,1,All housing types,265860.7595,63435,2.916666667,22.48742516,23.32692088,27
905,Cranbrook,2009,1,Single-detached,271776.1194,63435,2.916666667,22.98776681,24.79879355,22
975,Dawson Creek,2009,1,All housing types,202531.6456,68597.5,2.916666667,15.84159978,17.42873376,22
975,Dawson Creek,2009,1,Single-detached,202600,68597.5,2.916666667,15.84694632,17.4035768,21
937,Duncan,2009,1,All housing types,298702.9333,55992.5,2.916666667,28.62358739,33.65613231,64
937,Duncan,2009,1,Condos,148250,55992.5,2.916666667,14.20624425,15.67225183,12
937,Duncan,2009,1,Single-detached,344234.375,55992.5,2.916666667,32.98669553,37.87860121,33
937,Duncan,2009,1,Townhouses,260952.381,55992.5,2.916666667,25.00609283,27.87876391,19
977,Fort St. John,2009,1,All housing types,274357.1186,81792.5,2.916666667,17.9977073,19.8313746,37
977,Fort St. John,2009,1,Single-detached,303392.2442,81792.5,2.916666667,19.90239887,21.34312718,28
925,Kamloops,2009,1,All housing types,323866.5835,63990,2.916666667,27.15616657,29.18144185,159
925,Kamloops,2009,1,Condos,213205.5556,63990,2.916666667,17.87725525,18.56500138,16
925,Kamloops,2009,1,Single-detached,345458.0153,63990,2.916666667,28.96660502,32.08712104,100
925,Kamloops,2009,1,Townhouses,306796.1165,63990,2.916666667,25.72481035,25.397242,43
915,Kelowna,2009,1,All housing types,368924.1347,61120,2.916666667,32.38680868,38.09482147,525
915,Kelowna,2009,1,Condos,300766.3248,61120,2.916666667,26.40342689,24.28880262,284
915,Kelowna,2009,1,Single-detached,436676.3485,61120,2.916666667,38.33458434,44.76537722,192
915,Kelowna,2009,1,Townhouses,347088.2353,61120,2.916666667,30.4698967,32.85366574,49
938,Nanaimo,2009,1,All housing types,303661.8395,58425,2.916666667,27.88726551,33.9915153,208
938,Nanaimo,2009,1,Condos,228385.0394,58425,2.916666667,20.97410146,21.40189008,47
938,Nanaimo,2009,1,Single-detached,350263.6364,58425,2.916666667,32.16701526,37.66249954,137
938,Nanaimo,2009,1,Townhouses,251777.7778,58425,2.916666667,23.1224106,27.46191196,24
939,Parksville,2009,1,All housing types,341304.3478,56972.5,2.916666667,32.14333819,38.92321274,56
939,Parksville,2009,1,Single-detached,350743.9024,56972.5,2.916666667,33.03233594,41.08315087,39
939,Parksville,2009,1,Townhouses,327791.6667,56972.5,2.916666667,30.8707418,35.70802608,13
913,Penticton,2009,1,All housing types,376173.3068,55152.5,2.916666667,36.59630223,34.46883108,92
913,Penticton,2009,1,Condos,420397.6106,55152.5,2.916666667,40.89869679,24.64960116,33
913,Penticton,2009,1,Single-detached,395298.913,55152.5,2.916666667,38.45695118,41.62561139,38
913,Penticton,2009,1,Townhouses,254913.587,55152.5,2.916666667,24.79945946,28.09446494,21
940,Port Alberni,2009,1,All housing types,215007.2464,52940,2.916666667,21.79132281,24.91984493,31
940,Port Alberni,2009,1,Single-detached,215725.8065,52940,2.916666667,21.86415,25.47459468,28
945,Powell River,2009,1,All housing types,235065.7895,56692.5,2.916666667,22.24734827,28.39881449,35
945,Powell River,2009,1,Single-detached,234228.3582,56692.5,2.916666667,22.16809121,29.06419653,33
970,Prince George,2009,1,All housing types,212792.9936,67292.5,2.916666667,16.96700138,20.86631918,125
970,Prince George,2009,1,Single-detached,213946.6102,67292.5,2.916666667,17.05898474,21.62037066,115
955,Prince Rupert,2009,1,All housing types,173714.2857,55120,2.916666667,16.90988913,20.96060583,11
952,Quesnel,2009,1,All housing types,197050,58990,2.916666667,17.92307314,19.12777887,26
952,Quesnel,2009,1,Single-detached,203391.5094,58990,2.916666667,18.4998777,19.38116486,16
920,Salmon Arm,2009,1,All housing types,325602.7397,56292.5,2.916666667,31.03501417,34.91041316,22
920,Salmon Arm,2009,1,Single-detached,351978.2609,56292.5,2.916666667,33.54901229,37.57179298,15
934,Squamish,2009,1,All housing types,335473.6842,67035,2.916666667,26.8516686,35.74275125,27
934,Squamish,2009,1,Townhouses,359498.84,67035,2.916666667,28.77466749,35.812071,14
965,Terrace,2009,1,All housing types,198054.5455,60412.5,2.916666667,17.59026734,22.28508389,23
965,Terrace,2009,1,Single-detached,212411.1111,60412.5,2.916666667,18.86534955,22.91057037,16
933,Vancouver,2009,1,All housing types,395922.0137,61377.5,2.916666667,34.61105909,46.34979114,5722
933,Vancouver,2009,1,Condos,334425.081,61377.5,2.916666667,29.23506609,33.52101857,3167
933,Vancouver,2009,1,Single-detached,594081.3684,61377.5,2.916666667,51.50106019,73.63157159,1574
933,Vancouver,2009,1,Townhouses,369603.3007,61377.5,2.916666667,32.31030667,42.89966917,981
918,Vernon,2009,1,All housing types,352757.3529,58537.5,2.916666667,32.33376952,33.47993893,111
918,Vernon,2009,1,Condos,208324.3243,58537.5,2.916666667,19.09502561,17.73657873,20
918,Vernon,2009,1,Single-detached,388049.435,58537.5,2.916666667,35.56864482,38.42228469,71
918,Vernon,2009,1,Townhouses,326727.5862,58537.5,2.916666667,29.94787885,28.34301195,20
935,Victoria,2009,1,All housing types,417946.0352,68700,2.916666667,32.64208616,38.89023417,746
935,Victoria,2009,1,Condos,300428.3804,68700,2.916666667,23.4638165,25.16453563,256
935,Victoria,2009,1,Single-detached,507133.735,68700,2.916666667,39.57842852,48.24432339,385
935,Victoria,2009,1,Townhouses,384285.7143,68700,2.916666667,30.01317476,34.92562688,105
932,Abbotsford - Mission,2009,2,All housing types,338170.4545,57135,2.307692308,29.66279754,39.8580484,645
932,Abbotsford - Mission,2009,2,Condos,179656.6332,57135,2.307692308,15.75867514,20.09532322,145
932,Abbotsford - Mission,2009,2,Single-detached,384660.5263,57135,2.307692308,33.74069839,49.93104757,387
932,Abbotsford - Mission,2009,2,Townhouses,254068.3735,57135,2.307692308,22.2857397,32.71122748,113
944,Campbell River,2009,2,All housing types,256111.3131,60555,2.307692308,21.19617187,28.83969156,140
944,Campbell River,2009,2,Single-detached,259350.1453,60555,2.307692308,21.46422268,31.14048371,123
944,Campbell River,2009,2,Townhouses,191571.4286,60555,2.307692308,15.85475033,23.04827448,12
930,Chilliwack,2009,2,All housing types,274835.7988,57280,2.307692308,24.04633925,35.74923238,467
930,Chilliwack,2009,2,Condos,181544.0252,57280,2.307692308,15.88391773,17.71905455,104
930,Chilliwack,2009,2,Single-detached,337866.0326,57280,2.307692308,29.56107347,42.84775906,262
930,Chilliwack,2009,2,Townhouses,234946.7383,57280,2.307692308,20.5563067,29.51804433,101
943,Courtenay,2009,2,All housing types,292582.3353,58160,2.307692308,25.2117146,33.29529423,249
943,Courtenay,2009,2,Condos,163823.5294,58160,2.307692308,14.1166146,18.06257235,25
943,Courtenay,2009,2,Single-detached,322156.4,58160,2.307692308,27.76010111,37.46374731,168
943,Courtenay,2009,2,Townhouses,220997.3333,58160,2.307692308,19.04326072,25.7004721,56
905,Cranbrook,2009,2,All housing types,229715.7895,63230,2.307692308,18.20733335,23.32692088,68
905,Cranbrook,2009,2,Single-detached,243428.5714,63230,2.307692308,19.29421202,24.79879355,55
975,Dawson Creek,2009,2,All housing types,217056.338,68735,2.307692308,15.82607475,17.42873376,49
975,Dawson Creek,2009,2,Single-detached,210950,68735,2.307692308,15.38084766,17.4035768,39
975,Dawson Creek,2009,2,Townhouses,250178.6364,68735,2.307692308,18.24109739,19.84989994,10
937,Duncan,2009,2,All housing types,292069.8762,55915,2.307692308,26.1780393,33.65613231,146
937,Duncan,2009,2,Condos,167218.75,55915,2.307692308,14.98771139,15.67225183,20
937,Duncan,2009,2,Single-detached,333107.2,55915,2.307692308,29.85618882,37.87860121,92
937,Duncan,2009,2,Townhouses,258740.566,55915,2.307692308,23.19075419,27.87876391,34
977,Fort St. John,2009,2,All housing types,263030.8475,81195,2.307692308,16.23514142,19.8313746,81
977,Fort St. John,2009,2,Single-detached,277463.9175,81195,2.307692308,17.12599866,21.34312718,69
977,Fort St. John,2009,2,Townhouses,227656.6,81195,2.307692308,14.05172485,16.34879797,12
925,Kamloops,2009,2,All housing types,320289.6175,63990,2.307692308,25.08472987,29.18144185,390
925,Kamloops,2009,2,Condos,219385.4839,63990,2.307692308,17.18202933,18.56500138,46
925,Kamloops,2009,2,Single-detached,337118.1556,63990,2.307692308,26.40272243,32.08712104,247
925,Kamloops,2009,2,Townhouses,302360.7143,63990,2.307692308,23.68055793,25.397242,97
915,Kelowna,2009,2,All housing types,355404.4118,61030,2.307692308,29.18489415,38.09482147,903
915,Kelowna,2009,2,Condos,285902.6032,61030,2.307692308,23.47758479,24.28880262,346
915,Kelowna,2009,2,Single-detached,423610.1426,61030,2.307692308,34.78577296,44.76537722,439
915,Kelowna,2009,2,Townhouses,320167.6647,61030,2.307692308,26.29134331,32.85366574,118
938,Nanaimo,2009,2,All housing types,313203.1746,58450,2.307692308,26.85470079,33.9915153,422
938,Nanaimo,2009,2,Condos,226733.7079,58450,2.307692308,19.44062633,21.40189008,42
938,Nanaimo,2009,2,Single-detached,338890.4185,58450,2.307692308,29.05717926,37.66249954,317
938,Nanaimo,2009,2,Townhouses,274875.8621,58450,2.307692308,23.56843617,27.46191196,63
939,Parksville,2009,2,All housing types,321421.3198,57155,2.307692308,28.18377278,38.92321274,141
939,Parksville,2009,2,Condos,278592.3333,57155,2.307692308,24.42832052,25.29799068,14
939,Parksville,2009,2,Single-detached,332328.18,57155,2.307692308,29.14013893,41.08315087,111
939,Parksville,2009,2,Townhouses,319620.6897,57155,2.307692308,28.02588484,35.70802608,16
913,Penticton,2009,2,All housing types,350109.7902,55075,2.307692308,31.85872766,34.46883108,194
913,Penticton,2009,2,Condos,321820.925,55075,2.307692308,29.28454299,24.64960116,47
913,Penticton,2009,2,Single-detached,381173.6111,55075,2.307692308,34.68542328,41.62561139,106
913,Penticton,2009,2,Townhouses,253225.8065,55075,2.307692308,23.04263471,28.09446494,41
940,Port Alberni,2009,2,All housing types,182986.2385,52800,2.307692308,17.36853489,24.91984493,78
940,Port Alberni,2009,2,Single-detached,188543.8144,52800,2.307692308,17.89604423,25.47459468,69
945,Powell River,2009,2,All housing types,222371.134,56195,2.307692308,19.83167576,28.39881449,62
945,Powell River,2009,2,Single-detached,224687.5,56195,2.307692308,20.03825572,29.06419653,55
970,Prince George,2009,2,All housing types,214108.547,67165,2.307692308,15.97605927,20.86631918,226
970,Prince George,2009,2,Single-detached,216720.405,67165,2.307692308,16.17094733,21.62037066,206
970,Prince George,2009,2,Townhouses,166944.4444,67165,2.307692308,12.45683265,15.88118112,11
955,Prince Rupert,2009,2,All housing types,189023.8095,55490,2.307692308,17.07184522,20.96060583,10
955,Prince Rupert,2009,2,Single-detached,188973.6842,55490,2.307692308,17.06731811,21.3614414,10
952,Quesnel,2009,2,All housing types,186530.303,58560,2.307692308,15.96345917,19.12777887,40
952,Quesnel,2009,2,Single-detached,191000,58560,2.307692308,16.34598053,19.38116486,37
920,Salmon Arm,2009,2,All housing types,323934.7826,56375,2.307692308,28.7971631,34.91041316,47
920,Salmon Arm,2009,2,Single-detached,337346.9388,56375,2.307692308,29.98947732,37.57179298,34
934,Squamish,2009,2,All housing types,355268.4,67050,2.307692308,26.55439896,35.74275125,108
934,Squamish,2009,2,Condos,275358.75,67050,2.307692308,20.58158312,24.02183276,73
934,Squamish,2009,2,Single-detached,468789.4737,67050,2.307692308,35.03948764,52.39203906,13
934,Squamish,2009,2,Townhouses,423757.5278,67050,2.307692308,31.67359229,35.812071,22
965,Terrace,2009,2,All housing types,179666.6667,60525,2.307692308,14.87686391,22.28508389,46
965,Terrace,2009,2,Single-detached,199792.4528,60525,2.307692308,16.54333097,22.91057037,37
933,Vancouver,2009,2,All housing types,410131.2927,61285,2.307692308,33.53879033,46.34979114,12116
933,Vancouver,2009,2,Condos,330390.5703,61285,2.307692308,27.01793367,33.52101857,5688
933,Vancouver,2009,2,Single-detached,583659.586,61285,2.307692308,47.36912536,73.63157159,4127
933,Vancouver,2009,2,Townhouses,371637.34,61285,2.307692308,30.39091882,42.89966917,2301
918,Vernon,2009,2,All housing types,329898.7008,58495,2.307692308,28.26444994,33.47993893,245
918,Vernon,2009,2,Condos,183861.5385,58495,2.307692308,15.75254839,17.73657873,32
918,Vernon,2009,2,Single-detached,358986.1111,58495,2.307692308,30.75654721,38.42228469,163
918,Vernon,2009,2,Townhouses,297837.8571,58495,2.307692308,25.51760035,28.34301195,50
935,Victoria,2009,2,All housing types,417145.8015,68900,2.307692308,30.3422186,38.89023417,1874
935,Victoria,2009,2,Condos,294703.0978,68900,2.307692308,21.43602017,25.16453563,777
935,Victoria,2009,2,Single-detached,512859.6491,68900,2.307692308,37.25499142,48.24432339,869
935,Victoria,2009,2,Townhouses,381612.6126,68900,2.307692308,27.75761681,34.92562688,228
950,Williams Lake,2009,2,All housing types,221837.8378,61635,2.307692308,18.03793848,21.01542762,29
950,Williams Lake,2009,2,Single-detached,222333.3333,61635,2.307692308,18.0782279,22.05009043,25
932,Abbotsford - Mission,2009,3,All housing types,340014.3327,57012.5,2.25,29.69297695,39.8580484,951
932,Abbotsford - Mission,2009,3,Condos,191610.1044,57012.5,2.25,16.73304289,20.09532322,238
932,Abbotsford - Mission,2009,3,Single-detached,393074.4456,57012.5,2.25,34.32664252,49.93104757,560
932,Abbotsford - Mission,2009,3,Townhouses,266928.5714,57012.5,2.25,23.31049946,32.71122748,153
944,Campbell River,2009,3,All housing types,262770.4651,60012.5,2.25,21.80024793,28.83969156,204
944,Campbell River,2009,3,Condos,236363.6364,60012.5,2.25,19.609456,18.33500271,28
944,Campbell River,2009,3,Single-detached,268051.1691,60012.5,2.25,22.23835141,31.14048371,155
944,Campbell River,2009,3,Townhouses,206145.4545,60012.5,2.25,17.10246247,23.04827448,21
930,Chilliwack,2009,3,All housing types,289632.2394,57290,2.25,25.17066455,35.74923238,569
930,Chilliwack,2009,3,Condos,174434.555,57290,2.25,15.15934027,17.71905455,87
930,Chilliwack,2009,3,Single-detached,343427.3616,57290,2.25,29.84576211,42.84775906,352
930,Chilliwack,2009,3,Townhouses,245398.2684,57290,2.25,21.32648461,29.51804433,130
943,Courtenay,2009,3,All housing types,304811.3452,58245,2.25,26.0554801,33.29529423,368
943,Courtenay,2009,3,Condos,168339.6226,58245,2.25,14.38978489,18.06257235,28
943,Courtenay,2009,3,Single-detached,328540.0458,58245,2.25,28.08382549,37.46374731,269
943,Courtenay,2009,3,Townhouses,229751.9685,58245,2.25,19.63935378,25.7004721,71
905,Cranbrook,2009,3,All housing types,265484.2767,63025,2.25,20.97261347,23.32692088,91
905,Cranbrook,2009,3,Single-detached,281194.0299,63025,2.25,22.21364584,24.79879355,79
975,Dawson Creek,2009,3,All housing types,219833.3333,68872.5,2.25,15.89184423,17.42873376,65
975,Dawson Creek,2009,3,Single-detached,213653.0612,68872.5,2.25,15.44506975,17.4035768,59
937,Duncan,2009,3,All housing types,302989.9619,55837.5,2.25,27.01648704,33.65613231,169
937,Duncan,2009,3,Condos,169676.4706,55837.5,2.25,15.12941927,15.67225183,14
937,Duncan,2009,3,Single-detached,333603.8835,55837.5,2.25,29.74621647,37.87860121,114
937,Duncan,2009,3,Townhouses,264121.92,55837.5,2.25,23.55076843,27.87876391,41
977,Fort St. John,2009,3,All housing types,275045.4545,80597.5,2.25,16.99063081,19.8313746,117
977,Fort St. John,2009,3,Single-detached,291543.1737,80597.5,2.25,18.00975928,21.34312718,98
977,Fort St. John,2009,3,Townhouses,219338.2222,80597.5,2.25,13.54937773,16.34879797,15
925,Kamloops,2009,3,All housing types,325681.0631,63990,2.25,25.34002266,29.18144185,513
925,Kamloops,2009,3,Condos,220108.4337,63990,2.25,17.12581212,18.56500138,37
925,Kamloops,2009,3,Single-detached,347951.7471,63990,2.25,27.07282109,32.08712104,354
925,Kamloops,2009,3,Townhouses,274240.7854,63990,2.25,21.33764748,25.397242,122
915,Kelowna,2009,3,All housing types,370079.8891,60940,2.25,30.23567283,38.09482147,1081
915,Kelowna,2009,3,Condos,262334.3606,60940,2.25,21.43282067,24.28880262,303
915,Kelowna,2009,3,Single-detached,435893.3583,60940,2.25,35.61265921,44.76537722,630
915,Kelowna,2009,3,Townhouses,324011.2782,60940,2.25,26.47184916,32.85366574,148
938,Nanaimo,2009,3,All housing types,315784.3866,58475,2.25,26.88728959,33.9915153,654
938,Nanaimo,2009,3,Condos,198885.2459,58475,2.25,16.93397593,21.40189008,80
938,Nanaimo,2009,3,Single-detached,340673.1242,58475,2.25,29.0064276,37.66249954,496
938,Nanaimo,2009,3,Townhouses,275710.6383,58475,2.25,23.47523212,27.46191196,78
939,Parksville,2009,3,All housing types,335796.3446,57337.5,2.25,29.15840831,38.92321274,242
939,Parksville,2009,3,Single-detached,345422.9094,57337.5,2.25,29.99431766,41.08315087,187
939,Parksville,2009,3,Townhouses,295521.371,57337.5,2.25,25.66118701,35.70802608,46
913,Penticton,2009,3,All housing types,335752.8868,54997.5,2.25,30.39508828,34.46883108,239
913,Penticton,2009,3,Condos,245654.3529,54997.5,2.25,22.23863453,24.64960116,55
913,Penticton,2009,3,Single-detached,372374.4681,54997.5,2.25,33.71037234,41.62561139,129
913,Penticton,2009,3,Townhouses,271458.3333,54997.5,2.25,24.57462118,28.09446494,55
940,Port Alberni,2009,3,All housing types,193245.283,52660,2.25,18.27067738,24.91984493,81
940,Port Alberni,2009,3,Single-detached,197776.0417,52660,2.25,18.69904504,25.47459468,75
945,Powell River,2009,3,All housing types,242790.6977,55697.5,2.25,21.70315854,28.39881449,67
945,Powell River,2009,3,Single-detached,244978.2609,55697.5,2.25,21.8987057,29.06419653,60
970,Prince George,2009,3,All housing types,218663.7992,67037.5,2.25,16.23998716,20.86631918,307
970,Prince George,2009,3,Single-detached,223088.6598,67037.5,2.25,16.56861805,21.62037066,279
970,Prince George,2009,3,Townhouses,160967.7419,67037.5,2.25,11.95494669,15.88118112,20
955,Prince Rupert,2009,3,All housing types,189634.1463,55860,2.25,16.90216012,20.96060583,31
955,Prince Rupert,2009,3,Single-detached,189625,55860,2.25,16.9013449,21.3614414,30
952,Quesnel,2009,3,All housing types,170384.6154,58130,2.25,14.59340574,19.12777887,64
952,Quesnel,2009,3,Single-detached,170102.0408,58130,2.25,14.56920329,19.38116486,61
920,Salmon Arm,2009,3,All housing types,320890.1515,56457.5,2.25,28.29836521,34.91041316,85
920,Salmon Arm,2009,3,Single-detached,334990.7767,56457.5,2.25,29.54185816,37.57179298,69
920,Salmon Arm,2009,3,Townhouses,259375,56457.5,2.25,22.87352367,27.50382689,11
934,Squamish,2009,3,All housing types,351557,67065,2.25,26.09915357,35.74275125,54
934,Squamish,2009,3,Condos,276949.4118,67065,2.25,20.5603792,24.02183276,12
934,Squamish,2009,3,Single-detached,479843.75,67065,2.25,35.62300202,52.39203906,19
934,Squamish,2009,3,Townhouses,387595.5556,67065,2.25,28.77461102,35.812071,23
965,Terrace,2009,3,All housing types,181674.2268,60637.5,2.25,14.91690194,22.28508389,51
965,Terrace,2009,3,Single-detached,188214.4578,60637.5,2.25,15.45390704,22.91057037,46
933,Vancouver,2009,3,All housing types,436983.9138,61192.5,2.25,35.55444105,46.34979114,16480
933,Vancouver,2009,3,Condos,336364.3337,61192.5,2.25,27.36770278,33.52101857,6828
933,Vancouver,2009,3,Single-detached,599364.3988,61192.5,2.25,48.3407427,73.63157159,6544
933,Vancouver,2009,3,Townhouses,384940.5435,61192.5,2.25,31.32002216,42.89966917,3108
918,Vernon,2009,3,All housing types,339514.1011,58452.5,2.25,28.9188706,33.47993893,304
918,Vernon,2009,3,Condos,191776.4706,58452.5,2.25,16.3349885,17.73657873,36
918,Vernon,2009,3,Single-detached,367422.3684,58452.5,2.25,31.2960195,38.42228469,217
918,Vernon,2009,3,Townhouses,284853.9604,58452.5,2.25,24.26307124,28.34301195,51
935,Victoria,2009,3,All housing types,437256.0282,69100,2.25,31.50535374,38.89023417,2386
935,Victoria,2009,3,Condos,303482.6,69100,2.25,21.86665489,25.16453563,813
935,Victoria,2009,3,Single-detached,525335.3923,69100,2.25,37.75560712,48.24432339,1244
935,Victoria,2009,3,Townhouses,390596.9479,69100,2.25,28.14345422,34.92562688,329
950,Williams Lake,2009,3,All housing types,205382.716,61057.5,2.25,16.74755747,21.01542762,52
950,Williams Lake,2009,3,Single-detached,213656.7164,61057.5,2.25,17.42224567,22.05009043,42
932,Abbotsford - Mission,2009,4,All housing types,335421.0209,56890,2.25,29.35492294,39.8580484,871
932,Abbotsford - Mission,2009,4,Condos,197684.8249,56890,2.25,17.30071295,20.09532322,276
932,Abbotsford - Mission,2009,4,Single-detached,399454.7225,56890,2.25,34.95893777,49.93104757,467
932,Abbotsford - Mission,2009,4,Townhouses,275341.637,56890,2.25,24.09697673,32.71122748,128
944,Campbell River,2009,4,All housing types,271710.5263,59470,2.25,22.74757613,28.83969156,138
944,Campbell River,2009,4,Condos,246166.6667,59470,2.25,20.60904694,18.33500271,14
944,Campbell River,2009,4,Single-detached,279550.5618,59470,2.25,23.40394306,31.14048371,112
944,Campbell River,2009,4,Townhouses,208745.4545,59470,2.25,17.47614707,23.04827448,12
930,Chilliwack,2009,4,All housing types,293603.8306,57300,2.25,25.51136507,35.74923238,423
930,Chilliwack,2009,4,Condos,163939.0244,57300,2.25,14.24473342,17.71905455,77
930,Chilliwack,2009,4,Single-detached,351749.8258,57300,2.25,30.56369598,42.84775906,222
930,Chilliwack,2009,4,Townhouses,252358.2677,57300,2.25,21.92752009,29.51804433,124
943,Courtenay,2009,4,All housing types,311472.4138,58330,2.25,26.58607429,33.29529423,299
943,Courtenay,2009,4,Condos,165440.678,58330,2.25,14.12137307,18.06257235,31
943,Courtenay,2009,4,Single-detached,335459.9156,58330,2.25,28.63355419,37.46374731,205
943,Courtenay,2009,4,Townhouses,236555.9701,58330,2.25,20.19149793,25.7004721,63
905,Cranbrook,2009,4,All housing types,283613.6364,62820,2.25,22.47790224,23.32692088,63
905,Cranbrook,2009,4,Single-detached,299330.7087,62820,2.25,23.72356454,24.79879355,48
975,Dawson Creek,2009,4,All housing types,228403.6697,69010,2.25,16.47849907,17.42873376,44
975,Dawson Creek,2009,4,Single-detached,226020.202,69010,2.25,16.3065405,17.4035768,40
937,Duncan,2009,4,All housing types,305058.1721,55760,2.25,27.23870778,33.65613231,168
937,Duncan,2009,4,Condos,144200,55760,2.25,12.87564806,15.67225183,31
937,Duncan,2009,4,Single-detached,335229.0749,55760,2.25,29.93267398,37.87860121,113
937,Duncan,2009,4,Townhouses,259130.6769,55760,2.25,23.13783216,27.87876391,24
977,Fort St. John,2009,4,All housing types,289603.6866,80000,2.25,18.02356516,19.8313746,100
977,Fort St. John,2009,4,Single-detached,304337.9213,80000,2.25,18.94055432,21.34312718,80
977,Fort St. John,2009,4,Townhouses,218042.7941,80000,2.25,13.56995332,16.34879797,19
925,Kamloops,2009,4,All housing types,328645.9893,63990,2.25,25.57071245,29.18144185,422
925,Kamloops,2009,4,Condos,214744.3182,63990,2.25,16.7084504,18.56500138,51
925,Kamloops,2009,4,Single-detached,354161.1374,63990,2.25,27.55595048,32.08712104,279
925,Kamloops,2009,4,Townhouses,266566.0374,63990,2.25,20.74050411,25.397242,92
915,Kelowna,2009,4,All housing types,387385.9517,60850,2.25,31.69639618,38.09482147,905
915,Kelowna,2009,4,Condos,269119.6262,60850,2.25,22.01969962,24.28880262,232
915,Kelowna,2009,4,Single-detached,442303.0822,60850,2.25,36.18978351,44.76537722,538
915,Kelowna,2009,4,Townhouses,333577.7385,60850,2.25,27.29374184,32.85366574,135
938,Nanaimo,2009,4,All housing types,316947.9936,58500,2.25,26.97483164,33.9915153,592
938,Nanaimo,2009,4,Condos,219333.3333,58500,2.25,18.66703642,21.40189008,160
938,Nanaimo,2009,4,Single-detached,343246.0465,58500,2.25,29.21300814,37.66249954,364
938,Nanaimo,2009,4,Townhouses,281935.6164,58500,2.25,23.99499584,27.46191196,68
939,Parksville,2009,4,All housing types,347152.9412,57520,2.25,30.04889967,38.92321274,183
939,Parksville,2009,4,Condos,451507.3171,57520,2.25,39.08161638,25.29799068,32
939,Parksville,2009,4,Single-detached,353933.8658,57520,2.25,30.63584364,41.08315087,126
939,Parksville,2009,4,Townhouses,268596.1268,57520,2.25,23.24917092,35.70802608,25
913,Penticton,2009,4,All housing types,331340.5797,54920,2.25,30.03797843,34.46883108,175
913,Penticton,2009,4,Condos,234318.75,54920,2.25,21.24237715,24.64960116,25
913,Penticton,2009,4,Single-detached,368012.5,54920,2.25,33.36250437,41.62561139,111
913,Penticton,2009,4,Townhouses,262989.3617,54920,2.25,23.84153726,28.09446494,39
940,Port Alberni,2009,4,All housing types,210297.1429,52520,2.25,19.93587293,24.91984493,94
940,Port Alberni,2009,4,Single-detached,211754.717,52520,2.25,20.07404891,25.47459468,84
945,Powell River,2009,4,All housing types,245847.3282,55200,2.25,22.17445819,28.39881449,64
945,Powell River,2009,4,Single-detached,251172.5664,55200,2.25,22.65477365,29.06419653,53
970,Prince George,2009,4,All housing types,223900.5744,66910,2.25,16.66060545,20.86631918,224
970,Prince George,2009,4,Single-detached,228310.0616,66910,2.25,16.98871862,21.62037066,208
970,Prince George,2009,4,Townhouses,169500,66910,2.25,12.61261894,15.88118112,10
955,Prince Rupert,2009,4,All housing types,182941.1765,56230,2.25,16.19832044,20.96060583,20
955,Prince Rupert,2009,4,Single-detached,183489.3617,56230,2.25,16.24685889,21.3614414,17
952,Quesnel,2009,4,All housing types,169816.6667,57700,2.25,14.65315355,19.12777887,56
952,Quesnel,2009,4,Single-detached,171566.3717,57700,2.25,14.80413223,19.38116486,52
920,Salmon Arm,2009,4,All housing types,320000,56540,2.25,28.1786885,34.91041316,68
920,Salmon Arm,2009,4,Single-detached,333580.6034,56540,2.25,29.37457473,37.57179298,47
920,Salmon Arm,2009,4,Townhouses,253000,56540,2.25,22.27877559,27.50382689,16
934,Squamish,2009,4,All housing types,366264.7059,67080,2.25,27.18495504,35.74275125,48
934,Squamish,2009,4,Single-detached,511176.4706,67080,2.25,37.89695812,52.39203906,15
934,Squamish,2009,4,Townhouses,348170.2128,67080,2.25,25.8419428,35.812071,24
965,Terrace,2009,4,All housing types,189860.241,60750,2.25,15.56017036,22.28508389,32
965,Terrace,2009,4,Single-detached,190089.4737,60750,2.25,15.57895733,22.91057037,30
933,Vancouver,2009,4,All housing types,449806.9066,61100,2.25,36.65316748,46.34979114,13578
933,Vancouver,2009,4,Condos,344817.8506,61100,2.25,28.09798214,33.52101857,6348
933,Vancouver,2009,4,Single-detached,622906.7786,61100,2.25,50.23134361,73.63157159,4985
933,Vancouver,2009,4,Townhouses,403498.5784,61100,2.25,32.87966626,42.89966917,2245
918,Vernon,2009,4,All housing types,345675.7006,58410,2.25,29.46512226,33.47993893,237
918,Vernon,2009,4,Condos,205760.274,58410,2.25,17.53884238,17.73657873,37
918,Vernon,2009,4,Single-detached,376800.2681,58410,2.25,32.11815568,38.42228469,156
918,Vernon,2009,4,Townhouses,284625.2632,58410,2.25,24.26123145,28.34301195,44
935,Victoria,2009,4,All housing types,453946.5005,69300,2.25,32.61354739,38.89023417,1666
935,Victoria,2009,4,Condos,307372.2767,69300,2.25,22.08299943,25.16453563,537
935,Victoria,2009,4,Single-detached,538273.2576,69300,2.25,38.52723666,48.24432339,903
935,Victoria,2009,4,Townhouses,409863.2198,69300,2.25,29.4464073,34.92562688,226
950,Williams Lake,2009,4,All housing types,192905.914,60480,2.25,15.88036067,21.01542762,41
950,Williams Lake,2009,4,Single-detached,199545.4545,60480,2.25,16.42693955,22.05009043,35
932,Abbotsford - Mission,2010,1,All housing types,337943.905,56925,2.25,29.55753284,39.8580484,581
932,Abbotsford - Mission,2010,1,Condos,195838.3459,56925,2.25,17.12857742,20.09532322,123
932,Abbotsford - Mission,2010,1,Single-detached,405441.3543,56925,2.25,35.46105128,49.93104757,360
932,Abbotsford - Mission,2010,1,Townhouses,273803.0088,56925,2.25,23.94758807,32.71122748,98
944,Campbell River,2010,1,All housing types,269180.1887,59667.5,2.25,22.46114303,28.83969156,127
944,Campbell River,2010,1,Condos,188503.8462,59667.5,2.25,15.7292848,18.33500271,12
944,Campbell River,2010,1,Single-detached,279386.7925,59667.5,2.25,23.31281041,31.14048371,100
944,Campbell River,2010,1,Townhouses,209900,59667.5,2.25,17.51463934,23.04827448,15
930,Chilliwack,2010,1,All housing types,290612.9278,57215,2.25,25.28899843,35.74923238,366
930,Chilliwack,2010,1,Condos,166031.5789,57215,2.25,14.44798885,17.71905455,56
930,Chilliwack,2010,1,Single-detached,364004.7393,57215,2.25,31.67551888,42.84775906,200
930,Chilliwack,2010,1,Townhouses,249282.906,57215,2.25,21.69247964,29.51804433,110
943,Courtenay,2010,1,All housing types,309469.4093,58467.5,2.25,26.35298432,33.29529423,175
943,Courtenay,2010,1,Condos,164046.5116,58467.5,2.25,13.9694426,18.06257235,12
943,Courtenay,2010,1,Single-detached,340000,58467.5,2.25,28.95282829,37.46374731,118
943,Courtenay,2010,1,Townhouses,227916.6667,58467.5,2.25,19.40832975,25.7004721,45
905,Cranbrook,2010,1,All housing types,265300,63225,2.25,20.89175932,23.32692088,62
905,Cranbrook,2010,1,Condos,129562.5,63225,2.25,10.2027462,10.88601116,10
905,Cranbrook,2010,1,Single-detached,287259.5745,63225,2.25,22.62102485,24.79879355,46
975,Dawson Creek,2010,1,All housing types,227250,69560,2.25,16.26563118,17.42873376,44
975,Dawson Creek,2010,1,Single-detached,227272.1519,69560,2.25,16.26721672,17.4035768,39
937,Duncan,2010,1,All housing types,317230.7692,55770,2.25,28.32052251,33.65613231,144
937,Duncan,2010,1,Condos,137875,55770,2.25,12.30868005,15.67225183,17
937,Duncan,2010,1,Single-detached,348792.0673,55770,2.25,31.13813209,37.87860121,95
937,Duncan,2010,1,Townhouses,260814.2857,55770,2.25,23.28398619,27.87876391,32
977,Fort St. John,2010,1,All housing types,292265.9183,80600,2.25,18.05384604,19.8313746,53
977,Fort St. John,2010,1,Single-detached,305172.935,80600,2.25,18.85113808,21.34312718,43
925,Kamloops,2010,1,All housing types,328307.4866,64262.5,2.25,25.43605594,29.18144185,326
925,Kamloops,2010,1,Condos,241581.6327,64262.5,2.25,18.71685591,18.56500138,47
925,Kamloops,2010,1,Single-detached,354148.1481,64262.5,2.25,27.43809531,32.08712104,207
925,Kamloops,2010,1,Townhouses,281498.7805,64262.5,2.25,21.80948964,25.397242,72
915,Kelowna,2010,1,All housing types,404346.897,60885,2.25,33.06514307,38.09482147,803
915,Kelowna,2010,1,Condos,334435.0725,60885,2.25,27.34815972,24.28880262,320
915,Kelowna,2010,1,Single-detached,441195.279,60885,2.25,36.07838994,44.76537722,394
915,Kelowna,2010,1,Townhouses,337301.3393,60885,2.25,27.58254639,32.85366574,89
938,Nanaimo,2010,1,All housing types,316249.9494,58520,2.25,26.90622374,33.9915153,397
938,Nanaimo,2010,1,Condos,230005.0847,58520,2.25,19.56859845,21.40189008,76
938,Nanaimo,2010,1,Single-detached,341638.8535,58520,2.25,29.06628585,37.66249954,264
938,Nanaimo,2010,1,Townhouses,284480.8,58520,2.25,24.20333685,27.46191196,57
939,Parksville,2010,1,All housing types,351855.6701,57692.5,2.25,30.36489595,38.92321274,108
939,Parksville,2010,1,Single-detached,357464.1148,57692.5,2.25,30.84890077,41.08315087,83
939,Parksville,2010,1,Townhouses,265108.6957,57692.5,2.25,22.87869329,35.70802608,21
913,Penticton,2010,1,All housing types,338140.6728,54875,2.25,30.67958503,34.46883108,152
913,Penticton,2010,1,Condos,242577.6066,54875,2.25,22.00912492,24.64960116,36
913,Penticton,2010,1,Single-detached,375076.3959,54875,2.25,34.03077213,41.62561139,86
913,Penticton,2010,1,Townhouses,269869.5652,54875,2.25,24.48533093,28.09446494,30
940,Port Alberni,2010,1,All housing types,217884.8921,52587.5,2.25,20.6286684,24.91984493,45
940,Port Alberni,2010,1,Single-detached,219333.3333,52587.5,2.25,20.76580234,25.47459468,42
945,Powell River,2010,1,All housing types,236571.4286,55370,2.25,21.27229617,28.39881449,48
945,Powell River,2010,1,Single-detached,242686.1702,55370,2.25,21.82212839,29.06419653,41
970,Prince George,2010,1,All housing types,229702.9178,67250,2.25,17.00594715,20.86631918,153
970,Prince George,2010,1,Single-detached,233865.7143,67250,2.25,17.31413783,21.62037066,142
955,Prince Rupert,2010,1,All housing types,205697.6744,56260,2.25,18.20355691,20.96060583,23
955,Prince Rupert,2010,1,Single-detached,206054.0541,56260,2.25,18.23509531,21.3614414,20
952,Quesnel,2010,1,All housing types,179205.1282,57885,2.25,15.41384537,19.12777887,22
952,Quesnel,2010,1,Single-detached,182388.8889,57885,2.25,15.68768795,19.38116486,20
920,Salmon Arm,2010,1,All housing types,330934.5794,56625,2.25,29.09782556,34.91041316,39
920,Salmon Arm,2010,1,Single-detached,339078.75,56625,2.25,29.81391167,37.57179298,33
934,Squamish,2010,1,All housing types,392870.1299,66942.5,2.25,29.21956089,35.74275125,29
934,Squamish,2010,1,Condos,276289.4737,66942.5,2.25,20.54892059,24.02183276,10
934,Squamish,2010,1,Single-detached,508750,66942.5,2.25,37.80382905,52.39203906,13
965,Terrace,2010,1,All housing types,193034.4828,60617.5,2.25,15.8548989,22.28508389,26
965,Terrace,2010,1,Single-detached,192705.8824,60617.5,2.25,15.82790929,22.91057037,21
933,Vancouver,2010,1,All housing types,458131.234,60995,2.25,37.39575174,46.34979114,9850
933,Vancouver,2010,1,Condos,350404.782,60995,2.25,28.60239439,33.52101857,4317
933,Vancouver,2010,1,Single-detached,646319.2241,60995,2.25,52.12831249,73.63157159,3715
933,Vancouver,2010,1,Townhouses,414079.1263,60995,2.25,33.79992251,42.89966917,1818
918,Vernon,2010,1,All housing types,341087.1122,58512.5,2.25,29.02306389,33.47993893,182
918,Vernon,2010,1,Condos,208608.3333,58512.5,2.25,17.75045955,17.73657873,23
918,Vernon,2010,1,Single-detached,374102.8881,58512.5,2.25,31.83237254,38.42228469,121
918,Vernon,2010,1,Townhouses,299463.4146,58512.5,2.25,25.48130817,28.34301195,38
935,Victoria,2010,1,All housing types,457773.6022,69282.5,2.25,32.89681078,38.89023417,1185
935,Victoria,2010,1,Condos,302625.0431,69282.5,2.25,21.74742871,25.16453563,379
935,Victoria,2010,1,Single-detached,552062.4593,69282.5,2.25,39.47574228,48.24432339,634
935,Victoria,2010,1,Townhouses,423242.6809,69282.5,2.25,30.41532827,34.92562688,172
950,Williams Lake,2010,1,All housing types,205355.6338,61110,2.25,16.73096305,21.01542762,30
950,Williams Lake,2010,1,Single-detached,205677.4194,61110,2.25,16.75717993,22.05009043,27
932,Abbotsford - Mission,2010,2,All housing types,363044.4118,56960,2.346153846,32.08230352,39.8580484,949
932,Abbotsford - Mission,2010,2,Condos,175943.5484,56960,2.346153846,15.54816474,20.09532322,187
932,Abbotsford - Mission,2010,2,Single-detached,420283.0189,56960,2.346153846,37.14049009,49.93104757,594
932,Abbotsford - Mission,2010,2,Townhouses,271638.9474,56960,2.346153846,24.0047853,32.71122748,168
944,Campbell River,2010,2,All housing types,263705.2748,59865,2.346153846,22.17285402,28.83969156,186
944,Campbell River,2010,2,Condos,156188.8889,59865,2.346153846,13.13266652,18.33500271,15
944,Campbell River,2010,2,Single-detached,281106.7194,59865,2.346153846,23.63600143,31.14048371,153
944,Campbell River,2010,2,Townhouses,206445.4545,59865,2.346153846,17.35833661,23.04827448,18
930,Chilliwack,2010,2,All housing types,316620.6667,57130,2.346153846,27.89656964,35.74923238,534
930,Chilliwack,2010,2,Condos,164918.1296,57130,2.346153846,14.53047944,17.71905455,52
930,Chilliwack,2010,2,Single-detached,374569.7248,57130,2.346153846,33.00230058,42.84775906,345
930,Chilliwack,2010,2,Townhouses,250868.0162,57130,2.346153846,22.1032858,29.51804433,137
943,Courtenay,2010,2,All housing types,317587.8378,58605,2.346153846,27.27752484,33.29529423,343
943,Courtenay,2010,2,Condos,160081.3953,58605,2.346153846,13.74934339,18.06257235,31
943,Courtenay,2010,2,Single-detached,350028.0899,58605,2.346153846,30.06380843,37.46374731,238
943,Courtenay,2010,2,Townhouses,219084.0336,58605,2.346153846,18.81706242,25.7004721,74
905,Cranbrook,2010,2,All housing types,265763.9752,63630,2.346153846,21.02373896,23.32692088,99
905,Cranbrook,2010,2,Single-detached,279295.3846,63630,2.346153846,22.09416553,24.79879355,84
975,Dawson Creek,2010,2,All housing types,228232.1429,70110,2.346153846,16.38598709,17.42873376,68
975,Dawson Creek,2010,2,Single-detached,228245,70110,2.346153846,16.386910173844502,17.4035768,61
937,Duncan,2010,2,All housing types,322276.5,55780,2.346153846,29.08210889,33.65613231,208
937,Duncan,2010,2,Condos,148531.25,55780,2.346153846,13.40340356,15.67225183,15
937,Duncan,2010,2,Single-detached,356245.7983,55780,2.346153846,32.14748546,37.87860121,143
937,Duncan,2010,2,Townhouses,267285.061,55780,2.346153846,24.11970233,27.87876391,50
977,Fort St. John,2010,2,All housing types,276495.8231,81200,2.346153846,17.13990117,19.8313746,142
977,Fort St. John,2010,2,Single-detached,294740.3248,81200,2.346153846,18.27087289,21.34312718,114
977,Fort St. John,2010,2,Townhouses,229502.8108,81200,2.346153846,14.22681707,16.34879797,28
925,Kamloops,2010,2,All housing types,334203.4314,64535,2.346153846,26.06701836,29.18144185,490
925,Kamloops,2010,2,Condos,237697.2477,64535,2.346153846,18.53978128,18.56500138,62
925,Kamloops,2010,2,Single-detached,359049.6183,64535,2.346153846,28.00495781,32.08712104,317
925,Kamloops,2010,2,Townhouses,289636.0656,64535,2.346153846,22.59087709,25.397242,111
915,Kelowna,2010,2,All housing types,408756.444,60920,2.346153846,33.773843397734304,38.09482147,1098
915,Kelowna,2010,2,Condos,330042.0174,60920,2.346153846,27.269998,24.28880262,255
915,Kelowna,2010,2,Single-detached,446437.2958,60920,2.346153846,36.88725533,44.76537722,659
915,Kelowna,2010,2,Townhouses,339387.619,60920,2.346153846,28.04218616,32.85366574,184
938,Nanaimo,2010,2,All housing types,324320.603,58540,2.346153846,27.88672978,33.9915153,598
938,Nanaimo,2010,2,Condos,231607.8652,58540,2.346153846,19.91481852,21.40189008,102
938,Nanaimo,2010,2,Single-detached,352077.7778,58540,2.346153846,30.2734324,37.66249954,411
938,Nanaimo,2010,2,Townhouses,273193.662,58540,2.346153846,23.49057617,27.46191196,85
939,Parksville,2010,2,All housing types,364920.0935,57865,2.346153846,31.74370304,38.92321274,213
939,Parksville,2010,2,Condos,265500,57865,2.346153846,23.0953387,25.29799068,12
939,Parksville,2010,2,Single-detached,373399.2095,57865,2.346153846,32.48128517,41.08315087,170
939,Parksville,2010,2,Townhouses,318250,57865,2.346153846,27.6839606,35.70802608,31
913,Penticton,2010,2,All housing types,336000,54830,2.346153846,30.84585404,34.46883108,233
913,Penticton,2010,2,Condos,256749.9101,54830,2.346153846,23.57044718,24.64960116,53
913,Penticton,2010,2,Single-detached,382893.75,54830,2.346153846,35.15084739,41.62561139,130
913,Penticton,2010,2,Townhouses,293351.25,54830,2.346153846,26.930565,28.09446494,50
940,Port Alberni,2010,2,All housing types,219237.4101,52655,2.346153846,20.95804717,24.91984493,94
940,Port Alberni,2010,2,Single-detached,218725.8065,52655,2.346153846,20.90914031,25.47459468,82
940,Port Alberni,2010,2,Townhouses,199178.5714,52655,2.346153846,19.0405182,17.79705682,11
945,Powell River,2010,2,All housing types,232508.1818,55540,2.346153846,21.07211522,28.39881449,62
945,Powell River,2010,2,Single-detached,232453.6082,55540,2.346153846,21.06716924,29.06419653,56
970,Prince George,2010,2,All housing types,231343.3476,67590,2.346153846,17.22861384,20.86631918,313
970,Prince George,2010,2,Condos,132031.25,67590,2.346153846,9.832638131,12.39060086,11
970,Prince George,2010,2,Single-detached,235167.0588,67590,2.346153846,17.51337346,21.62037066,283
970,Prince George,2010,2,Townhouses,187040,67590,2.346153846,13.92925263,15.88118112,19
955,Prince Rupert,2010,2,All housing types,207865,56290,2.346153846,18.58771002,20.96060583,27
955,Prince Rupert,2010,2,Single-detached,208818.1818,56290,2.346153846,18.67294547,21.3614414,24
952,Quesnel,2010,2,All housing types,195250,58070,2.346153846,16.92446637,19.12777887,66
952,Quesnel,2010,2,Single-detached,200329.1139,58070,2.346153846,17.36472907,19.38116486,59
920,Salmon Arm,2010,2,All housing types,342698.2759,56710,2.346153846,30.4178168,34.91041316,77
920,Salmon Arm,2010,2,Single-detached,356973.2143,56710,2.346153846,31.68485691,37.57179298,51
920,Salmon Arm,2010,2,Townhouses,269904.7619,56710,2.346153846,23.95668195,27.50382689,17
934,Squamish,2010,2,All housing types,388772.9592,66805,2.346153846,29.29293242,35.74275125,69
934,Squamish,2010,2,Condos,277822.5806,66805,2.346153846,20.93313819,24.02183276,21
934,Squamish,2010,2,Single-detached,479557.1429,66805,2.346153846,36.13326144,52.39203906,22
934,Squamish,2010,2,Townhouses,376468.75,66805,2.346153846,28.36584539,35.812071,26
965,Terrace,2010,2,All housing types,203166.6667,60485,2.346153846,16.90754445,22.28508389,31
965,Terrace,2010,2,Single-detached,203510,60485,2.346153846,16.93611668,22.91057037,29
933,Vancouver,2010,2,All housing types,478884.2837,60890,2.346153846,39.5877098,46.34979114,14930
933,Vancouver,2010,2,Condos,356211.6732,60890,2.346153846,29.44678877,33.52101857,6100
933,Vancouver,2010,2,Single-detached,662989.6255,60890,2.346153846,54.09791574,73.63157159,5924
933,Vancouver,2010,2,Townhouses,418457.663,60890,2.346153846,34.59244976,42.89966917,2906
918,Vernon,2010,2,All housing types,347087.5796,58615,2.346153846,29.80616294,33.47993893,289
918,Vernon,2010,2,Condos,220728.5714,58615,2.346153846,18.95507691,17.73657873,47
918,Vernon,2010,2,Single-detached,380300,58615,2.346153846,32.65828117,38.42228469,184
918,Vernon,2010,2,Townhouses,319022.9167,58615,2.346153846,27.39610863,28.34301195,58
935,Victoria,2010,2,All housing types,477815.8379,69265,2.346153846,34.72341814,38.89023417,2073
935,Victoria,2010,2,Condos,305163.9676,69265,2.346153846,22.17661117,25.16453563,609
935,Victoria,2010,2,Single-detached,567856.338,69265,2.346153846,41.00722658,48.24432339,1141
935,Victoria,2010,2,Townhouses,420151.7172,69265,2.346153846,30.53290117,34.92562688,323
950,Williams Lake,2010,2,All housing types,231666.6667,61740,2.346153846,18.88742237,21.01542762,51
950,Williams Lake,2010,2,Single-detached,229043.4783,61740,2.346153846,18.67355791,22.05009043,42
932,Abbotsford - Mission,2010,3,All housing types,361441.3932,56995,2.769230769,33.47487636,39.8580484,544
932,Abbotsford - Mission,2010,3,Condos,167315.7895,56995,2.769230769,15.49594339,20.09532322,136
932,Abbotsford - Mission,2010,3,Single-detached,422775.7475,56995,2.769230769,39.15535449,49.93104757,309
932,Abbotsford - Mission,2010,3,Townhouses,269965.2809,56995,2.769230769,25.00282085,32.71122748,99
944,Campbell River,2010,3,All housing types,271610.5644,60062.5,2.769230769,23.87047741,28.83969156,117
944,Campbell River,2010,3,Single-detached,290000,60062.5,2.769230769,25.48663181,31.14048371,91
944,Campbell River,2010,3,Townhouses,216978.3784,60062.5,2.769230769,19.06913117,23.04827448,19
930,Chilliwack,2010,3,All housing types,321788.0795,57045,2.769230769,29.77626489,35.74923238,372
930,Chilliwack,2010,3,Condos,156105.4175,57045,2.769230769,14.44502317,17.71905455,51
930,Chilliwack,2010,3,Single-detached,368798.4668,57045,2.769230769,34.12631337,42.84775906,242
930,Chilliwack,2010,3,Townhouses,253283.3333,57045,2.769230769,23.43726231,29.51804433,79
943,Courtenay,2010,3,All housing types,322017.6471,58742.5,2.769230769,28.93643995,33.29529423,252
943,Courtenay,2010,3,Condos,171441.1765,58742.5,2.769230769,15.40566908,18.06257235,20
943,Courtenay,2010,3,Single-detached,348400,58742.5,2.769230769,31.30715279,37.46374731,187
943,Courtenay,2010,3,Townhouses,223380.5882,58742.5,2.769230769,20.072934,25.7004721,45
905,Cranbrook,2010,3,All housing types,275387.931,64035,2.769230769,22.70101844,23.32692088,75
905,Cranbrook,2010,3,Single-detached,285071.4286,64035,2.769230769,23.49925696,24.79879355,63
975,Dawson Creek,2010,3,All housing types,230000,70660,2.769230769,17.18193434,17.42873376,52
975,Dawson Creek,2010,3,Single-detached,230000,70660,2.769230769,17.18193434,17.4035768,47
937,Duncan,2010,3,All housing types,312375.9535,55790,2.769230769,29.55555271,33.65613231,136
937,Duncan,2010,3,Condos,153927.2727,55790,2.769230769,14.56387911,15.67225183,18
937,Duncan,2010,3,Single-detached,351547.1491,55790,2.769230769,33.26174816,37.87860121,85
937,Duncan,2010,3,Townhouses,275787.5181,55790,2.769230769,26.09372596,27.87876391,33
977,Fort St. John,2010,3,All housing types,268772.0848,81800,2.769230769,17.34397778,19.8313746,141
977,Fort St. John,2010,3,Condos,157000,81800,2.769230769,10.13127726,10.70806892,35
977,Fort St. John,2010,3,Single-detached,294872.7273,81800,2.769230769,19.02826342,21.34312718,95
977,Fort St. John,2010,3,Townhouses,235297.5385,81800,2.769230769,15.18385096,16.34879797,11
925,Kamloops,2010,3,All housing types,333828.125,64807.5,2.769230769,27.19039437,29.18144185,406
925,Kamloops,2010,3,Condos,218062.5,64807.5,2.769230769,17.76125176,18.56500138,34
925,Kamloops,2010,3,Single-detached,360344.2088,64807.5,2.769230769,29.35013683,32.08712104,296
925,Kamloops,2010,3,Townhouses,282509.0909,64807.5,2.769230769,23.01044466,25.397242,76
915,Kelowna,2010,3,All housing types,404548.9039,60955,2.769230769,35.03317877,38.09482147,681
915,Kelowna,2010,3,Condos,269615.942,60955,2.769230769,23.34823653,24.28880262,159
915,Kelowna,2010,3,Single-detached,451916.4118,60955,2.769230769,39.13511641,44.76537722,430
915,Kelowna,2010,3,Townhouses,340361.6667,60955,2.769230769,29.47468403,32.85366574,92
938,Nanaimo,2010,3,All housing types,332701.2987,58560,2.769230769,29.98964191,33.9915153,403
938,Nanaimo,2010,3,Condos,239520.2703,58560,2.769230769,21.5903189,21.40189008,46
938,Nanaimo,2010,3,Single-detached,355730.8451,58560,2.769230769,32.06552154,37.66249954,299
938,Nanaimo,2010,3,Townhouses,269909.7902,58560,2.769230769,24.32962537,27.46191196,58
939,Parksville,2010,3,All housing types,365606.746,58037.5,2.769230769,33.25242755,38.92321274,165
939,Parksville,2010,3,Condos,271446.8846,58037.5,2.769230769,24.68846093,25.29799068,14
939,Parksville,2010,3,Single-detached,374307.4324,58037.5,2.769230769,34.04376674,41.08315087,126
939,Parksville,2010,3,Townhouses,326410.7143,58037.5,2.769230769,29.68749551,35.70802608,25
913,Penticton,2010,3,All housing types,333292.1053,54785,2.769230769,32.11302465,34.46883108,147
913,Penticton,2010,3,Condos,266818.6353,54785,2.769230769,25.70823994,24.64960116,32
913,Penticton,2010,3,Single-detached,390267.9426,54785,2.769230769,37.60270304,41.62561139,79
913,Penticton,2010,3,Townhouses,280332.5581,54785,2.769230769,27.0103198,28.09446494,36
940,Port Alberni,2010,3,All housing types,206539.3293,52722.5,2.769230769,20.67876601,24.91984493,70
940,Port Alberni,2010,3,Single-detached,205405.2,52722.5,2.769230769,20.56521672,25.47459468,68
945,Powell River,2010,3,All housing types,237083.8983,55710,2.769230769,22.46398256,28.39881449,56
945,Powell River,2010,3,Single-detached,236962.2642,55710,2.769230769,22.45245757,29.06419653,50
970,Prince George,2010,3,All housing types,230432.0988,67930,2.769230769,17.90602609,20.86631918,254
970,Prince George,2010,3,Single-detached,232747.5728,67930,2.769230769,18.08595301,21.62037066,232
970,Prince George,2010,3,Townhouses,184343.75,67930,2.769230769,14.32467097,15.88118112,13
955,Prince Rupert,2010,3,All housing types,177658.6538,56320,2.769230769,16.65104801,20.96060583,25
955,Prince Rupert,2010,3,Single-detached,178500,56320,2.769230769,16.72990313,21.3614414,24
952,Quesnel,2010,3,All housing types,191250,58255,2.769230769,17.32950227,19.12777887,66
952,Quesnel,2010,3,Single-detached,194118.8525,58255,2.769230769,17.58945409,19.38116486,63
920,Salmon Arm,2010,3,All housing types,346338.4615,56795,2.769230769,32.18907314,34.91041316,53
920,Salmon Arm,2010,3,Single-detached,359050.5319,56795,2.769230769,33.37054678,37.57179298,43
934,Squamish,2010,3,All housing types,365956.25,66667.5,2.769230769,28.97562758,35.74275125,51
934,Squamish,2010,3,Condos,301074.1463,66667.5,2.769230769,23.83840238,24.02183276,20
934,Squamish,2010,3,Single-detached,466557.1429,66667.5,2.769230769,36.94098958,52.39203906,13
934,Squamish,2010,3,Townhouses,346000,66667.5,2.769230769,27.3955347,35.812071,18
965,Terrace,2010,3,All housing types,206091.5493,60352.5,2.769230769,18.0253112,22.28508389,40
965,Terrace,2010,3,Single-detached,206082.0896,60352.5,2.769230769,18.02448383,22.91057037,38
933,Vancouver,2010,3,All housing types,490053.425,60785,2.769230769,42.5563978,46.34979114,9216
933,Vancouver,2010,3,Condos,354405.9816,60785,2.769230769,30.77672998,33.52101857,3563
933,Vancouver,2010,3,Single-detached,678776.4479,60785,2.769230769,58.1280606,73.63157159,3935
933,Vancouver,2010,3,Townhouses,422454.9524,60785,2.769230769,36.6861246,42.89966917,1718
918,Vernon,2010,3,All housing types,348326.7327,58717.5,2.769230769,31.31389577,33.47993893,216
918,Vernon,2010,3,Condos,195600,58717.5,2.769230769,17.58405956,17.73657873,42
918,Vernon,2010,3,Single-detached,393871.4734,58717.5,2.769230769,35.40827937,38.42228469,135
918,Vernon,2010,3,Townhouses,320175.2577,58717.5,2.769230769,28.78313293,28.34301195,39
935,Victoria,2010,3,All housing types,479068.7518,69247.5,2.769230769,36.51838788,38.89023417,1316
935,Victoria,2010,3,Condos,306967.8363,69247.5,2.769230769,23.39950262,25.16453563,417
935,Victoria,2010,3,Single-detached,567674.2057,69247.5,2.769230769,43.00108398,48.24432339,716
935,Victoria,2010,3,Townhouses,418904.3478,69247.5,2.769230769,31.93218385,34.92562688,183
950,Williams Lake,2010,3,All housing types,233842.1053,62370,2.769230769,19.790867,21.01542762,44
950,Williams Lake,2010,3,Single-detached,236055.5556,62370,2.769230769,19.97819896,22.05009043,39
932,Abbotsford - Mission,2010,4,All housing types,346555.666,57030,3,32.90585217,39.8580484,462
932,Abbotsford - Mission,2010,4,Condos,162660.4478,57030,3,15.44479336,20.09532322,132
932,Abbotsford - Mission,2010,4,Single-detached,412344.1901,57030,3,39.1525469,49.93104757,259
932,Abbotsford - Mission,2010,4,Townhouses,271030.8824,57030,3,25.73468861,32.71122748,71
944,Campbell River,2010,4,All housing types,266257.8629,60260,3,23.92637057,28.83969156,131
944,Campbell River,2010,4,Condos,152525,60260,3,13.70614798,18.33500271,13
944,Campbell River,2010,4,Single-detached,284866.3102,60260,3,25.59855632,31.14048371,96
944,Campbell River,2010,4,Townhouses,225402.439,60260,3,20.25503481,23.04827448,22
930,Chilliwack,2010,4,All housing types,311716.9406,56960,3,29.63424962,35.74923238,285
930,Chilliwack,2010,4,Condos,152012,56960,3,14.45144927,17.71905455,24
930,Chilliwack,2010,4,Single-detached,357644.3155,56960,3,34.00046497,42.84775906,189
930,Chilliwack,2010,4,Townhouses,243656.7152,56960,3,23.16391244,29.51804433,72
943,Courtenay,2010,4,All housing types,313464.7887,58880,3,28.8286611,33.29529423,174
943,Courtenay,2010,4,Condos,204710.5263,58880,3,18.82677289,18.06257235,18
943,Courtenay,2010,4,Single-detached,334391.0256,58880,3,30.75320068,37.46374731,125
943,Courtenay,2010,4,Townhouses,217319.6053,58880,3,19.98640191,25.7004721,31
905,Cranbrook,2010,4,All housing types,277324.2188,64440,3,23.30428467,23.32692088,53
905,Cranbrook,2010,4,Single-detached,285256.7568,64440,3,23.97087673,24.79879355,48
975,Dawson Creek,2010,4,All housing types,229062.5,71210,3,17.41873134,17.42873376,60
975,Dawson Creek,2010,4,Single-detached,225990.099,71210,3,17.18509498,17.4035768,54
937,Duncan,2010,4,All housing types,306147.6793,55800,3,29.70983795,33.65613231,101
937,Duncan,2010,4,Condos,153076.4706,55800,3,14.85517429,15.67225183,16
937,Duncan,2010,4,Single-detached,345254.7297,55800,3,33.50494799,37.87860121,63
937,Duncan,2010,4,Townhouses,278399.8,55800,3,27.01706889,27.87876391,22
977,Fort St. John,2010,4,All housing types,265666.1045,82400,3,17.45872186,19.8313746,79
977,Fort St. John,2010,4,Single-detached,296506.8493,82400,3,19.48547641,21.34312718,51
977,Fort St. John,2010,4,Townhouses,247502.5,82400,3,16.2650682,16.34879797,19
925,Kamloops,2010,4,All housing types,329562.3269,65080,3,27.42164641,29.18144185,316
925,Kamloops,2010,4,Condos,227655.1724,65080,3,18.94233391,18.56500138,24
925,Kamloops,2010,4,Single-detached,355060.1504,65080,3,29.54322477,32.08712104,236
925,Kamloops,2010,4,Townhouses,285092.4242,65080,3,23.72147243,25.397242,56
915,Kelowna,2010,4,All housing types,393975.2883,60990,3,34.97952106,38.09482147,533
915,Kelowna,2010,4,Condos,254544.5652,60990,3,22.60001387,24.28880262,117
915,Kelowna,2010,4,Single-detached,440130.719,60990,3,39.07748077,44.76537722,335
915,Kelowna,2010,4,Townhouses,332976.8786,60990,3,29.56371144,32.85366574,81
938,Nanaimo,2010,4,All housing types,325453.444,58580,3,30.084515,33.9915153,320
938,Nanaimo,2010,4,Condos,224678.1609,58580,3,20.76897211,21.40189008,41
938,Nanaimo,2010,4,Single-detached,346471.028,58580,3,32.02735455,37.66249954,236
938,Nanaimo,2010,4,Townhouses,272263.3663,58580,3,25.16768982,27.46191196,43
939,Parksville,2010,4,All housing types,355600.3521,58210,3,33.08019746,38.92321274,119
939,Parksville,2010,4,Condos,263713.2917,58210,3,24.532281,25.29799068,10
939,Parksville,2010,4,Single-detached,365915.493,58210,3,34.03977721,41.08315087,87
939,Parksville,2010,4,Townhouses,312553.1915,58210,3,29.07567788,35.70802608,22
913,Penticton,2010,4,All housing types,329379.1339,54740,3,32.58327999,34.46883108,107
913,Penticton,2010,4,Condos,266571.5,54740,3,26.37013984,24.64960116,32
913,Penticton,2010,4,Single-detached,392393.9394,54740,3,38.81691424,41.62561139,53
913,Penticton,2010,4,Townhouses,270008.6207,54740,3,26.71015126,28.09446494,22
940,Port Alberni,2010,4,All housing types,199829.3478,52790,3,20.49798256,24.91984493,68
940,Port Alberni,2010,4,Single-detached,200166.2595,52790,3,20.5325421,25.47459468,63
945,Powell River,2010,4,All housing types,237285.3535,55880,3,22.99418626,28.39881449,43
945,Powell River,2010,4,Single-detached,236397.0588,55880,3,22.90810588,29.06419653,35
970,Prince George,2010,4,All housing types,227101.6548,68270,3,18.01332589,20.86631918,169
970,Prince George,2010,4,Single-detached,228826.7717,68270,3,18.15015929,21.62037066,149
970,Prince George,2010,4,Townhouses,175104.1667,68270,3,13.88897153,15.88118112,11
952,Quesnel,2010,4,All housing types,184300.9709,58440,3,17.07736756,19.12777887,37
952,Quesnel,2010,4,Single-detached,184981.383,58440,3,17.14041469,19.38116486,31
920,Salmon Arm,2010,4,All housing types,348945.6522,56880,3,33.22015955,34.91041316,39
920,Salmon Arm,2010,4,Single-detached,352640,56880,3,33.57186711,37.57179298,32
934,Squamish,2010,4,All housing types,371607.1429,66530,3,30.24614571,35.74275125,33
934,Squamish,2010,4,Townhouses,363250,66530,3,29.56593445,35.812071,18
965,Terrace,2010,4,All housing types,196828.9474,60220,3,17.69912225,22.28508389,36
965,Terrace,2010,4,Single-detached,196854.1667,60220,3,17.70139,22.91057037,34
933,Vancouver,2010,4,All housing types,492584.5785,60680,3,43.95808345,46.34979114,8292
933,Vancouver,2010,4,Condos,347409.8575,60680,3,31.00273979,33.52101857,3315
933,Vancouver,2010,4,Single-detached,695926.623,60680,3,61.1840267,73.63157159,3397
933,Vancouver,2010,4,Townhouses,416640.9036,60680,3,37.18089524,42.89966917,1580
918,Vernon,2010,4,All housing types,331313.3641,58820,3,30.5012364,33.47993893,218
918,Vernon,2010,4,Condos,162300,58820,3,14.9415967,17.73657873,42
918,Vernon,2010,4,Single-detached,375471.6981,58820,3,34.56652302,38.42228469,130
918,Vernon,2010,4,Townhouses,305756.3529,58820,3,28.14841722,28.34301195,46
935,Victoria,2010,4,All housing types,453691.2193,69230,3,35.48702175,38.89023417,1087
935,Victoria,2010,4,Condos,297389.8734,69230,3,23.2613735,25.16453563,373
935,Victoria,2010,4,Single-detached,542327.0882,69230,3,42.24573112,48.24432339,565
935,Victoria,2010,4,Townhouses,405744.259,69230,3,31.73668506,34.92562688,149
950,Williams Lake,2010,4,All housing types,229916.6667,63000,3,19.76211468,21.01542762,31
950,Williams Lake,2010,4,Single-detached,236386.3636,63000,3,20.318207,22.05009043,27
932,Abbotsford - Mission,2011,1,All housing types,346517.1233,57457.5,3,32.65739091,39.8580484,414
932,Abbotsford - Mission,2011,1,Condos,162141.0795,57457.5,3,15.28093205,20.09532322,107
932,Abbotsford - Mission,2011,1,Single-detached,407610.5477,57457.5,3,38.41512035,49.93104757,234
932,Abbotsford - Mission,2011,1,Townhouses,263312.5,57457.5,3,24.81579889,32.71122748,73
944,Campbell River,2011,1,All housing types,256370,60757.5,3,22.84919047,28.83969156,104
944,Campbell River,2011,1,Condos,149347.8261,60757.5,3,13.3107498,18.33500271,10
944,Campbell River,2011,1,Single-detached,276733.3333,60757.5,3,24.66408957,31.14048371,84
944,Campbell River,2011,1,Townhouses,208203.125,60757.5,3,18.55627749,23.04827448,10
930,Chilliwack,2011,1,All housing types,301979.9818,57377.5,3,28.4996839,35.74923238,263
930,Chilliwack,2011,1,Condos,153950,57377.5,3,14.52919598,17.71905455,36
930,Chilliwack,2011,1,Single-detached,352939.6598,57377.5,3,33.30905804,42.84775906,152
930,Chilliwack,2011,1,Townhouses,240395.6735,57377.5,3,22.68759891,29.51804433,75
943,Courtenay,2011,1,All housing types,304000,59320,3,27.75082837,33.29529423,177
943,Courtenay,2011,1,Condos,208486.4865,59320,3,19.0318181,18.06257235,19
943,Courtenay,2011,1,Single-detached,329555.1181,59320,3,30.08364316,37.46374731,129
943,Courtenay,2011,1,Townhouses,216283.3333,59320,3,19.7435581,25.7004721,29
905,Cranbrook,2011,1,All housing types,258383.8384,65025,3,21.51733567,23.32692088,46
905,Cranbrook,2011,1,Single-detached,261310.3448,65025,3,21.76104527,24.79879355,39
975,Dawson Creek,2011,1,All housing types,233494.8454,72322.5,3,17.48265461,17.42873376,37
975,Dawson Creek,2011,1,Single-detached,229896.5517,72322.5,3,17.21323656,17.4035768,33
937,Duncan,2011,1,All housing types,307369.7917,56145,3,29.6451469,33.65613231,91
937,Duncan,2011,1,Single-detached,340849.6183,56145,3,32.87420326,37.87860121,68
937,Duncan,2011,1,Townhouses,276239.6944,56145,3,26.64271683,27.87876391,14
977,Fort St. John,2011,1,All housing types,278428.6319,83995,3,17.94998001,19.8313746,65
977,Fort St. John,2011,1,Single-detached,294940.5053,83995,3,19.01448187,21.34312718,44
977,Fort St. John,2011,1,Townhouses,246888.1944,83995,3,15.91660356,16.34879797,17
925,Kamloops,2011,1,All housing types,323263.6986,65662.5,3,26.65894962,29.18144185,268
925,Kamloops,2011,1,Condos,229187.5,65662.5,3,18.90066235,18.56500138,40
925,Kamloops,2011,1,Single-detached,350371.8593,65662.5,3,28.89450868,32.08712104,162
925,Kamloops,2011,1,Townhouses,282027.8689,65662.5,3,23.25830825,25.397242,66
915,Kelowna,2011,1,All housing types,387348.2587,61605,3,34.04780792,38.09482147,472
915,Kelowna,2011,1,Condos,238154.1667,61605,3,20.9336873,24.28880262,99
915,Kelowna,2011,1,Single-detached,426489.7363,61605,3,37.4883333,44.76537722,306
915,Kelowna,2011,1,Townhouses,321378.3784,61605,3,28.24907316,32.85366574,67
938,Nanaimo,2011,1,All housing types,320034.224,59040,3,29.3530737,33.9915153,314
938,Nanaimo,2011,1,Condos,212750,59040,3,19.51312067,21.40189008,39
938,Nanaimo,2011,1,Single-detached,347484.4211,59040,3,31.87076586,37.66249954,239
938,Nanaimo,2011,1,Townhouses,275930.3797,59040,3,25.30793323,27.46191196,36
939,Parksville,2011,1,All housing types,344655.5024,58505,3,31.90037166,38.92321274,90
939,Parksville,2011,1,Single-detached,353967.7419,58505,3,32.76228711,41.08315087,68
939,Parksville,2011,1,Townhouses,326837.5,58505,3,30.25118604,35.70802608,14
913,Penticton,2011,1,All housing types,328140,55195,3,32.19311095,34.46883108,88
913,Penticton,2011,1,Condos,263483.0392,55195,3,25.84975533,24.64960116,19
913,Penticton,2011,1,Single-detached,385247.5248,55195,3,37.7958076,41.62561139,48
913,Penticton,2011,1,Townhouses,242906.9767,55195,3,23.831082013224002,28.09446494,21
940,Port Alberni,2011,1,All housing types,204700,53470,3,20.73056643,24.91984493,52
940,Port Alberni,2011,1,Single-detached,205250,53470,3,20.78626654,25.47459468,49
945,Powell River,2011,1,All housing types,230281.25,56427.5,3,22.09893166,28.39881449,37
945,Powell River,2011,1,Single-detached,228823.5294,56427.5,3,21.95904156,29.06419653,33
970,Prince George,2011,1,All housing types,231493.2886,69217.5,3,18.11031505,20.86631918,129
970,Prince George,2011,1,Single-detached,233722.2222,69217.5,3,18.28469026,21.62037066,121
955,Prince Rupert,2011,1,All housing types,194875,57375,3,18.39233802,20.96060583,15
955,Prince Rupert,2011,1,Single-detached,194875,57375,3,18.39233802,21.3614414,15
952,Quesnel,2011,1,All housing types,194249.4397,59217.5,3,17.76287322,19.12777887,21
952,Quesnel,2011,1,Single-detached,196354.902,59217.5,3,17.95540433,19.38116486,20
920,Salmon Arm,2011,1,All housing types,341478.2609,57435,3,32.19511241,34.91041316,30
920,Salmon Arm,2011,1,Single-detached,348342.1053,57435,3,32.84224655,37.57179298,25
934,Squamish,2011,1,All housing types,350425.6757,67010,3,28.31781966,35.74275125,41
934,Squamish,2011,1,Condos,235500,67010,3,19.03070178,24.02183276,14
934,Squamish,2011,1,Single-detached,468333.3333,67010,3,37.84591083,52.39203906,10
934,Squamish,2011,1,Townhouses,367942.8571,67010,3,29.73337914,35.812071,17
965,Terrace,2011,1,All housing types,192928.5714,61145,3,17.08594914,22.28508389,20
965,Terrace,2011,1,Single-detached,196230,61145,3,17.37832699,22.91057037,16
933,Vancouver,2011,1,All housing types,487300.334,61082.5,3,43.19996706,46.34979114,9371
933,Vancouver,2011,1,Condos,356809.2683,61082.5,3,31.63172188,33.52101857,3785
933,Vancouver,2011,1,Single-detached,701255.7178,61082.5,3,61.22842573,73.63157159,3861
933,Vancouver,2011,1,Townhouses,411346.4448,61082.5,3,36.46653126,42.89966917,1725
918,Vernon,2011,1,All housing types,320749.3036,59295,3,29.2921439,33.47993893,141
918,Vernon,2011,1,Condos,159200,59295,3,14.53879792,17.73657873,27
918,Vernon,2011,1,Single-detached,360363.0137,59295,3,32.90983062,38.42228469,89
918,Vernon,2011,1,Townhouses,299398.4507,59295,3,27.34229631,28.34301195,25
935,Victoria,2011,1,All housing types,434650.2643,69527.5,3,33.85219583,38.89023417,994
935,Victoria,2011,1,Condos,286098.9011,69527.5,3,22.28245746,25.16453563,355
935,Victoria,2011,1,Single-detached,541701.9681,69527.5,3,42.01884236,48.24432339,502
935,Victoria,2011,1,Townhouses,390680.3986,69527.5,3,30.42765747,34.92562688,137
950,Williams Lake,2011,1,All housing types,227960.5263,63475,3,19.44735095,21.01542762,26
950,Williams Lake,2011,1,Single-detached,225632.6531,63475,3,19.24875969,22.05009043,22
932,Abbotsford - Mission,2011,2,All housing types,350381.9188,57885,3,32.77775156,39.8580484,670
932,Abbotsford - Mission,2011,2,Condos,169595.9627,57885,3,15.86547145,20.09532322,161
932,Abbotsford - Mission,2011,2,Single-detached,410187.2,57885,3,38.37245421,49.93104757,391
932,Abbotsford - Mission,2011,2,Townhouses,265599.4764,57885,3,24.84646949,32.71122748,118
944,Campbell River,2011,2,All housing types,259411.2903,61255,3,22.93247031,28.83969156,144
944,Campbell River,2011,2,Single-detached,273148.0583,61255,3,24.14682772,31.14048371,122
944,Campbell River,2011,2,Townhouses,212826.087,61255,3,18.81424634,23.04827448,13
930,Chilliwack,2011,2,All housing types,295108.2148,57795,3,27.64996215,35.74923238,370
930,Chilliwack,2011,2,Condos,153762.5,57795,3,14.40667217,17.71905455,44
930,Chilliwack,2011,2,Single-detached,355677.388,57795,3,33.32494936,42.84775906,214
930,Chilliwack,2011,2,Townhouses,246048.1283,57795,3,23.05331093,29.51804433,112
943,Courtenay,2011,2,All housing types,312281.25,59760,3,28.29689808,33.29529423,295
943,Courtenay,2011,2,Condos,169294.1176,59760,3,15.34033309,18.06257235,32
943,Courtenay,2011,2,Single-detached,338136.5031,59760,3,30.63973313,37.46374731,197
943,Courtenay,2011,2,Townhouses,230642.1053,59760,3,20.89928916,25.7004721,66
905,Cranbrook,2011,2,All housing types,246549.5868,65610,3,20.34875071,23.32692088,75
905,Cranbrook,2011,2,Single-detached,254323.5294,65610,3,20.99036615,24.79879355,63
975,Dawson Creek,2011,2,All housing types,254869.0476,73435,3,18.79392577,17.42873376,47
975,Dawson Creek,2011,2,Single-detached,247540.5405,73435,3,18.25352504,17.4035768,41
937,Duncan,2011,2,All housing types,322222.2222,56490,3,30.88783182,33.65613231,143
937,Duncan,2011,2,Condos,131125,56490,3,12.56948363,15.67225183,15
937,Duncan,2011,2,Single-detached,340130.2791,56490,3,32.60447645,37.87860121,104
937,Duncan,2011,2,Townhouses,281411.2895,56490,3,26.97574525,27.87876391,24
977,Fort St. John,2011,2,All housing types,285680.202,85590,3,18.07426428,19.8313746,133
977,Fort St. John,2011,2,Single-detached,301972.8627,85590,3,19.10505974,21.34312718,109
977,Fort St. John,2011,2,Townhouses,249510.8108,85590,3,15.78591832,16.34879797,20
925,Kamloops,2011,2,All housing types,324600,66245,3,26.53376762,29.18144185,402
925,Kamloops,2011,2,Condos,239927.4194,66245,3,19.61237951,18.56500138,53
925,Kamloops,2011,2,Single-detached,355510.3926,66245,3,29.060474870319698,32.08712104,271
925,Kamloops,2011,2,Townhouses,277756.25,66245,3,22.70462043,25.397242,78
915,Kelowna,2011,2,All housing types,396375.625,62220,3,34.49692967,38.09482147,808
915,Kelowna,2011,2,Condos,240001.7032,62220,3,20.88756562,24.28880262,179
915,Kelowna,2011,2,Single-detached,433489.5885,62220,3,37.72699153,44.76537722,530
915,Kelowna,2011,2,Townhouses,330120.4819,62220,3,28.73068455,32.85366574,99
938,Nanaimo,2011,2,All housing types,330068.7842,59500,3,30.03938229,33.9915153,469
938,Nanaimo,2011,2,Condos,209495.4918,59500,3,19.06607189,21.40189008,83
938,Nanaimo,2011,2,Single-detached,358976.0714,59500,3,32.67021894,37.66249954,321
938,Nanaimo,2011,2,Townhouses,274376.7822,59500,3,24.97088318,27.46191196,65
939,Parksville,2011,2,All housing types,359134.981,58800,3,33.07378456,38.92321274,173
939,Parksville,2011,2,Condos,262068.8889,58800,3,24.13468592,25.29799068,10
939,Parksville,2011,2,Single-detached,362272.7273,58800,3,33.36274874,41.08315087,141
939,Parksville,2011,2,Townhouses,416059.7222,58800,3,38.31614948,35.70802608,22
913,Penticton,2011,2,All housing types,325341.0853,55650,3,31.65754644,34.46883108,170
913,Penticton,2011,2,Condos,213397.8571,55650,3,20.76483075,24.64960116,58
913,Penticton,2011,2,Single-detached,381319.1489,55650,3,37.10453186,41.62561139,93
913,Penticton,2011,2,Townhouses,231650,55650,3,22.54086853,28.09446494,19
940,Port Alberni,2011,2,All housing types,212419.1176,54150,3,21.24215873,24.91984493,84
940,Port Alberni,2011,2,Single-detached,217876.0331,54150,3,21.78785662,25.47459468,72
945,Powell River,2011,2,All housing types,229687.5,56975,3,21.83014081,28.39881449,55
945,Powell River,2011,2,Single-detached,238041.1392,56975,3,22.62409399,29.06419653,46
970,Prince George,2011,2,All housing types,236392.3267,70165,3,18.24384425,20.86631918,275
970,Prince George,2011,2,Single-detached,237877.6786,70165,3,18.35847795,21.62037066,243
970,Prince George,2011,2,Townhouses,162461.2903,70165,3,12.53813319,15.88118112,24
955,Prince Rupert,2011,2,All housing types,175916.6667,58400,3,16.31164084,20.96060583,30
955,Prince Rupert,2011,2,Single-detached,176786.5854,58400,3,16.39230291,21.3614414,26
952,Quesnel,2011,2,All housing types,196482.1983,59995,3,17.73420241,19.12777887,37
952,Quesnel,2011,2,Single-detached,198365.0943,59995,3,17.90414992,19.38116486,33
920,Salmon Arm,2011,2,All housing types,321737.013,57990,3,30.04356235,34.91041316,47
920,Salmon Arm,2011,2,Single-detached,340228.8136,57990,3,31.7703129,37.57179298,34
934,Squamish,2011,2,All housing types,346554.9451,67490,3,27.80585043,35.74275125,50
934,Squamish,2011,2,Condos,235423.0769,67490,3,18.88918037,24.02183276,12
934,Squamish,2011,2,Single-detached,473425.9259,67490,3,37.98534886,52.39203906,17
934,Squamish,2011,2,Townhouses,337868.4211,67490,3,27.10888681,35.812071,21
965,Terrace,2011,2,All housing types,208062.5,62070,3,18.15162778,22.28508389,60
965,Terrace,2011,2,Single-detached,211000,62070,3,18.40789889,22.91057037,52
933,Vancouver,2011,2,All housing types,521687.4174,61485,3,45.84515285,46.34979114,13319
933,Vancouver,2011,2,Condos,371915.0773,61485,3,32.75503876,33.52101857,4884
933,Vancouver,2011,2,Single-detached,745776.711,61485,3,64.54225688,73.63157159,6044
933,Vancouver,2011,2,Townhouses,420605.6122,61485,3,37.04327674,42.89966917,2391
918,Vernon,2011,2,All housing types,325000,59770,3,29.44446145,33.47993893,217
918,Vernon,2011,2,Condos,170073.5294,59770,3,15.40837994,17.73657873,41
918,Vernon,2011,2,Single-detached,372165.9292,59770,3,33.71761648,38.42228469,137
918,Vernon,2011,2,Townhouses,296562.5,59770,3,26.86807107,28.34301195,39
935,Victoria,2011,2,All housing types,461251.7413,69825,3,35.77095908,38.89023417,1418
935,Victoria,2011,2,Condos,291431.8182,69825,3,22.60109765,25.16453563,415
935,Victoria,2011,2,Single-detached,564424.6251,69825,3,43.50925382,48.24432339,765
935,Victoria,2011,2,Townhouses,426302.9333,69825,3,33.06061185,34.92562688,238
950,Williams Lake,2011,2,All housing types,206472.9167,63950,3,17.48340645,21.01542762,46
950,Williams Lake,2011,2,Single-detached,207629.0323,63950,3,17.58130229,22.05009043,40
932,Abbotsford - Mission,2011,3,All housing types,353082.4508,58312.5,3,32.78823066,39.8580484,652
932,Abbotsford - Mission,2011,3,Condos,174227.7241,58312.5,3,16.17927709,20.09532322,129
932,Abbotsford - Mission,2011,3,Single-detached,417509.5785,58312.5,3,38.77111516,49.93104757,392
932,Abbotsford - Mission,2011,3,Townhouses,277696.3855,58312.5,3,25.78766835,32.71122748,131
944,Campbell River,2011,3,All housing types,266250,61752.5,3,23.34740314,28.83969156,176
944,Campbell River,2011,3,Condos,140818.1818,61752.5,3,12.34831497,18.33500271,13
944,Campbell River,2011,3,Single-detached,281051.5267,61752.5,3,24.64534572,31.14048371,140
944,Campbell River,2011,3,Townhouses,229936.1111,61752.5,3,20.16304632,23.04827448,23
930,Chilliwack,2011,3,All housing types,315354.3257,58212.5,3,29.33499725,35.74923238,416
930,Chilliwack,2011,3,Condos,157142.8571,58212.5,3,14.61779626,17.71905455,33
930,Chilliwack,2011,3,Single-detached,364392.9293,58212.5,3,33.8966829,42.84775906,281
930,Chilliwack,2011,3,Townhouses,248299.0654,58212.5,3,23.09736004,29.51804433,102
943,Courtenay,2011,3,All housing types,322353.3926,60200,3,28.99607832,33.29529423,324
943,Courtenay,2011,3,Condos,176696.1207,60200,3,15.8940302,18.06257235,26
943,Courtenay,2011,3,Single-detached,351588.0952,60200,3,31.62577526,37.46374731,223
943,Courtenay,2011,3,Townhouses,234531.9149,60200,3,21.09642998,25.7004721,75
905,Cranbrook,2011,3,All housing types,265603.4483,66195,3,21.72761378,23.32692088,70
905,Cranbrook,2011,3,Single-detached,272529.4118,66195,3,22.29419023,24.79879355,56
975,Dawson Creek,2011,3,All housing types,249814.1593,74547.5,3,18.14627452,17.42873376,66
975,Dawson Creek,2011,3,Single-detached,243519.2308,74547.5,3,17.68901661,17.4035768,63
937,Duncan,2011,3,All housing types,314376.6447,56835,3,29.95283405,33.65613231,161
937,Duncan,2011,3,Condos,143636.3636,56835,3,13.68522833,15.67225183,18
937,Duncan,2011,3,Single-detached,342999.0986,56835,3,32.6798929,37.87860121,109
937,Duncan,2011,3,Townhouses,268681.0345,56835,3,25.59909769,27.87876391,34
977,Fort St. John,2011,3,All housing types,298707.8123,87185,3,18.55275115,19.8313746,144
977,Fort St. John,2011,3,Single-detached,311848.2906,87185,3,19.36890665,21.34312718,125
977,Fort St. John,2011,3,Townhouses,243777.7778,87185,3,15.14104507,16.34879797,16
925,Kamloops,2011,3,All housing types,329741.5865,66827.5,3,26.7191119,29.18144185,430
925,Kamloops,2011,3,Condos,236120.9677,66827.5,3,19.13299025,18.56500138,40
925,Kamloops,2011,3,Single-detached,357312.2867,66827.5,3,28.95317837,32.08712104,315
925,Kamloops,2011,3,Townhouses,274000,66827.5,3,22.20234559,25.397242,75
915,Kelowna,2011,3,All housing types,402511.5022,62835,3,34.68807393,38.09482147,783
915,Kelowna,2011,3,Condos,248857.849,62835,3,21.44634232,24.28880262,182
915,Kelowna,2011,3,Single-detached,441156.3411,62835,3,38.01845088,44.76537722,499
915,Kelowna,2011,3,Townhouses,350986.5224,62835,3,30.24769819,32.85366574,102
938,Nanaimo,2011,3,All housing types,334444.1661,59960,3,30.20407297,33.9915153,458
938,Nanaimo,2011,3,Condos,208937.1324,59960,3,18.86937501,21.40189008,53
938,Nanaimo,2011,3,Single-detached,359152.968,59960,3,32.43555592,37.66249954,336
938,Nanaimo,2011,3,Townhouses,276321.306,59960,3,24.95492442,27.46191196,69
939,Parksville,2011,3,All housing types,361957.1046,59095,3,33.16728165,38.92321274,200
939,Parksville,2011,3,Condos,292124.6154,59095,3,26.76830838,25.29799068,16
939,Parksville,2011,3,Single-detached,365191.3043,59095,3,33.46364167,41.08315087,158
939,Parksville,2011,3,Townhouses,400218.1458,59095,3,36.67326265,35.70802608,26
913,Penticton,2011,3,All housing types,326575.419,56105,3,31.51994393,34.46883108,188
913,Penticton,2011,3,Condos,224146.901,56105,3,21.63389324,24.64960116,43
913,Penticton,2011,3,Single-detached,374413.7931,56105,3,36.13714039,41.62561139,110
913,Penticton,2011,3,Townhouses,246421.2963,56105,3,23.78374179,28.09446494,35
940,Port Alberni,2011,3,All housing types,220068.1818,54830,3,21.73414298,24.91984493,70
940,Port Alberni,2011,3,Single-detached,229590.9091,54830,3,22.67461658,25.47459468,60
945,Powell River,2011,3,All housing types,239664.1791,57522.5,3,22.56154754,28.39881449,79
945,Powell River,2011,3,Single-detached,246196.5812,57522.5,3,23.17649593,29.06419653,71
970,Prince George,2011,3,All housing types,233804.6472,71112.5,3,17.80371783,20.86631918,306
970,Prince George,2011,3,Condos,138777.7778,71112.5,3,10.5676274,12.39060086,10
970,Prince George,2011,3,Single-detached,240172.3988,71112.5,3,18.28860834,21.62037066,276
970,Prince George,2011,3,Townhouses,162756.8182,71112.5,3,12.39357943,15.88118112,20
955,Prince Rupert,2011,3,All housing types,168333.3333,59425,3,15.33926122,20.96060583,24
955,Prince Rupert,2011,3,Single-detached,168408.1633,59425,3,15.34608004,21.3614414,23
952,Quesnel,2011,3,All housing types,216321.0526,60772.5,3,19.27503589,19.12777887,58
952,Quesnel,2011,3,Single-detached,217937.5,60772.5,3,19.41906756,19.38116486,55
920,Salmon Arm,2011,3,All housing types,320169.1919,58545,3,29.61373868,34.91041316,52
920,Salmon Arm,2011,3,Single-detached,342243.2432,58545,3,31.65545664,37.57179298,40
934,Squamish,2011,3,All housing types,353991.0714,67970,3,28.2019117,35.74275125,62
934,Squamish,2011,3,Condos,265847.8261,67970,3,21.17967802,24.02183276,34
934,Squamish,2011,3,Single-detached,477919.3548,67970,3,38.07508305,52.39203906,14
934,Squamish,2011,3,Townhouses,349600,67970,3,27.85208194,35.812071,14
965,Terrace,2011,3,All housing types,203853.6585,62995,3,17.52330177,22.28508389,63
965,Terrace,2011,3,Single-detached,204642.8571,62995,3,17.59114144,22.91057037,60
933,Vancouver,2011,3,All housing types,543934.1304,61887.5,3,47.3910917,46.34979114,11773
933,Vancouver,2011,3,Condos,372257.2234,61887.5,3,32.57194588,33.52101857,3981
933,Vancouver,2011,3,Single-detached,770002.0194,61887.5,3,66.13060702,73.63157159,5505
933,Vancouver,2011,3,Townhouses,426668.9183,61887.5,3,37.33288717,42.89966917,2287
918,Vernon,2011,3,All housing types,341943.9462,60245,3,30.73529747,33.47993893,229
918,Vernon,2011,3,Condos,173330,60245,3,15.57959768,17.73657873,29
918,Vernon,2011,3,Single-detached,377965.4605,60245,3,33.97305609,38.42228469,167
918,Vernon,2011,3,Townhouses,295000,60245,3,26.51578674,28.34301195,33
935,Victoria,2011,3,All housing types,468996.5963,70122.5,3,36.21727827,38.89023417,1520
935,Victoria,2011,3,Condos,299713.6925,70122.5,3,23.14476115,25.16453563,476
935,Victoria,2011,3,Single-detached,563410.828,70122.5,3,43.25049461,48.24432339,805
935,Victoria,2011,3,Townhouses,418489.9371,70122.5,3,32.31700747,34.92562688,239
950,Williams Lake,2011,3,All housing types,218112.5,64425,3,18.33283538,21.01542762,70
950,Williams Lake,2011,3,Single-detached,220567.0103,64425,3,18.53914237,22.05009043,57
950,Williams Lake,2011,3,Townhouses,168668.4211,64425,3,14.17695179,15.65666588,13
932,Abbotsford - Mission,2011,4,All housing types,358836.3874,58740,3,33.08004135,39.8580484,494
932,Abbotsford - Mission,2011,4,Condos,173868.7069,58740,3,16.02843027,20.09532322,103
932,Abbotsford - Mission,2011,4,Single-detached,423252.8736,58740,3,39.0184024,49.93104757,304
932,Abbotsford - Mission,2011,4,Townhouses,279500.9174,58740,3,25.7663443,32.71122748,87
944,Campbell River,2011,4,All housing types,264788.5852,62250,3,23.03368448,28.83969156,135
944,Campbell River,2011,4,Condos,144000,62250,3,12.5264107,18.33500271,13
944,Campbell River,2011,4,Single-detached,286900.3089,62250,3,24.95716041,31.14048371,106
944,Campbell River,2011,4,Townhouses,232402.5641,62250,3,20.21645809,23.04827448,16
930,Chilliwack,2011,4,All housing types,320758.9158,58630,3,29.62527244,35.74923238,285
930,Chilliwack,2011,4,Condos,155432.8358,58630,3,14.35576653,17.71905455,34
930,Chilliwack,2011,4,Single-detached,367128.7879,58630,3,33.90799078,42.84775906,181
930,Chilliwack,2011,4,Townhouses,253153.8663,58630,3,23.3812745,29.51804433,70
943,Courtenay,2011,4,All housing types,315764.4788,60640,3,28.19730429,33.29529423,194
943,Courtenay,2011,4,Condos,167389.7059,60640,3,14.94765494,18.06257235,25
943,Courtenay,2011,4,Single-detached,350287.2251,60640,3,31.28013485,37.46374731,119
943,Courtenay,2011,4,Townhouses,232180,60640,3,20.73333307,25.7004721,50
905,Cranbrook,2011,4,All housing types,279078.9474,66780,3,22.62998008,23.32692088,63
905,Cranbrook,2011,4,Single-detached,283740.7407,66780,3,23.00799602,24.79879355,52
975,Dawson Creek,2011,4,All housing types,245061.2245,75660,3,17.53928045,17.42873376,81
975,Dawson Creek,2011,4,Single-detached,241708.9552,75660,3,17.29935514,17.4035768,71
975,Dawson Creek,2011,4,Townhouses,267323.0769,75660,3,19.13258381,19.84989994,10
937,Duncan,2011,4,All housing types,301370.4453,57180,3,28.5403976,33.65613231,86
937,Duncan,2011,4,Condos,139987.0968,57180,3,13.2570644,15.67225183,13
937,Duncan,2011,4,Single-detached,339790.2455,57180,3,32.17883126,37.87860121,58
937,Duncan,2011,4,Townhouses,262316.3265,57180,3,24.84189267,27.87876391,15
977,Fort St. John,2011,4,All housing types,308346.4679,88780,3,18.80733877,19.8313746,121
977,Fort St. John,2011,4,Single-detached,322159.0909,88780,3,19.64982833,21.34312718,95
977,Fort St. John,2011,4,Townhouses,240900,88780,3,14.69349703,16.34879797,24
925,Kamloops,2011,4,All housing types,323517.7596,67410,3,25.98826637,29.18144185,302
925,Kamloops,2011,4,Condos,212387.1795,67410,3,17.06111776,18.56500138,38
925,Kamloops,2011,4,Single-detached,352208.0153,67410,3,28.29296212,32.08712104,209
925,Kamloops,2011,4,Townhouses,274019.2308,67410,3,22.01203658,25.397242,55
915,Kelowna,2011,4,All housing types,399349.1952,63450,3,34.08197059,38.09482147,646
915,Kelowna,2011,4,Condos,243788.9877,63450,3,20.80587418,24.28880262,144
915,Kelowna,2011,4,Single-detached,440892.1569,63450,3,37.62740404,44.76537722,419
915,Kelowna,2011,4,Townhouses,349443.4649,63450,3,29.82282683,32.85366574,83
938,Nanaimo,2011,4,All housing types,334941.6671,60420,3,30.01870596,33.9915153,335
938,Nanaimo,2011,4,Condos,209309.7826,60420,3,18.75911371,21.40189008,39
938,Nanaimo,2011,4,Single-detached,356674.7405,60420,3,31.96650405,37.66249954,242
938,Nanaimo,2011,4,Townhouses,266086.4634,60420,3,23.84764898,27.46191196,54
939,Parksville,2011,4,All housing types,347798.2709,59390,3,31.71155974,38.92321274,147
939,Parksville,2011,4,Single-detached,359187.5465,59390,3,32.75001141,41.08315087,111
939,Parksville,2011,4,Townhouses,325638.3519,59390,3,29.69106207,35.70802608,28
913,Penticton,2011,4,All housing types,328643.3421,56560,3,31.46436329,34.46883108,116
913,Penticton,2011,4,Condos,257670.4286,56560,3,24.66940581,24.64960116,20
913,Penticton,2011,4,Single-detached,361108.1081,56560,3,34.5725449,41.62561139,75
913,Penticton,2011,4,Townhouses,265281.25,56560,3,25.39806701,28.09446494,21
940,Port Alberni,2011,4,All housing types,203234.2657,55510,3,19.82573129,24.91984493,73
940,Port Alberni,2011,4,Single-detached,214725.8065,55510,3,20.94674402,25.47459468,64
945,Powell River,2011,4,All housing types,239924.812,58070,3,22.37313522,28.39881449,54
945,Powell River,2011,4,Single-detached,242216.1017,58070,3,22.58679938,29.06419653,47
970,Prince George,2011,4,All housing types,230856.4639,72060,3,17.34807502,20.86631918,220
970,Prince George,2011,4,Single-detached,237661.157,72060,3,17.85942448,21.62037066,208
955,Prince Rupert,2011,4,All housing types,141830.913,60450,3,12.70510047,20.96060583,22
955,Prince Rupert,2011,4,Single-detached,155973.3902,60450,3,13.97197234,21.3614414,18
952,Quesnel,2011,4,All housing types,200745.4545,61550,3,17.66123923,19.12777887,52
952,Quesnel,2011,4,Single-detached,202364.0777,61550,3,17.8036429,19.38116486,48
920,Salmon Arm,2011,4,All housing types,325860.8247,59100,3,29.85713843,34.91041316,45
920,Salmon Arm,2011,4,Single-detached,345204.2254,59100,3,31.62948584,37.57179298,31
934,Squamish,2011,4,All housing types,349726.3393,68450,3,27.66676618,35.74275125,50
934,Squamish,2011,4,Condos,265062.5,68450,3,20.96903031,24.02183276,14
934,Squamish,2011,4,Single-detached,480112.9032,68450,3,37.98161574,52.39203906,17
934,Squamish,2011,4,Townhouses,363938.8182,68450,3,28.79111195,35.812071,19
965,Terrace,2011,4,All housing types,206432.4324,63920,3,17.48818238,22.28508389,48
965,Terrace,2011,4,Single-detached,210148.5149,63920,3,17.80299497,22.91057037,41
933,Vancouver,2011,4,All housing types,513511.121,62290,3,44.57929579,46.34979114,9556
933,Vancouver,2011,4,Condos,345983.4654,62290,3,30.07741607,33.52101857,3985
933,Vancouver,2011,4,Single-detached,758690.2205,62290,3,64.77167665,73.63157159,3703
933,Vancouver,2011,4,Townhouses,430918.0505,62290,3,37.46104307,42.89966917,1868
918,Vernon,2011,4,All housing types,338074.2574,60720,3,30.14975936,33.47993893,175
918,Vernon,2011,4,Condos,144983.0189,60720,3,12.92971302,17.73657873,24
918,Vernon,2011,4,Single-detached,369372.8522,60720,3,32.94099554,38.42228469,124
918,Vernon,2011,4,Townhouses,275650,60720,3,24.58270922,28.34301195,27
935,Victoria,2011,4,All housing types,441684.9616,70420,3,33.96409932,38.89023417,1213
935,Victoria,2011,4,Condos,291434.6278,70420,3,22.41035015,25.16453563,451
935,Victoria,2011,4,Single-detached,547237.6874,70420,3,41.8895716,48.24432339,596
935,Victoria,2011,4,Townhouses,393220,70420,3,30.23730554,34.92562688,166
950,Williams Lake,2011,4,All housing types,227961.5385,64900,3,19.0204327,21.01542762,34
950,Williams Lake,2011,4,Single-detached,227931.0345,64900,3,19.01788754,22.05009043,30
932,Abbotsford - Mission,2012,1,All housing types,356184.9616,59227.5,3,32.56534534,39.8580484,417
932,Abbotsford - Mission,2012,1,Condos,164767.2414,59227.5,3,15.06437019,20.09532322,71
932,Abbotsford - Mission,2012,1,Single-detached,411279.1519,59227.5,3,37.60250729,49.93104757,262
932,Abbotsford - Mission,2012,1,Townhouses,263721.0526,59227.5,3,24.11153777,32.71122748,84
944,Campbell River,2012,1,All housing types,252398.1092,62752.5,3,21.78003509,28.83969156,103
944,Campbell River,2012,1,Single-detached,276893.8913,62752.5,3,23.89383457,31.14048371,78
944,Campbell River,2012,1,Townhouses,206725,62752.5,3,17.83879351,23.04827448,16
930,Chilliwack,2012,1,All housing types,302237.0019,59090,3,27.697282,35.74923238,242
930,Chilliwack,2012,1,Condos,155967.7419,59090,3,14.29302998,17.71905455,28
930,Chilliwack,2012,1,Single-detached,356812.5,59090,3,32.69863177,42.84775906,131
930,Chilliwack,2012,1,Townhouses,251375.5882,59090,3,23.0362944,29.51804433,83
943,Courtenay,2012,1,All housing types,298094.2029,61072.5,3,26.43086292,33.29529423,151
943,Courtenay,2012,1,Condos,151705.1282,61072.5,3,13.45110844,18.06257235,14
943,Courtenay,2012,1,Single-detached,337507.8682,61072.5,3,29.92552056,37.46374731,101
943,Courtenay,2012,1,Townhouses,227761.6279,61072.5,3,20.19474484,25.7004721,36
905,Cranbrook,2012,1,All housing types,273238.5321,67622.5,3,21.88034831,23.32692088,46
905,Cranbrook,2012,1,Single-detached,282113.6364,67622.5,3,22.59104739,24.79879355,36
905,Cranbrook,2012,1,Townhouses,285705.8824,67622.5,3,22.87870664,18.84060012,10
975,Dawson Creek,2012,1,All housing types,250000,76232.5,3,17.75838047,17.42873376,51
975,Dawson Creek,2012,1,Single-detached,248660.7143,76232.5,3,17.66324629,17.4035768,41
937,Duncan,2012,1,All housing types,273722.8916,57775,3,25.65515691,33.65613231,80
937,Duncan,2012,1,Single-detached,316980.8585,57775,3,29.70958554,37.87860121,48
937,Duncan,2012,1,Townhouses,228136.6842,57775,3,21.38250987,27.87876391,23
977,Fort St. John,2012,1,All housing types,307849.1551,88997.5,3,18.73111667,19.8313746,95
977,Fort St. John,2012,1,Single-detached,329926.0355,88997.5,3,20.07438696,21.34312718,74
977,Fort St. John,2012,1,Townhouses,250783.4186,88997.5,3,15.25894548,16.34879797,19
925,Kamloops,2012,1,All housing types,323237.0242,68170,3,25.67623348,29.18144185,276
925,Kamloops,2012,1,Condos,208749.3151,68170,3,16.58193756,18.56500138,35
925,Kamloops,2012,1,Single-detached,356676.0925,68170,3,28.33245557,32.08712104,180
925,Kamloops,2012,1,Townhouses,291051.7241,68170,3,23.11960408,25.397242,61
915,Kelowna,2012,1,All housing types,382931.4947,64117.5,3,32.34059581,38.09482147,478
915,Kelowna,2012,1,Condos,221872.4696,64117.5,3,18.73830688,24.28880262,103
915,Kelowna,2012,1,Single-detached,428402.7586,64117.5,3,36.18088523,44.76537722,306
915,Kelowna,2012,1,Townhouses,329356.4934,64117.5,3,27.81590279,32.85366574,69
938,Nanaimo,2012,1,All housing types,321607.9632,61022.5,3,28.53910227,33.9915153,318
938,Nanaimo,2012,1,Condos,193848.3146,61022.5,3,17.20186534,21.40189008,50
938,Nanaimo,2012,1,Single-detached,350924.0506,61022.5,3,31.14057646,37.66249954,232
938,Nanaimo,2012,1,Townhouses,261011.5,61022.5,3,23.1618453,27.46191196,36
939,Parksville,2012,1,All housing types,329087.5,59797.5,3,29.80107079,38.92321274,93
939,Parksville,2012,1,Single-detached,344857.7348,59797.5,3,31.22917087,41.08315087,70
939,Parksville,2012,1,Townhouses,303666.6667,59797.5,3,27.49904457,35.70802608,14
913,Penticton,2012,1,All housing types,321809.3391,57005,3,30.56956111,34.46883108,117
913,Penticton,2012,1,Condos,222785.1852,57005,3,21.16298226,24.64960116,34
913,Penticton,2012,1,Single-detached,364007.3529,57005,3,34.57806741,41.62561139,61
913,Penticton,2012,1,Townhouses,284883.7209,57005,3,27.06189429,28.09446494,22
940,Port Alberni,2012,1,All housing types,189307.1429,56000,3,18.30553744,24.91984493,67
940,Port Alberni,2012,1,Single-detached,201878.0488,56000,3,19.52111328,25.47459468,59
945,Powell River,2012,1,All housing types,228953.6082,58452.5,3,21.21035375,28.39881449,43
945,Powell River,2012,1,Single-detached,233594.1176,58452.5,3,21.6402524,29.06419653,38
970,Prince George,2012,1,All housing types,228726.158,72807.5,3,17.01152417,20.86631918,147
970,Prince George,2012,1,Single-detached,231471.9764,72807.5,3,17.2157446,21.62037066,131
970,Prince George,2012,1,Townhouses,171387.5,72807.5,3,12.74695742,15.88118112,10
955,Prince Rupert,2012,1,All housing types,138803.4186,60982.5,3,12.32532694,20.96060583,21
955,Prince Rupert,2012,1,Single-detached,153340.1081,60982.5,3,13.61614134,21.3614414,19
952,Quesnel,2012,1,All housing types,178373.5632,62457.5,3,15.46498138,19.12777887,35
952,Quesnel,2012,1,Single-detached,180109.7561,62457.5,3,15.61550924,19.38116486,34
920,Salmon Arm,2012,1,All housing types,320682.4324,59815,3,29.03143962,34.91041316,29
920,Salmon Arm,2012,1,Single-detached,335676.4706,59815,3,30.38885265,37.57179298,20
934,Squamish,2012,1,All housing types,350914.7778,69192.5,3,27.46288419,35.74275125,40
934,Squamish,2012,1,Condos,258378.7931,69192.5,3,20.22094058,24.02183276,15
934,Squamish,2012,1,Single-detached,477875,69192.5,3,37.39889743,52.39203906,11
934,Squamish,2012,1,Townhouses,352272.1515,69192.5,3,27.56911339,35.812071,14
965,Terrace,2012,1,All housing types,198480.5195,64980,3,16.54023559,22.28508389,29
965,Terrace,2012,1,Single-detached,205523.0769,64980,3,17.1271222,22.91057037,24
933,Vancouver,2012,1,All housing types,472310.4244,62785,3,40.73569616,46.34979114,8824
933,Vancouver,2012,1,Condos,338938.9977,62785,3,29.232715,33.52101857,3977
933,Vancouver,2012,1,Single-detached,747263.1386,62785,3,63.32732543,73.63157159,3265
933,Vancouver,2012,1,Townhouses,422527.8417,62785,3,36.44206202,42.89966917,1582
918,Vernon,2012,1,All housing types,319760.8696,61447.5,3,28.17893714,33.47993893,147
918,Vernon,2012,1,Condos,130912.5,61447.5,3,11.53666836,17.73657873,24
918,Vernon,2012,1,Single-detached,357881.8018,61447.5,3,31.53834554,38.42228469,98
918,Vernon,2012,1,Townhouses,269067.3077,61447.5,3,23.71156533,28.34301195,25
935,Victoria,2012,1,All housing types,427103.2755,70935,3,32.60437197,38.89023417,1001
935,Victoria,2012,1,Condos,280459.3176,70935,3,21.40980985,25.16453563,311
935,Victoria,2012,1,Single-detached,538853.0466,70935,3,40.97906428,48.24432339,520
935,Victoria,2012,1,Townhouses,378773.8095,70935,3,28.91497885,34.92562688,170
950,Williams Lake,2012,1,All housing types,214976.9231,65722.5,3,17.71255769,21.01542762,31
950,Williams Lake,2012,1,Single-detached,214736.8421,65722.5,3,17.69277674,22.05009043,27
932,Abbotsford - Mission,2012,2,All housing types,355752.7778,59715,3,32.26029789,39.8580484,663
932,Abbotsford - Mission,2012,2,Condos,169035.0877,59715,3,15.32840395,20.09532322,100
932,Abbotsford - Mission,2012,2,Single-detached,407423.5808,59715,3,36.94589869,49.93104757,425
932,Abbotsford - Mission,2012,2,Townhouses,263229.7297,59715,3,23.87014249,32.71122748,138
944,Campbell River,2012,2,All housing types,254726.4151,63255,3,21.80633269,28.83969156,162
944,Campbell River,2012,2,Single-detached,277508.5714,63255,3,23.75664193,31.14048371,132
944,Campbell River,2012,2,Townhouses,198762.1622,63255,3,17.01540782,23.04827448,21
930,Chilliwack,2012,2,All housing types,311574.5427,59550,3,28.33242258,35.74923238,414
930,Chilliwack,2012,2,Condos,162000,59550,3,14.73115364,17.71905455,42
930,Chilliwack,2012,2,Single-detached,358532.9114,59550,3,32.60249013,42.84775906,264
930,Chilliwack,2012,2,Townhouses,251089.0052,59550,3,22.83228835,29.51804433,108
943,Courtenay,2012,2,All housing types,308324.5413,61505,3,27.14570851,33.29529423,285
943,Courtenay,2012,2,Condos,166736.8421,61505,3,14.6799528,18.06257235,24
943,Courtenay,2012,2,Single-detached,346319.8653,61505,3,30.49091739,37.46374731,196
943,Courtenay,2012,2,Townhouses,230968.1683,61505,3,20.33504874,25.7004721,65
905,Cranbrook,2012,2,All housing types,271376.7606,68465,3,21.4638464,23.32692088,96
905,Cranbrook,2012,2,Single-detached,275815.7895,68465,3,21.81493996,24.79879355,78
905,Cranbrook,2012,2,Townhouses,272000,68465,3,21.51313991,18.84060012,15
975,Dawson Creek,2012,2,All housing types,261609.4488,76805,3,18.4445236,17.42873376,76
975,Dawson Creek,2012,2,Single-detached,258136.3636,76805,3,18.19965706,17.4035768,69
937,Duncan,2012,2,All housing types,284284.1687,58370,3,26.37342249,33.65613231,169
937,Duncan,2012,2,Condos,141562.5,58370,3,13.13294243,15.67225183,23
937,Duncan,2012,2,Single-detached,321686.747,58370,3,29.8433097,37.87860121,118
937,Duncan,2012,2,Townhouses,243043.0196,58370,3,22.54742594,27.87876391,28
977,Fort St. John,2012,2,All housing types,322067.8633,89215,3,19.54848127,19.8313746,172
977,Fort St. John,2012,2,Single-detached,345036.58536585403,89215,3,20.94260867,21.34312718,131
977,Fort St. John,2012,2,Townhouses,257105.3148,89215,3,15.60546395,16.34879797,35
925,Kamloops,2012,2,All housing types,330838.0567,68930,3,25.99026411,29.18144185,465
925,Kamloops,2012,2,Condos,208551.875,68930,3,16.38359978,18.56500138,77
925,Kamloops,2012,2,Single-detached,364845.3347,68930,3,28.66183747,32.08712104,313
925,Kamloops,2012,2,Townhouses,289255.8824,68930,3,22.72361546,25.397242,75
915,Kelowna,2012,2,All housing types,381104.38,64785,3,31.85466097,38.09482147,885
915,Kelowna,2012,2,Condos,227423.2517,64785,3,19.00920315,24.28880262,187
915,Kelowna,2012,2,Single-detached,428260.2579,64785,3,35.79619138,44.76537722,547
915,Kelowna,2012,2,Townhouses,325240.6227,64785,3,27.18528129,32.85366574,151
938,Nanaimo,2012,2,All housing types,315031.25,61625,3,27.68217529,33.9915153,482
938,Nanaimo,2012,2,Condos,204379.9735,61625,3,17.95911437,21.40189008,63
938,Nanaimo,2012,2,Single-detached,348422.5888,61625,3,30.61631244,37.66249954,359
938,Nanaimo,2012,2,Townhouses,244993.75,61625,3,21.52789583,27.46191196,60
939,Parksville,2012,2,All housing types,340060.241,60205,3,30.58629041,38.92321274,156
939,Parksville,2012,2,Condos,209500,60205,3,18.84321384,25.29799068,11
939,Parksville,2012,2,Single-detached,353076.9231,60205,3,31.7570595,41.08315087,112
939,Parksville,2012,2,Townhouses,318361.7021,60205,3,28.63464264,35.70802608,33
913,Penticton,2012,2,All housing types,320888.1789,57450,3,30.24594762,34.46883108,196
913,Penticton,2012,2,Condos,238337.0787,57450,3,22.464931,24.64960116,55
913,Penticton,2012,2,Single-detached,370319.7674,57450,3,34.90521941,41.62561139,111
913,Penticton,2012,2,Townhouses,273653.8462,57450,3,25.79378251,28.09446494,30
940,Port Alberni,2012,2,All housing types,197517.1233,56490,3,18.93375213,24.91984493,79
940,Port Alberni,2012,2,Single-detached,202829.4574,56490,3,19.44298604,25.47459468,70
945,Powell River,2012,2,All housing types,231319.5876,58835,3,21.29022062,28.39881449,54
945,Powell River,2012,2,Single-detached,235421.6867,58835,3,21.66777012,29.06419653,45
970,Prince George,2012,2,All housing types,233330.719,73555,3,17.17762943,20.86631918,312
970,Prince George,2012,2,Single-detached,237043.7956,73555,3,17.4509833,21.62037066,280
970,Prince George,2012,2,Townhouses,175305.5556,73555,3,12.90586119,15.88118112,26
955,Prince Rupert,2012,2,All housing types,197347.5,61515,3,17.37217161,20.96060583,49
955,Prince Rupert,2012,2,Single-detached,197479.2969,61515,3,17.38377347,21.3614414,45
952,Quesnel,2012,2,All housing types,180645.2991,63365,3,15.43763383,19.12777887,82
952,Quesnel,2012,2,Single-detached,181353.9823,63365,3,15.49819666,19.38116486,79
920,Salmon Arm,2012,2,All housing types,328092.1053,60530,3,29.35138618,34.91041316,47
920,Salmon Arm,2012,2,Single-detached,340301.8868,60530,3,30.44368315,37.57179298,33
934,Squamish,2012,2,All housing types,379401.8557,69935,3,29.37706348,35.74275125,57
934,Squamish,2012,2,Single-detached,512258.0645,69935,3,39.61415715,52.39203906,20
934,Squamish,2012,2,Townhouses,346000,69935,3,26.79075975,35.812071,28
965,Terrace,2012,2,All housing types,195391.7526,66040,3,16.02148155,22.28508389,68
965,Terrace,2012,2,Single-detached,198444.1176,66040,3,16.27176545,22.91057037,61
933,Vancouver,2012,2,All housing types,493024.3595,63280,3,42.18960091,46.34979114,12096
933,Vancouver,2012,2,Condos,356961.4519,63280,3,30.54628216,33.52101857,4729
933,Vancouver,2012,2,Single-detached,753630.6241,63280,3,63.34816225,73.63157159,5003
933,Vancouver,2012,2,Townhouses,415737.7228,63280,3,35.57594725,42.89966917,2364
918,Vernon,2012,2,All housing types,337406.25,62175,3,29.3860247,33.47993893,269
918,Vernon,2012,2,Condos,160261.2245,62175,3,13.95777435,17.73657873,25
918,Vernon,2012,2,Single-detached,362316.9231,62175,3,31.55559226,38.42228469,201
918,Vernon,2012,2,Townhouses,287816.1765,62175,3,25.06703202,28.34301195,43
935,Victoria,2012,2,All housing types,445739.0588,71450,3,33.7817364,38.89023417,1430
935,Victoria,2012,2,Condos,280630.8864,71450,3,21.2684943,25.16453563,411
935,Victoria,2012,2,Single-detached,549606.9539,71450,3,41.4558168,48.24432339,803
935,Victoria,2012,2,Townhouses,387979.2746,71450,3,29.4042295,34.92562688,216
950,Williams Lake,2012,2,All housing types,214090.3614,66545,3,17.421486,21.01542762,52
950,Williams Lake,2012,2,Single-detached,215000,66545,3,17.49550734,22.05009043,49
932,Abbotsford - Mission,2012,3,All housing types,355064.9351,60202.5,3,31.93719492,39.8580484,646
932,Abbotsford - Mission,2012,3,Condos,173251.5462,60202.5,3,15.58353939,20.09532322,138
932,Abbotsford - Mission,2012,3,Single-detached,415786.8649,60202.5,3,37.39897928,49.93104757,382
932,Abbotsford - Mission,2012,3,Townhouses,271259.0909,60202.5,3,24.39907072,32.71122748,126
944,Campbell River,2012,3,All housing types,262263.8436,63757.5,3,22.27463788,28.83969156,145
944,Campbell River,2012,3,Condos,192355.2632,63757.5,3,16.3371503,18.33500271,10
944,Campbell River,2012,3,Single-detached,278893.9271,63757.5,3,23.68706699,31.14048371,115
944,Campbell River,2012,3,Townhouses,208780.4878,63757.5,3,17.7321803,23.04827448,20
930,Chilliwack,2012,3,All housing types,319793.75,60010,3,28.85691201,35.74923238,386
930,Chilliwack,2012,3,Condos,153091.1765,60010,3,13.81433692,17.71905455,26
930,Chilliwack,2012,3,Single-detached,365000,60010,3,32.93614363,42.84775906,247
930,Chilliwack,2012,3,Townhouses,258579.1855,60010,3,23.33315396,29.51804433,113
943,Courtenay,2012,3,All housing types,315284.8,61937.5,3,27.56467473,33.29529423,340
943,Courtenay,2012,3,Condos,145535.7143,61937.5,3,12.72387577,18.06257235,18
943,Courtenay,2012,3,Single-detached,348657.53424657503,61937.5,3,30.48238141,37.46374731,242
943,Courtenay,2012,3,Townhouses,229915.7586,61937.5,3,20.1010423,25.7004721,80
905,Cranbrook,2012,3,All housing types,274596.7742,69307.5,3,21.45451531,23.32692088,90
905,Cranbrook,2012,3,Single-detached,280061.2245,69307.5,3,21.88145817,24.79879355,69
905,Cranbrook,2012,3,Townhouses,282768.9655,69307.5,3,22.09301664,18.84060012,14
975,Dawson Creek,2012,3,All housing types,255700,77377.5,3,17.89449902,17.42873376,76
975,Dawson Creek,2012,3,Single-detached,253841.9118,77377.5,3,17.76446555,17.4035768,67
937,Duncan,2012,3,All housing types,297961.7438,58965,3,27.36337829,33.65613231,151
937,Duncan,2012,3,Single-detached,333369.8113,58965,3,30.61508549,37.87860121,94
937,Duncan,2012,3,Townhouses,257136.3636,58965,3,23.61417108,27.87876391,49
977,Fort St. John,2012,3,All housing types,328800.7778,89432.5,3,19.90861166,19.8313746,152
977,Fort St. John,2012,3,Single-detached,355870.4453,89432.5,3,21.54765735,21.34312718,116
977,Fort St. John,2012,3,Townhouses,275000,89432.5,3,16.65101963,16.34879797,35
925,Kamloops,2012,3,All housing types,331554.9839,69690,3,25.76253568,29.18144185,468
925,Kamloops,2012,3,Condos,207049.685,69690,3,16.08820605,18.56500138,50
925,Kamloops,2012,3,Single-detached,371625,69690,3,28.87606215,32.08712104,313
925,Kamloops,2012,3,Townhouses,288468.3333,69690,3,22.41461022,25.397242,105
915,Kelowna,2012,3,All housing types,391290.0988,65452.5,3,32.3724918,38.09482147,936
915,Kelowna,2012,3,Condos,233153.4205,65452.5,3,19.28941524,24.28880262,203
915,Kelowna,2012,3,Single-detached,437160.8997,65452.5,3,36.16750764,44.76537722,609
915,Kelowna,2012,3,Townhouses,323020,65452.5,3,26.72432125,32.85366574,124
938,Nanaimo,2012,3,All housing types,319084.3645,62227.5,3,27.76685424,33.9915153,407
938,Nanaimo,2012,3,Condos,209942.4545,62227.5,3,18.2692798,21.40189008,58
938,Nanaimo,2012,3,Single-detached,346009.366,62227.5,3,30.10987908,37.66249954,294
938,Nanaimo,2012,3,Townhouses,242704.4348,62227.5,3,21.12024096,27.46191196,55
939,Parksville,2012,3,All housing types,349698.7952,60612.5,3,31.24175693,38.92321274,176
939,Parksville,2012,3,Condos,242240,60612.5,3,21.64149063,25.29799068,14
939,Parksville,2012,3,Single-detached,364516.129,60612.5,3,32.56552341,41.08315087,136
939,Parksville,2012,3,Townhouses,320661.0169,60612.5,3,28.64754951,35.70802608,26
913,Penticton,2012,3,All housing types,327747.7273,57895,3,30.6550579,34.46883108,156
913,Penticton,2012,3,Condos,249988.764,57895,3,23.38206919,24.64960116,34
913,Penticton,2012,3,Single-detached,372195.5607,57895,3,34.81237402,41.62561139,103
913,Penticton,2012,3,Townhouses,253489.7959,57895,3,23.70952939,28.09446494,19
940,Port Alberni,2012,3,All housing types,195873.3766,56980,3,18.6147186,24.91984493,75
940,Port Alberni,2012,3,Single-detached,198134.3284,56980,3,18.82958691,25.47459468,64
945,Powell River,2012,3,All housing types,230243.8017,59217.5,3,21.05432822,28.39881449,67
945,Powell River,2012,3,Single-detached,231192.6606,59217.5,3,21.14109532,29.06419653,64
970,Prince George,2012,3,All housing types,239658.9831,74302.5,3,17.46601368,20.86631918,278
970,Prince George,2012,3,Single-detached,242518.7266,74302.5,3,17.67442781,21.62037066,254
970,Prince George,2012,3,Townhouses,182345.2381,74302.5,3,13.28906758,15.88118112,16
955,Prince Rupert,2012,3,All housing types,195393.2584,62047.5,3,17.05252904,20.96060583,40
955,Prince Rupert,2012,3,Single-detached,194705.8824,62047.5,3,16.99253976,21.3614414,40
952,Quesnel,2012,3,All housing types,195956.2937,64272.5,3,16.50963736,19.12777887,61
952,Quesnel,2012,3,Single-detached,196405.1095,64272.5,3,16.54745082,19.38116486,58
920,Salmon Arm,2012,3,All housing types,337792.4528,61245,3,29.8663956,34.91041316,59
920,Salmon Arm,2012,3,Single-detached,359875,61245,3,31.81885512,37.57179298,39
920,Salmon Arm,2012,3,Townhouses,283318.1818,61245,3,25.04997618,27.50382689,13
934,Squamish,2012,3,All housing types,415553.3981,70677.5,3,31.83824856,35.74275125,46
934,Squamish,2012,3,Condos,272956.5217,70677.5,3,20.91297442,24.02183276,14
934,Squamish,2012,3,Single-detached,536891.8919,70677.5,3,40.98601513,52.39203906,17
934,Squamish,2012,3,Townhouses,350958.9535,70677.5,3,26.88924804,35.812071,15
965,Terrace,2012,3,All housing types,217069.3431,67100,3,17.5177967,22.28508389,69
965,Terrace,2012,3,Single-detached,217906.746,67100,3,17.58537628,22.91057037,65
933,Vancouver,2012,3,All housing types,505939.5785,63775,3,42.93221278,46.34979114,9927
933,Vancouver,2012,3,Condos,355391.4678,63775,3,30.17588667,33.52101857,3743
933,Vancouver,2012,3,Single-detached,741961.1767,63775,3,61.91778513,73.63157159,4141
933,Vancouver,2012,3,Townhouses,412019.7413,63775,3,34.98412918,42.89966917,2043
918,Vernon,2012,3,All housing types,341050.7813,62902.5,3,29.35990544,33.47993893,243
918,Vernon,2012,3,Condos,185711.1111,62902.5,3,15.98723991,17.73657873,20
918,Vernon,2012,3,Single-detached,361826.3158,62902.5,3,31.14840077,38.42228469,179
918,Vernon,2012,3,Townhouses,276367.8161,62902.5,3,23.79156827,28.34301195,44
935,Victoria,2012,3,All housing types,446996.5047,71965,3,33.63460313,38.89023417,1431
935,Victoria,2012,3,Condos,275242.2145,71965,3,20.71081665,25.16453563,456
935,Victoria,2012,3,Single-detached,545091.9467,71965,3,40.83729389,48.24432339,774
935,Victoria,2012,3,Townhouses,394850.7698,71965,3,29.71085635,34.92562688,201
950,Williams Lake,2012,3,All housing types,236375,67367.5,3,19.00004463,21.01542762,52
950,Williams Lake,2012,3,Single-detached,237639.1753,67367.5,3,19.10166022,22.05009043,48
932,Abbotsford - Mission,2012,4,All housing types,356279.9263,60690,3,31.78906297,39.8580484,440
932,Abbotsford - Mission,2012,4,Condos,168207.5024,60690,3,15.00830805,20.09532322,71
932,Abbotsford - Mission,2012,4,Single-detached,415375.4392,60690,3,37.06185786,49.93104757,292
932,Abbotsford - Mission,2012,4,Townhouses,273351.7241,60690,3,24.38979726,32.71122748,77
944,Campbell River,2012,4,All housing types,257717.803,64260,3,21.71736895,28.83969156,119
944,Campbell River,2012,4,Condos,196042.8571,64260,3,16.52014338,18.33500271,11
944,Campbell River,2012,4,Single-detached,274834.8624,64260,3,23.15978964,31.14048371,103
930,Chilliwack,2012,4,All housing types,311879.1606,60470,3,27.92864709,35.74923238,305
930,Chilliwack,2012,4,Condos,136435.8209,60470,3,12.217770129225901,17.71905455,41
930,Chilliwack,2012,4,Single-detached,359925.2336,60470,3,32.23115264,42.84775906,181
930,Chilliwack,2012,4,Townhouses,259014.5408,60470,3,23.19464272,29.51804433,83
943,Courtenay,2012,4,All housing types,303737.5752,62370,3,26.37098111,33.29529423,159
943,Courtenay,2012,4,Single-detached,342779.9145,62370,3,29.76069933,37.46374731,109
943,Courtenay,2012,4,Townhouses,221570.2479,62370,3,19.2370826,25.7004721,41
905,Cranbrook,2012,4,All housing types,288185.9756,70150,3,22.24583323,23.32692088,74
905,Cranbrook,2012,4,Single-detached,292938.4615,70150,3,22.61269012,24.79879355,61
905,Cranbrook,2012,4,Townhouses,296262.5,70150,3,22.86928139,18.84060012,10
975,Dawson Creek,2012,4,All housing types,236829.5455,77950,3,16.45217317,17.42873376,100
975,Dawson Creek,2012,4,Single-detached,255363.9706,77950,3,17.73973031,17.4035768,69
975,Dawson Creek,2012,4,Townhouses,232900,77950,3,16.17919388,19.84989994,31
937,Duncan,2012,4,All housing types,286339.6947,59560,3,26.03336927,33.65613231,111
937,Duncan,2012,4,Condos,137195.2381,59560,3,12.47348643,15.67225183,13
937,Duncan,2012,4,Single-detached,333929.2683,59560,3,30.36010764,37.87860121,70
937,Duncan,2012,4,Townhouses,250755.2727,59560,3,22.79811264,27.87876391,28
977,Fort St. John,2012,4,All housing types,330145.7581,89650,3,19.9415512,19.8313746,125
977,Fort St. John,2012,4,Single-detached,356807.5117,89650,3,21.55198148,21.34312718,97
977,Fort St. John,2012,4,Townhouses,289360.6557,89650,3,17.47803868,16.34879797,26
925,Kamloops,2012,4,All housing types,331067.9819,70450,3,25.4471819,29.18144185,305
925,Kamloops,2012,4,Condos,203617.284,70450,3,15.65082203,18.56500138,31
925,Kamloops,2012,4,Single-detached,369231.8702,70450,3,28.38060785,32.08712104,211
925,Kamloops,2012,4,Townhouses,293400,70450,3,22.55187327,25.397242,63
915,Kelowna,2012,4,All housing types,393276,66120,3,32.20832274,38.09482147,564
915,Kelowna,2012,4,Condos,230149.8218,66120,3,18.84869592,24.28880262,128
915,Kelowna,2012,4,Single-detached,434525.5474,66120,3,35.58655771,44.76537722,350
915,Kelowna,2012,4,Townhouses,323071.4286,66120,3,26.45874358,32.85366574,86
938,Nanaimo,2012,4,All housing types,319963.2964,62830,3,27.57633923,33.9915153,315
938,Nanaimo,2012,4,Condos,210311.5789,62830,3,18.12590228,21.40189008,37
938,Nanaimo,2012,4,Single-detached,343730.7338,62830,3,29.6247583,37.66249954,232
938,Nanaimo,2012,4,Townhouses,253980.0693,62830,3,21.88951242,27.46191196,46
939,Parksville,2012,4,All housing types,340158.9347,61020,3,30.18652977,38.92321274,115
939,Parksville,2012,4,Condos,233440,61020,3,20.71603239,25.29799068,11
939,Parksville,2012,4,Single-detached,353952.9148,61020,3,31.41064106,41.08315087,87
939,Parksville,2012,4,Townhouses,320116.2791,61020,3,28.40789585,35.70802608,17
913,Penticton,2012,4,All housing types,324769.3878,58340,3,30.1447837,34.46883108,138
913,Penticton,2012,4,Condos,240399.9333,58340,3,22.3136917,24.64960116,26
913,Penticton,2012,4,Single-detached,364963.1443,58340,3,33.87552971,41.62561139,91
913,Penticton,2012,4,Townhouses,240025,58340,3,22.27889075,28.09446494,21
940,Port Alberni,2012,4,All housing types,192637.7953,57470,3,18.15113606,24.91984493,52
940,Port Alberni,2012,4,Single-detached,194357.1429,57470,3,18.31314015,25.47459468,48
945,Powell River,2012,4,All housing types,225000,59600,3,20.44277123,28.39881449,38
945,Powell River,2012,4,Single-detached,225666.6667,59600,3,20.5033424,29.06419653,32
970,Prince George,2012,4,All housing types,245000,75050,3,17.67742071,20.86631918,213
970,Prince George,2012,4,Single-detached,248248.8739,75050,3,17.91183586,21.62037066,190
970,Prince George,2012,4,Townhouses,177133.3333,75050,3,12.78065492,15.88118112,14
955,Prince Rupert,2012,4,All housing types,172833.3333,62580,3,14.9553113,20.96060583,35
955,Prince Rupert,2012,4,Single-detached,172905.4054,62580,3,14.96154771,21.3614414,34
952,Quesnel,2012,4,All housing types,205908.0189,65180,3,17.10654933,19.12777887,45
952,Quesnel,2012,4,Single-detached,206222.2222,65180,3,17.13265291,19.38116486,41
920,Salmon Arm,2012,4,All housing types,326308.9431,61960,3,28.51813219,34.91041316,64
920,Salmon Arm,2012,4,Single-detached,349943.1818,61960,3,30.58367271,37.57179298,49
934,Squamish,2012,4,All housing types,420268.2927,71420,3,31.86473346,35.74275125,36
934,Squamish,2012,4,Single-detached,533443.5,71420,3,40.31221826,52.39203906,17
934,Squamish,2012,4,Townhouses,356550,71420,3,27.0336138,35.812071,15
965,Terrace,2012,4,All housing types,221451.2195,68160,3,17.59349025,22.28508389,54
965,Terrace,2012,4,Single-detached,227950.4505,68160,3,18.1098304,22.91057037,46
933,Vancouver,2012,4,All housing types,480941.7443,64270,3,40.52170257,46.34979114,7493
933,Vancouver,2012,4,Condos,345458.473,64270,3,29.10657196,33.52101857,3287
933,Vancouver,2012,4,Single-detached,723023.9521,64270,3,59.92932402,73.63157159,2706
933,Vancouver,2012,4,Townhouses,398270.1101,64270,3,33.55621161,42.89966917,1500
918,Vernon,2012,4,All housing types,331224.0185,63630,3,28.18794457,33.47993893,190
918,Vernon,2012,4,Condos,189988.3721,63630,3,16.16845821,17.73657873,23
918,Vernon,2012,4,Single-detached,370048.5437,63630,3,31.49200316,38.42228469,130
918,Vernon,2012,4,Townhouses,264954.321,63630,3,22.54823713,28.34301195,37
935,Victoria,2012,4,All housing types,434725.1021,72480,3,32.47880514,38.89023417,1013
935,Victoria,2012,4,Condos,271663.8037,72480,3,20.29631071,25.16453563,359
935,Victoria,2012,4,Single-detached,534748.8602,72480,3,39.81505524,48.24432339,542
935,Victoria,2012,4,Townhouses,383018.4377,72480,3,28.61574164,34.92562688,112
950,Williams Lake,2012,4,All housing types,242662.9213,68190,3,19.27020086,21.01542762,37
950,Williams Lake,2012,4,Single-detached,245544.3038,68190,3,19.49901545,22.05009043,31
932,Abbotsford - Mission,2013,1,All housing types,358440.5941,61067.5,3,31.78414677,39.8580484,368
932,Abbotsford - Mission,2013,1,Condos,166948.9925,61067.5,3,14.80393507,20.09532322,63
932,Abbotsford - Mission,2013,1,Single-detached,408288.5123,61067.5,3,36.20433125,49.93104757,235
932,Abbotsford - Mission,2013,1,Townhouses,282095.2381,61067.5,3,25.01434436,32.71122748,70
944,Campbell River,2013,1,All housing types,254731.6667,64857.5,3,21.26797999,28.83969156,91
944,Campbell River,2013,1,Single-detached,275219.4444,64857.5,3,22.97853939,31.14048371,77
930,Chilliwack,2013,1,All housing types,292466.6356,61062.5,3,25.93613502,35.74923238,285
930,Chilliwack,2013,1,Condos,140959.2233,61062.5,3,12.50035731,17.71905455,62
930,Chilliwack,2013,1,Single-detached,356795.107,61062.5,3,31.64082649,42.84775906,146
930,Chilliwack,2013,1,Townhouses,257380.3125,61062.5,3,22.82465664,29.51804433,77
943,Courtenay,2013,1,All housing types,289818.1373,63010,3,24.90689508,33.29529423,147
943,Courtenay,2013,1,Condos,173750,63010,3,14.93202966,18.06257235,15
943,Courtenay,2013,1,Single-detached,333032.6923,63010,3,28.62074267,37.46374731,99
943,Courtenay,2013,1,Townhouses,221395.7027,63010,3,19.02668891,25.7004721,33
905,Cranbrook,2013,1,All housing types,291123.9316,70542.5,3,22.34758363,23.32692088,43
905,Cranbrook,2013,1,Single-detached,290242.1053,70542.5,3,22.27989188,24.79879355,34
975,Dawson Creek,2013,1,All housing types,245763.8889,78562.5,3,16.93972227,17.42873376,44
975,Dawson Creek,2013,1,Single-detached,267403.6697,78562.5,3,18.43128346,17.4035768,40
937,Duncan,2013,1,All housing types,286236.8421,60122.5,3,25.78054007,33.65613231,79
937,Duncan,2013,1,Single-detached,323165.3543,60122.5,3,29.10658637,37.87860121,57
937,Duncan,2013,1,Townhouses,239284.6667,60122.5,3,21.55169087,27.87876391,14
977,Fort St. John,2013,1,All housing types,339152.1205,90162.5,3,20.36911227,19.8313746,99
977,Fort St. John,2013,1,Single-detached,356858.4337,90162.5,3,21.43253443,21.34312718,69
977,Fort St. John,2013,1,Townhouses,300541.037,90162.5,3,18.05017204,16.34879797,28
925,Kamloops,2013,1,All housing types,328861.1111,71147.5,3,25.02974273,29.18144185,244
925,Kamloops,2013,1,Condos,199601.4286,71147.5,3,15.19173972,18.56500138,39
925,Kamloops,2013,1,Single-detached,357018.8679,71147.5,3,27.17284018,32.08712104,160
925,Kamloops,2013,1,Townhouses,295775,71147.5,3,22.51154638,25.397242,45
915,Kelowna,2013,1,All housing types,367567.1918,66790,3,29.80086068,38.09482147,515
915,Kelowna,2013,1,Condos,214630.0797,66790,3,17.40133843,24.28880262,148
915,Kelowna,2013,1,Single-detached,418177.5701,66790,3,33.90414537,44.76537722,292
915,Kelowna,2013,1,Townhouses,317833.8509,66790,3,25.76868263,32.85366574,75
938,Nanaimo,2013,1,All housing types,314200.4484,63377.5,3,26.84572931,33.9915153,247
938,Nanaimo,2013,1,Condos,210496.9231,63377.5,3,17.98515389,21.40189008,28
938,Nanaimo,2013,1,Single-detached,342442.8224,63377.5,3,29.25879756,37.66249954,179
938,Nanaimo,2013,1,Townhouses,239081.1279,63377.5,3,20.42742865,27.46191196,40
939,Parksville,2013,1,All housing types,326916.2736,61632.5,3,28.72303092,38.92321274,97
939,Parksville,2013,1,Single-detached,339781.6456,61632.5,3,29.85338908,41.08315087,71
939,Parksville,2013,1,Townhouses,301513.5135,61632.5,3,26.49113143,35.70802608,20
913,Penticton,2013,1,All housing types,305448.5294,58760,3,28.14879198,34.46883108,66
913,Penticton,2013,1,Condos,226644.2292,58760,3,20.88653454,24.64960116,22
913,Penticton,2013,1,Single-detached,353590.1639,58760,3,32.58531311,41.62561139,31
913,Penticton,2013,1,Townhouses,240441.1765,58760,3,22.15800048,28.09446494,13
940,Port Alberni,2013,1,All housing types,184440,57692.5,3,17.31168196,24.91984493,48
940,Port Alberni,2013,1,Single-detached,183933.3333,57692.5,3,17.26412584,25.47459468,42
945,Powell River,2013,1,All housing types,222257.1429,60020,3,20.05225627,28.39881449,32
945,Powell River,2013,1,Single-detached,223196.7213,60020,3,20.13702595,29.06419653,29
970,Prince George,2013,1,All housing types,235453.67847411401,75500,3,16.88737076,20.86631918,154
970,Prince George,2013,1,Single-detached,241603.9755,75500,3,17.3284866,21.62037066,137
970,Prince George,2013,1,Townhouses,175333.3333,75500,3,12.57537799,15.88118112,13
955,Prince Rupert,2013,1,All housing types,159188.5246,63417.5,3,13.59271309,20.96060583,26
955,Prince Rupert,2013,1,Single-detached,159237.2881,63417.5,3,13.59687689,21.3614414,25
952,Quesnel,2013,1,All housing types,173395.5224,65630,3,14.30668399,19.12777887,22
952,Quesnel,2013,1,Single-detached,172436.5079,65630,3,14.2275567,19.38116486,22
920,Salmon Arm,2013,1,All housing types,314229.8851,62510,3,27.22083843,34.91041316,23
920,Salmon Arm,2013,1,Single-detached,330940.2985,62510,3,28.66841388,37.57179298,18
934,Squamish,2013,1,All housing types,408681,72185,3,30.65780071,35.74275125,28
934,Squamish,2013,1,Townhouses,377452.3929,72185,3,28.31514124,35.812071,13
965,Terrace,2013,1,All housing types,216866.129,68987.5,3,17.02255832,22.28508389,39
965,Terrace,2013,1,Single-detached,226376.6234,68987.5,3,17.76906929,22.91057037,31
933,Vancouver,2013,1,All housing types,451825.2201,64735,3,37.79504151,46.34979114,6704
933,Vancouver,2013,1,Condos,347337.2893,64735,3,29.05465805,33.52101857,3062
933,Vancouver,2013,1,Single-detached,720000,64735,3,59.25920445,73.63157159,2244
933,Vancouver,2013,1,Townhouses,397587.9917,64735,3,33.25811394,42.89966917,1398
918,Vernon,2013,1,All housing types,316157.53424657503,64092.5,3,26.71159578,33.47993893,102
918,Vernon,2013,1,Condos,181792.6829,64092.5,3,15.35934506,17.73657873,18
918,Vernon,2013,1,Single-detached,365333.3333,64092.5,3,30.86637282,38.42228469,65
918,Vernon,2013,1,Townhouses,255433.9286,64092.5,3,21.58116479,28.34301195,19
935,Victoria,2013,1,All housing types,419582.0172,73037.5,3,31.10817099,38.89023417,816
935,Victoria,2013,1,Condos,267543.4084,73037.5,3,19.835898,25.16453563,263
935,Victoria,2013,1,Single-detached,515210.6076,73037.5,3,38.13880271,48.24432339,429
935,Victoria,2013,1,Townhouses,378877.9492,73037.5,3,28.09033644,34.92562688,124
950,Williams Lake,2013,1,All housing types,223925.3731,68512.5,3,17.69852207,21.01542762,30
950,Williams Lake,2013,1,Single-detached,226981.1321,68512.5,3,17.94004189,22.05009043,22
932,Abbotsford - Mission,2013,2,All housing types,357937.5661,61445,3,31.54454317,39.8580484,577
932,Abbotsford - Mission,2013,2,Condos,164358.125,61445,3,14.48465448,20.09532322,105
932,Abbotsford - Mission,2013,2,Single-detached,407612.2112,61445,3,35.92230101,49.93104757,371
932,Abbotsford - Mission,2013,2,Townhouses,273391.8129,61445,3,24.09364275,32.71122748,101
944,Campbell River,2013,2,All housing types,269341.0394,65455,3,22.28246406,28.83969156,188
944,Campbell River,2013,2,Condos,140847.3684,65455,3,11.65223997,18.33500271,14
944,Campbell River,2013,2,Single-detached,279618.3761,65455,3,23.13270354,31.14048371,157
944,Campbell River,2013,2,Townhouses,216521.1538,65455,3,17.91269849,23.04827448,17
930,Chilliwack,2013,2,All housing types,302982.4676,61655,3,26.61047988,35.74923238,410
930,Chilliwack,2013,2,Condos,142296.087,61655,3,12.49764446,17.71905455,53
930,Chilliwack,2013,2,Single-detached,363085.213,61655,3,31.88921073,42.84775906,253
930,Chilliwack,2013,2,Townhouses,260000,61655,3,22.83539646,29.51804433,104
943,Courtenay,2013,2,All housing types,314373.8462,63650,3,26.74554861,33.29529423,243
943,Courtenay,2013,2,Condos,190142.8571,63650,3,16.17652069,18.06257235,20
943,Courtenay,2013,2,Single-detached,340620.6204,63650,3,28.9785091,37.46374731,175
943,Courtenay,2013,2,Townhouses,232233.1111,63650,3,19.75737498,25.7004721,48
905,Cranbrook,2013,2,All housing types,277679.1667,70935,3,21.19757763,23.32692088,77
905,Cranbrook,2013,2,Single-detached,290505.7471,70935,3,22.176738,24.79879355,53
905,Cranbrook,2013,2,Townhouses,265904.6087,70935,3,20.29872696,18.84060012,18
975,Dawson Creek,2013,2,All housing types,271913.0435,79175,3,18.59711082,17.42873376,71
975,Dawson Creek,2013,2,Single-detached,271834.8624,79175,3,18.59176373,17.4035768,69
937,Duncan,2013,2,All housing types,298082.5243,60685,3,26.59859331,33.65613231,127
937,Duncan,2013,2,Condos,130572.7273,60685,3,11.65130656,15.67225183,14
937,Duncan,2013,2,Single-detached,318519.4805,60685,3,28.4222302,37.87860121,97
937,Duncan,2013,2,Townhouses,240058,60685,3,21.42093076,27.87876391,16
977,Fort St. John,2013,2,All housing types,349164.9254,90675,3,20.85194434,19.8313746,169
977,Fort St. John,2013,2,Single-detached,375223.0769,90675,3,22.40812335,21.34312718,126
977,Fort St. John,2013,2,Townhouses,302601.7846,90675,3,18.07121825,16.34879797,37
925,Kamloops,2013,2,All housing types,326870.979,71845,3,24.6367448,29.18144185,471
925,Kamloops,2013,2,Condos,209161,71845,3,15.76477115,18.56500138,61
925,Kamloops,2013,2,Single-detached,359328.1573,71845,3,27.0830899,32.08712104,323
925,Kamloops,2013,2,Townhouses,283409.0909,71845,3,21.36095859,25.397242,87
915,Kelowna,2013,2,All housing types,373998.6245,67460,3,30.0211399,38.09482147,939
915,Kelowna,2013,2,Condos,218189.6202,67460,3,17.51423851,24.28880262,189
915,Kelowna,2013,2,Single-detached,423849.2553,67460,3,34.02268606,44.76537722,607
915,Kelowna,2013,2,Townhouses,321017.2018,67460,3,25.76828281,32.85366574,143
938,Nanaimo,2013,2,All housing types,308162.3784,63925,3,26.10432037,33.9915153,456
938,Nanaimo,2013,2,Condos,212537.037,63925,3,18.0039333,21.40189008,53
938,Nanaimo,2013,2,Single-detached,333959.3023,63925,3,28.2895682,37.66249954,337
938,Nanaimo,2013,2,Townhouses,243047.1698,63925,3,20.58843529,27.46191196,66
939,Parksville,2013,2,All housing types,329784.9462,62245,3,28.68995495,38.92321274,182
939,Parksville,2013,2,Condos,204510.5263,62245,3,17.79158768,25.29799068,13
939,Parksville,2013,2,Single-detached,345885.1675,62245,3,30.09060901,41.08315087,138
939,Parksville,2013,2,Townhouses,301176.4706,62245,3,26.20113341,35.70802608,31
913,Penticton,2013,2,All housing types,314798.6111,59180,3,28.80456739,34.46883108,150
913,Penticton,2013,2,Condos,222905.5424,59180,3,20.39620726,24.64960116,37
913,Penticton,2013,2,Single-detached,375512.8205,59180,3,34.36001291,41.62561139,86
913,Penticton,2013,2,Townhouses,227814.075,59180,3,20.8453457,28.09446494,27
940,Port Alberni,2013,2,All housing types,180500,57915,3,16.87678259,24.91984493,80
940,Port Alberni,2013,2,Single-detached,181333.3333,57915,3,16.95469941,25.47459468,75
945,Powell River,2013,2,All housing types,219623.5294,60440,3,19.6769563,28.39881449,53
945,Powell River,2013,2,Single-detached,234527.7778,60440,3,21.01228792,29.06419653,43
970,Prince George,2013,2,All housing types,230380,75950,3,16.42557214,20.86631918,271
970,Prince George,2013,2,Single-detached,239831.5927,75950,3,17.09944929,21.62037066,246
970,Prince George,2013,2,Townhouses,176333.3333,75950,3,12.57216723,15.88118112,20
955,Prince Rupert,2013,2,All housing types,168439.2523,64255,3,14.19514677,20.96060583,81
955,Prince Rupert,2013,2,Single-detached,175561.2245,64255,3,14.79534796,21.3614414,73
952,Quesnel,2013,2,All housing types,199013.75,66080,3,16.30859542,19.12777887,58
952,Quesnel,2013,2,Single-detached,198464.1026,66080,3,16.26355342,19.38116486,56
920,Salmon Arm,2013,2,All housing types,317344.086,63060,3,27.25084372,34.91041316,70
920,Salmon Arm,2013,2,Single-detached,330828.9474,63060,3,28.40881031,37.57179298,58
934,Squamish,2013,2,All housing types,404743.5,72950,3,30.04402377,35.74275125,36
934,Squamish,2013,2,Single-detached,473000,72950,3,35.11068922,52.39203906,14
934,Squamish,2013,2,Townhouses,356478.6429,72950,3,26.46133371,35.812071,15
965,Terrace,2013,2,All housing types,225008.3333,69815,3,17.45232816,22.28508389,87
965,Terrace,2013,2,Single-detached,230745.098,69815,3,17.89728902,22.91057037,71
933,Vancouver,2013,2,All housing types,476603.9867,65200,3,39.58344469,46.34979114,10503
933,Vancouver,2013,2,Condos,349957.6838,65200,3,29.065075,33.52101857,4174
933,Vancouver,2013,2,Single-detached,741642.3313,65200,3,60.53943329,73.63157159,4276
933,Vancouver,2013,2,Townhouses,409813.0107,65200,3,34.03624622,42.89966917,2053
918,Vernon,2013,2,All housing types,328153.8462,64555,3,27.52650819,33.47993893,249
918,Vernon,2013,2,Condos,176244.186,64555,3,14.78387984,17.73657873,25
918,Vernon,2013,2,Single-detached,364239.5833,64555,3,30.55348579,38.42228469,175
918,Vernon,2013,2,Townhouses,230875,64555,3,19.36647293,28.34301195,49
935,Victoria,2013,2,All housing types,439174.8429,73595,3,32.31414394,38.89023417,1348
935,Victoria,2013,2,Condos,272401.1272,73595,3,20.04306343,25.16453563,358
935,Victoria,2013,2,Single-detached,516287.5711,73595,3,37.92496351,48.24432339,802
935,Victoria,2013,2,Townhouses,389506.2179,73595,3,28.65956508,34.92562688,188
950,Williams Lake,2013,2,All housing types,233314.6067,68835,3,18.354228,21.01542762,59
950,Williams Lake,2013,2,Single-detached,233648.6486,68835,3,18.38050617,22.05009043,52
932,Abbotsford - Mission,2013,3,All housing types,364066.343,61822.5,3,31.88874872,39.8580484,659
932,Abbotsford - Mission,2013,3,Condos,156777.512,61822.5,3,13.73221881,20.09532322,104
932,Abbotsford - Mission,2013,3,Single-detached,409082.8183,61822.5,3,35.83176377,49.93104757,438
932,Abbotsford - Mission,2013,3,Townhouses,274660.5505,61822.5,3,24.0576517,32.71122748,117
944,Campbell River,2013,3,All housing types,271608.8808,66052.5,3,22.26682092,28.83969156,223
944,Campbell River,2013,3,Condos,154460,66052.5,3,12.66281555,18.33500271,21
944,Campbell River,2013,3,Single-detached,286908.3077,66052.5,3,23.52108624,31.14048371,168
944,Campbell River,2013,3,Townhouses,229266.6667,66052.5,3,18.79555556,23.04827448,34
930,Chilliwack,2013,3,All housing types,323294.2809,62247.5,3,28.12416377,35.74923238,473
930,Chilliwack,2013,3,Condos,155395.9821,62247.5,3,13.51827827,17.71905455,59
930,Chilliwack,2013,3,Single-detached,366757.0922,62247.5,3,31.90510051,42.84775906,311
930,Chilliwack,2013,3,Townhouses,256516.9082,62247.5,3,22.31503607,29.51804433,103
943,Courtenay,2013,3,All housing types,318614.6712,64290,3,26.83649873,33.29529423,350
943,Courtenay,2013,3,Condos,242255.3191,64290,3,20.40484997,18.06257235,27
943,Courtenay,2013,3,Single-detached,342176.4706,64290,3,28.8210784,37.46374731,250
943,Courtenay,2013,3,Townhouses,236546.5455,64290,3,19.9240074,25.7004721,73
905,Cranbrook,2013,3,All housing types,273597.6923,71327.5,3,20.77107327,23.32692088,105
905,Cranbrook,2013,3,Single-detached,291879.4326,71327.5,3,22.15899202,24.79879355,88
975,Dawson Creek,2013,3,All housing types,281048.7013,79787.5,3,19.07437144,17.42873376,83
975,Dawson Creek,2013,3,Single-detached,281006.7114,79787.5,3,19.07152165,17.4035768,80
937,Duncan,2013,3,All housing types,307717.3145,61247.5,3,27.20614933,33.65613231,156
937,Duncan,2013,3,Condos,129900,61247.5,3,11.4848227,15.67225183,11
937,Duncan,2013,3,Single-detached,335127.9621,61247.5,3,29.62960143,37.87860121,114
937,Duncan,2013,3,Townhouses,246307.234,61247.5,3,21.77671218,27.87876391,31
977,Fort St. John,2013,3,All housing types,343795.0284,91187.5,3,20.41586537,19.8313746,183
977,Fort St. John,2013,3,Single-detached,365575.4717,91187.5,3,21.7092715,21.34312718,139
977,Fort St. John,2013,3,Townhouses,302438.6667,91187.5,3,17.95996623,16.34879797,38
925,Kamloops,2013,3,All housing types,333339.1659,72542.5,3,24.88269041,29.18144185,572
925,Kamloops,2013,3,Condos,217806.8182,72542.5,3,16.25857439,18.56500138,71
925,Kamloops,2013,3,Single-detached,366149.3819,72542.5,3,27.3318669,32.08712104,405
925,Kamloops,2013,3,Townhouses,289940.9836,72542.5,3,21.64315649,25.397242,96
915,Kelowna,2013,3,All housing types,389641.2251,68130,3,30.96920247,38.09482147,1118
915,Kelowna,2013,3,Condos,230394.9192,68130,3,18.31209441,24.28880262,244
915,Kelowna,2013,3,Single-detached,434553.8139,68130,3,34.53891473,44.76537722,712
915,Kelowna,2013,3,Townhouses,325472.459,68130,3,25.86898365,32.85366574,162
938,Nanaimo,2013,3,All housing types,324639.26,64472.5,3,27.26654048,33.9915153,517
938,Nanaimo,2013,3,Condos,211927.193,64472.5,3,17.79982306,21.40189008,61
938,Nanaimo,2013,3,Single-detached,346820.4225,64472.5,3,29.12954241,37.66249954,373
938,Nanaimo,2013,3,Townhouses,269091.9463,64472.5,3,22.60110637,27.46191196,83
939,Parksville,2013,3,All housing types,336949.4679,62857.5,3,29.02760342,38.92321274,239
939,Parksville,2013,3,Condos,203054.0541,62857.5,3,17.49274926,25.29799068,24
939,Parksville,2013,3,Single-detached,353647.0588,62857.5,3,30.46607148,41.08315087,168
939,Parksville,2013,3,Townhouses,300961.5385,62857.5,3,25.92730666,35.70802608,47
913,Penticton,2013,3,All housing types,325053.4351,59600,3,29.53330227,34.46883108,243
913,Penticton,2013,3,Condos,252152.7778,59600,3,22.90978467,24.64960116,71
913,Penticton,2013,3,Single-detached,381971.831,59600,3,34.70472336,41.62561139,127
913,Penticton,2013,3,Townhouses,228125.875,59600,3,20.72677811,28.09446494,45
940,Port Alberni,2013,3,All housing types,203728.5714,58137.5,3,18.97575645,24.91984493,95
940,Port Alberni,2013,3,Single-detached,203000,58137.5,3,18.9078956,25.47459468,85
945,Powell River,2013,3,All housing types,217000,60860,3,19.30773351,28.39881449,53
945,Powell River,2013,3,Single-detached,229827.5862,60860,3,20.44907737,29.06419653,44
970,Prince George,2013,3,All housing types,242819.0994,76400,3,17.2104805,20.86631918,373
970,Prince George,2013,3,Condos,141142.8571,76400,3,10.00389342,12.39060086,16
970,Prince George,2013,3,Single-detached,249512.8866,76400,3,17.68492133,21.62037066,336
970,Prince George,2013,3,Townhouses,172951.2195,76400,3,12.25839977,15.88118112,21
955,Prince Rupert,2013,3,All housing types,186600,65092.5,3,15.52330526,20.96060583,54
955,Prince Rupert,2013,3,Single-detached,192992.0635,65092.5,3,16.05506278,21.3614414,53
952,Quesnel,2013,3,All housing types,206157.8512,66530,3,16.77976467,19.12777887,63
952,Quesnel,2013,3,Single-detached,206366.9565,66530,3,16.79678433,19.38116486,59
920,Salmon Arm,2013,3,All housing types,317818.1818,63610,3,27.05558031,34.91041316,73
920,Salmon Arm,2013,3,Single-detached,332456.1404,63610,3,28.30169675,37.57179298,56
920,Salmon Arm,2013,3,Townhouses,247789.4737,63610,3,21.09409841,27.50382689,12
934,Squamish,2013,3,All housing types,417222.2222,73715,3,30.64891271,35.74275125,45
934,Squamish,2013,3,Single-detached,507937.5,73715,3,37.28211798,52.39203906,18
934,Squamish,2013,3,Townhouses,330416.6667,73715,3,24.27222481,35.812071,21
965,Terrace,2013,3,All housing types,237613.6364,70642.5,3,18.21414588,22.28508389,89
965,Terrace,2013,3,Single-detached,241810.8974,70642.5,3,18.53588468,22.91057037,85
933,Vancouver,2013,3,All housing types,504921.693,65665,3,41.61699622,46.34979114,12675
933,Vancouver,2013,3,Condos,354100.6081,65665,3,29.20089981,33.52101857,5035
933,Vancouver,2013,3,Single-detached,760131.954,65665,3,61.55522603,73.63157159,5197
933,Vancouver,2013,3,Townhouses,414466.2811,65665,3,34.17895387,42.89966917,2443
918,Vernon,2013,3,All housing types,343397.7273,65017.5,3,28.60030472,33.47993893,279
918,Vernon,2013,3,Condos,178922.4138,65017.5,3,14.90177468,17.73657873,33
918,Vernon,2013,3,Single-detached,377681.8182,65017.5,3,31.45569767,38.42228469,210
918,Vernon,2013,3,Townhouses,250735.2941,65017.5,3,20.88279929,28.34301195,36
935,Victoria,2013,3,All housing types,457107.4284,74152.5,3,33.38074243,38.89023417,1654
935,Victoria,2013,3,Condos,281942.8049,74152.5,3,20.58916474,25.16453563,462
935,Victoria,2013,3,Single-detached,530435.4013,74152.5,3,38.61861572,48.24432339,955
935,Victoria,2013,3,Townhouses,404138.9482,74152.5,3,29.51266441,34.92562688,237
950,Williams Lake,2013,3,All housing types,220627.2727,69157.5,3,17.27521342,21.01542762,51
950,Williams Lake,2013,3,Single-detached,226760.8696,69157.5,3,17.75547677,22.05009043,40
950,Williams Lake,2013,3,Townhouses,174166.6667,69157.5,3,13.63732733,15.65666588,10
932,Abbotsford - Mission,2013,4,All housing types,362189.4918,62200,3,31.53181512,39.8580484,502
932,Abbotsford - Mission,2013,4,Condos,149625,62200,3,13.02618641,20.09532322,88
932,Abbotsford - Mission,2013,4,Single-detached,410000,62200,3,35.69414489,49.93104757,305
932,Abbotsford - Mission,2013,4,Townhouses,271858.8496,62200,3,23.66772967,32.71122748,109
944,Campbell River,2013,4,All housing types,265189.4756,66650,3,21.545652,28.83969156,125
944,Campbell River,2013,4,Condos,167000,66650,3,13.56812474,18.33500271,14
944,Campbell River,2013,4,Single-detached,290677.1698,66650,3,23.61643173,31.14048371,97
944,Campbell River,2013,4,Townhouses,212339.5833,66650,3,17.25179613,23.04827448,14
930,Chilliwack,2013,4,All housing types,322165.7895,62840,3,27.76174463,35.74923238,344
930,Chilliwack,2013,4,Condos,166088.5714,62840,3,14.31222264,17.71905455,46
930,Chilliwack,2013,4,Single-detached,366178.5029,62840,3,31.55441831,42.84775906,210
930,Chilliwack,2013,4,Townhouses,252308.9005,62840,3,21.7420207,29.51804433,88
943,Courtenay,2013,4,All housing types,311475.4653,64930,3,25.97657869,33.29529423,241
943,Courtenay,2013,4,Condos,246997.9592,64930,3,20.59925303,18.06257235,22
943,Courtenay,2013,4,Single-detached,336992.8058,64930,3,28.10468596,37.46374731,167
943,Courtenay,2013,4,Townhouses,233028.256,64930,3,19.43420109,25.7004721,52
905,Cranbrook,2013,4,All housing types,264606.2791,71720,3,19.97852287,23.32692088,67
905,Cranbrook,2013,4,Single-detached,278851.3514,71720,3,21.05406613,24.79879355,60
975,Dawson Creek,2013,4,All housing types,278344.2029,80400,3,18.74690774,17.42873376,55
975,Dawson Creek,2013,4,Single-detached,278625.9542,80400,3,18.76588412,17.4035768,51
937,Duncan,2013,4,All housing types,305567.9245,61810,3,26.77025641,33.65613231,109
937,Duncan,2013,4,Single-detached,335404.2553,61810,3,29.3841637,37.87860121,74
937,Duncan,2013,4,Townhouses,249008.7719,61810,3,21.81521076,27.87876391,26
977,Fort St. John,2013,4,All housing types,337745.4545,91700,3,19.94452453,19.8313746,125
977,Fort St. John,2013,4,Single-detached,349018.2609,91700,3,20.61020562,21.34312718,91
977,Fort St. John,2013,4,Townhouses,318837.3529,91700,3,18.82796444,16.34879797,30
925,Kamloops,2013,4,All housing types,336591.5155,73240,3,24.88618579,29.18144185,365
925,Kamloops,2013,4,Condos,221885.5932,73240,3,16.40530388,18.56500138,47
925,Kamloops,2013,4,Single-detached,372511.1455,73240,3,27.5419348,32.08712104,241
925,Kamloops,2013,4,Townhouses,287316.7688,73240,3,21.24301463,25.397242,77
915,Kelowna,2013,4,All housing types,379651.0526,68800,3,29.88131325,38.09482147,782
915,Kelowna,2013,4,Condos,233525.2747,68800,3,18.38014629,24.28880262,211
915,Kelowna,2013,4,Single-detached,434796.3918,68800,3,34.22165457,44.76537722,452
915,Kelowna,2013,4,Townhouses,319496.7972,68800,3,25.14673359,32.85366574,119
938,Nanaimo,2013,4,All housing types,328438.0531,65020,3,27.35331798,33.9915153,387
938,Nanaimo,2013,4,Condos,211339.1304,65020,3,17.60096427,21.40189008,54
938,Nanaimo,2013,4,Single-detached,352021.8373,65020,3,29.31744712,37.66249954,291
938,Nanaimo,2013,4,Townhouses,270945.6,65020,3,22.56517198,27.46191196,42
939,Parksville,2013,4,All housing types,339292.7286,63470,3,28.94740013,38.92321274,170
939,Parksville,2013,4,Condos,193394.7368,63470,3,16.49983733,25.29799068,14
939,Parksville,2013,4,Single-detached,352876.7123,63470,3,30.10634336,41.08315087,124
939,Parksville,2013,4,Townhouses,287506.3291,63470,3,24.52914562,35.70802608,32
913,Penticton,2013,4,All housing types,315410.4041,60020,3,28.45663438,34.46883108,148
913,Penticton,2013,4,Condos,261282.1786,60020,3,23.57313306,24.64960116,41
913,Penticton,2013,4,Single-detached,375649.5327,60020,3,33.89146733,41.62561139,87
913,Penticton,2013,4,Townhouses,233807.6923,60020,3,21.09435811,28.09446494,20
940,Port Alberni,2013,4,All housing types,216488.7006,58360,3,20.08738765,24.91984493,82
940,Port Alberni,2013,4,Single-detached,216325.1534,58360,3,20.07221255,25.47459468,78
945,Powell River,2013,4,All housing types,224466.1017,61280,3,19.83515131,28.39881449,65
945,Powell River,2013,4,Single-detached,228333.3333,61280,3,20.17688275,29.06419653,55
970,Prince George,2013,4,All housing types,246774.3802,76850,3,17.38840344,20.86631918,232
970,Prince George,2013,4,Single-detached,250808.011,76850,3,17.6726242,21.62037066,207
970,Prince George,2013,4,Townhouses,179630.7632,76850,3,12.657279,15.88118112,17
955,Prince Rupert,2013,4,All housing types,214500,65930,3,17.61763999,20.96060583,42
955,Prince Rupert,2013,4,Single-detached,214173.913,65930,3,17.59085732,21.3614414,39
952,Quesnel,2013,4,All housing types,182937.5,66980,3,14.78975933,19.12777887,49
952,Quesnel,2013,4,Single-detached,182682.243,66980,3,14.76912283,19.38116486,48
920,Salmon Arm,2013,4,All housing types,319421.0526,64160,3,26.95893251,34.91041316,60
920,Salmon Arm,2013,4,Single-detached,345209.76,64160,3,29.13548291,37.57179298,44
934,Squamish,2013,4,All housing types,383593.35,74480,3,27.88912648,35.74275125,55
934,Squamish,2013,4,Condos,206315.7895,74480,3,15.0001744,24.02183276,13
934,Squamish,2013,4,Single-detached,500117.6471,74480,3,36.36056679,52.39203906,16
934,Squamish,2013,4,Townhouses,351971.3617,74480,3,25.59005213,35.812071,26
965,Terrace,2013,4,All housing types,252231.4815,71470,3,19.11080666,22.28508389,73
965,Terrace,2013,4,Single-detached,254056.2914,71470,3,19.24906692,22.91057037,66
933,Vancouver,2013,4,All housing types,498986.012,66130,3,40.85952925,46.34979114,10502
933,Vancouver,2013,4,Condos,359706.5085,66130,3,29.45461045,33.52101857,4952
933,Vancouver,2013,4,Single-detached,784295.4137,66130,3,62.99688352,73.63157159,3699
933,Vancouver,2013,4,Townhouses,412098.4397,66130,3,33.74473001,42.89966917,1851
918,Vernon,2013,4,All housing types,348272.9124,65480,3,28.80146223,33.47993893,212
918,Vernon,2013,4,Condos,172000,65480,3,14.22405053,17.73657873,24
918,Vernon,2013,4,Single-detached,378540.5405,65480,3,31.30453358,38.42228469,160
918,Vernon,2013,4,Townhouses,294217.3125,65480,3,24.33117395,28.34301195,28
935,Victoria,2013,4,All housing types,447076.3401,74710,3,32.40458477,38.89023417,1051
935,Victoria,2013,4,Condos,271616.3849,74710,3,19.68705427,25.16453563,307
935,Victoria,2013,4,Single-detached,532383.6066,74710,3,38.46421244,48.24432339,570
935,Victoria,2013,4,Townhouses,390716.0803,74710,3,28.31953116,34.92562688,174
950,Williams Lake,2013,4,All housing types,215921.1957,69480,3,16.82825084,21.01542762,41
950,Williams Lake,2013,4,Single-detached,224766.6667,69480,3,17.51764034,22.05009043,35
932,Abbotsford - Mission,2014,1,All housing types,357929.3409,62725,3,30.90011822,39.8580484,422
932,Abbotsford - Mission,2014,1,Condos,147121.0191,62725,3,12.70098973,20.09532322,69
932,Abbotsford - Mission,2014,1,Single-detached,408110.7266,62725,3,35.23228821,49.93104757,273
932,Abbotsford - Mission,2014,1,Townhouses,264153.9683,62725,3,22.8044698,32.71122748,80
944,Campbell River,2014,1,All housing types,267313.0459,67150,3,21.55647018,28.83969156,104
944,Campbell River,2014,1,Single-detached,290745.6284,67150,3,23.44610398,31.14048371,86
944,Campbell River,2014,1,Townhouses,193666.6667,67150,3,15.61753079,23.04827448,10
930,Chilliwack,2014,1,All housing types,310388.6076,63287.5,3,26.55775392,35.74923238,288
930,Chilliwack,2014,1,Condos,166964.557,63287.5,3,14.28597413,17.71905455,33
930,Chilliwack,2014,1,Single-detached,357742.7546,63287.5,3,30.60951275,42.84775906,173
930,Chilliwack,2014,1,Townhouses,255600,63287.5,3,21.86988097,29.51804433,82
943,Courtenay,2014,1,All housing types,293156.3275,65247.5,3,24.3298206,33.29529423,162
943,Courtenay,2014,1,Condos,205908.8889,65247.5,3,17.08892443,18.06257235,23
943,Courtenay,2014,1,Single-detached,326869.403,65247.5,3,27.12775809,37.46374731,101
943,Courtenay,2014,1,Townhouses,222000,65247.5,3,18.42436839,25.7004721,38
905,Cranbrook,2014,1,All housing types,257008.9286,72602.5,3,19.16903039,23.32692088,45
905,Cranbrook,2014,1,Single-detached,263469.3878,72602.5,3,19.65088422,24.79879355,38
975,Dawson Creek,2014,1,All housing types,267289.7196,81502.5,3,17.75884984,17.42873376,52
975,Dawson Creek,2014,1,Single-detached,284016.8539,81502.5,3,18.87020821,17.4035768,38
975,Dawson Creek,2014,1,Townhouses,247076.4706,81502.5,3,16.41587244,19.84989994,14
937,Duncan,2014,1,All housing types,294079.0558,62237.5,3,25.58677006,33.65613231,106
937,Duncan,2014,1,Condos,129092.5,62237.5,3,11.23187812,15.67225183,11
937,Duncan,2014,1,Single-detached,319215.3247,62237.5,3,27.77378718,37.87860121,80
937,Duncan,2014,1,Townhouses,254719.5122,62237.5,3,22.16223651,27.87876391,15
977,Fort St. John,2014,1,All housing types,341768.9732,93355,3,19.82433192,19.8313746,99
977,Fort St. John,2014,1,Single-detached,352846.9595,93355,3,20.46691125,21.34312718,57
977,Fort St. John,2014,1,Townhouses,337864.0634,93355,3,19.59782737,16.34879797,41
925,Kamloops,2014,1,All housing types,332948.602,73615,3,24.49144388,29.18144185,243
925,Kamloops,2014,1,Condos,224081.0811,73615,3,16.48323251,18.56500138,27
925,Kamloops,2014,1,Single-detached,366203.2688,73615,3,26.93763167,32.08712104,172
925,Kamloops,2014,1,Townhouses,271753.7273,73615,3,19.98999582,25.397242,44
915,Kelowna,2014,1,All housing types,379352.8211,69430,3,29.58691357,38.09482147,565
915,Kelowna,2014,1,Condos,227749.2447,69430,3,17.76287626,24.28880262,120
915,Kelowna,2014,1,Single-detached,438216.3342,69430,3,34.17786315,44.76537722,350
915,Kelowna,2014,1,Townhouses,321991.8224,69430,3,25.11314979,32.85366574,95
938,Nanaimo,2014,1,All housing types,318692.6625,65572.5,3,26.31805759,33.9915153,299
938,Nanaimo,2014,1,Condos,215478.7234,65572.5,3,17.79451528,21.40189008,40
938,Nanaimo,2014,1,Single-detached,349327.4854,65572.5,3,28.8479214,37.66249954,222
938,Nanaimo,2014,1,Townhouses,250366.3418,65572.5,3,20.67558051,27.46191196,37
939,Parksville,2014,1,All housing types,336420.8633,63987.5,3,28.47025051,38.92321274,108
939,Parksville,2014,1,Condos,181800,63987.5,3,15.38516813,25.29799068,11
939,Parksville,2014,1,Single-detached,353921.5686,63987.5,3,29.95128073,41.08315087,80
939,Parksville,2014,1,Townhouses,274244.898,63987.5,3,23.2084921,35.70802608,17
913,Penticton,2014,1,All housing types,319090.1825,60480,3,28.56966645,34.46883108,115
913,Penticton,2014,1,Condos,238802.7945,60480,3,21.38115355,24.64960116,32
913,Penticton,2014,1,Single-detached,371067.3077,60480,3,33.22342646,41.62561139,69
913,Penticton,2014,1,Townhouses,238014.7059,60480,3,21.31059221,28.09446494,14
940,Port Alberni,2014,1,All housing types,204507.6923,58985,3,18.77463811,24.91984493,48
940,Port Alberni,2014,1,Single-detached,212050,58985,3,19.46705264,25.47459468,42
945,Powell River,2014,1,All housing types,219890.3509,61772.5,3,19.27589289,28.39881449,49
945,Powell River,2014,1,Single-detached,224959.1837,61772.5,3,19.7202338,29.06419653,43
970,Prince George,2014,1,All housing types,244581.7942,77422.5,3,17.10647181,20.86631918,147
970,Prince George,2014,1,Single-detached,248800.2959,77422.5,3,17.40152108,21.62037066,131
955,Prince Rupert,2014,1,All housing types,212782.6087,66260,3,17.38954455,20.96060583,50
955,Prince Rupert,2014,1,Single-detached,212551.7241,66260,3,17.37067564,21.3614414,48
952,Quesnel,2014,1,All housing types,165362.3188,67815,3,13.20426701,19.12777887,20
952,Quesnel,2014,1,Single-detached,165294.1176,67815,3,13.19882111,19.38116486,20
920,Salmon Arm,2014,1,All housing types,309054.2553,64695,3,25.86827807,34.91041316,34
920,Salmon Arm,2014,1,Single-detached,347749.6418,64695,3,29.10713662,37.57179298,23
934,Squamish,2014,1,All housing types,344248.2447,75515,3,24.6855051,35.74275125,39
934,Squamish,2014,1,Single-detached,477758.6207,75515,3,34.25932608,52.39203906,13
934,Squamish,2014,1,Townhouses,347392.8409,75515,3,24.9109992,35.812071,18
965,Terrace,2014,1,All housing types,256766.129,72432.5,3,19.19586862,22.28508389,51
965,Terrace,2014,1,Single-detached,264894.8598,72432.5,3,19.80357357,22.91057037,41
933,Vancouver,2014,1,All housing types,501471.3395,66687.5,3,40.71347011,46.34979114,8259
933,Vancouver,2014,1,Condos,363982.2045,66687.5,3,29.55556217,33.52101857,3449
933,Vancouver,2014,1,Single-detached,822162.0144,66687.5,3,65.38319516,73.63157159,3251
933,Vancouver,2014,1,Townhouses,414542.8152,66687.5,3,33.66111255,42.89966917,1559
918,Vernon,2014,1,All housing types,337097.8261,66247.5,3,27.55433716,33.47993893,156
918,Vernon,2014,1,Condos,153533.3333,66247.5,3,12.54979684,17.73657873,21
918,Vernon,2014,1,Single-detached,379977.4436,66247.5,3,31.05931211,38.42228469,106
918,Vernon,2014,1,Townhouses,276252.7719,66247.5,3,22.5808695,28.34301195,29
935,Victoria,2014,1,All housing types,430386.981,75165,3,31.00608791,38.89023417,900
935,Victoria,2014,1,Condos,264508.9431,75165,3,19.05584487,25.16453563,308
935,Victoria,2014,1,Single-detached,526651.0763,75165,3,37.84012625,48.24432339,452
935,Victoria,2014,1,Townhouses,392509.5541,75165,3,28.27730921,34.92562688,140
950,Williams Lake,2014,1,All housing types,231817.3077,70202.5,3,17.88120531,21.01542762,37
950,Williams Lake,2014,1,Single-detached,233674.2424,70202.5,3,18.02443979,22.05009043,31
932,Abbotsford - Mission,2014,2,All housing types,368077.3669,63250,3,31.5124445,39.8580484,660
932,Abbotsford - Mission,2014,2,Condos,151597.0395,63250,3,12.97877491,20.09532322,83
932,Abbotsford - Mission,2014,2,Single-detached,411592.233,63250,3,35.23791074,49.93104757,448
932,Abbotsford - Mission,2014,2,Townhouses,276153.11,63250,3,23.64247394,32.71122748,129
944,Campbell River,2014,2,All housing types,275849.6732,67650,3,22.08046337,28.83969156,202
944,Campbell River,2014,2,Single-detached,289830.7087,67650,3,23.19957922,31.14048371,168
944,Campbell River,2014,2,Townhouses,214900,67650,3,17.20172992,23.04827448,26
930,Chilliwack,2014,2,All housing types,312896.8909,63735,3,26.58439418,35.74923238,500
930,Chilliwack,2014,2,Condos,162415.7303,63735,3,13.79919048,17.71905455,56
930,Chilliwack,2014,2,Single-detached,363706.6284,63735,3,30.90129898,42.84775906,306
930,Chilliwack,2014,2,Townhouses,255873.8,63735,3,21.73958949,29.51804433,138
943,Courtenay,2014,2,All housing types,304793.3255,65565,3,25.17311136,33.29529423,265
943,Courtenay,2014,2,Condos,177212.766,65565,3,14.63613642,18.06257235,24
943,Courtenay,2014,2,Single-detached,343995.9155,65565,3,28.41088293,37.46374731,183
943,Courtenay,2014,2,Townhouses,235080.5104,65565,3,19.41547722,25.7004721,58
905,Cranbrook,2014,2,All housing types,273600,73485,3,20.16141015,23.32692088,80
905,Cranbrook,2014,2,Single-detached,289950.495,73485,3,21.36626774,24.79879355,63
905,Cranbrook,2014,2,Townhouses,224250,73485,3,16.52484001,18.84060012,12
975,Dawson Creek,2014,2,All housing types,271420.765,82605,3,17.79263399,17.42873376,131
975,Dawson Creek,2014,2,Single-detached,286276.9784,82605,3,18.76651366,17.4035768,101
975,Dawson Creek,2014,2,Townhouses,224248.8372,82605,3,14.70033983,19.84989994,29
937,Duncan,2014,2,All housing types,293742.6653,62665,3,25.3831489,33.65613231,133
937,Duncan,2014,2,Condos,136666.6667,62665,3,11.8097599,15.67225183,10
937,Duncan,2014,2,Single-detached,322649.5135,62665,3,27.88107283,37.87860121,105
937,Duncan,2014,2,Townhouses,242016.8182,62665,3,20.91336962,27.87876391,18
977,Fort St. John,2014,2,All housing types,370257.9114,95010,3,21.10272498,19.8313746,217
977,Fort St. John,2014,2,Single-detached,391036.9565,95010,3,22.28701966,21.34312718,150
977,Fort St. John,2014,2,Townhouses,329156.2714,95010,3,18.76015085,16.34879797,64
925,Kamloops,2014,2,All housing types,334512.6582,73990,3,24.48178273,29.18144185,468
925,Kamloops,2014,2,Condos,221110.2941,73990,3,16.18227008,18.56500138,41
925,Kamloops,2014,2,Single-detached,365796.4706,73990,3,26.77133285,32.08712104,338
925,Kamloops,2014,2,Townhouses,283015.7895,73990,3,20.71291144,25.397242,89
915,Kelowna,2014,2,All housing types,406007.4986,70060,3,31.38104718,38.09482147,1202
915,Kelowna,2014,2,Condos,236586.6366,70060,3,18.28620514,24.28880262,257
915,Kelowna,2014,2,Single-detached,449736.9584,70060,3,34.76097551,44.76537722,781
915,Kelowna,2014,2,Townhouses,325654.6023,70060,3,25.17042783,32.85366574,164
938,Nanaimo,2014,2,All housing types,326643.0622,66125,3,26.74922868,33.9915153,513
938,Nanaimo,2014,2,Condos,208057.0175,66125,3,17.03806198,21.40189008,74
938,Nanaimo,2014,2,Single-detached,356256.2814,66125,3,29.17429403,37.66249954,375
938,Nanaimo,2014,2,Townhouses,254289.5149,66125,3,20.82410181,27.46191196,64
939,Parksville,2014,2,All housing types,340030.6748,64505,3,28.54488042,38.92321274,218
939,Parksville,2014,2,Condos,221666.6667,64505,3,18.60846377,25.29799068,13
939,Parksville,2014,2,Single-detached,356934.2629,64505,3,29.96390211,41.08315087,171
939,Parksville,2014,2,Townhouses,302000,64505,3,25.35228297,35.70802608,34
913,Penticton,2014,2,All housing types,330373.503,60940,3,29.35663469,34.46883108,219
913,Penticton,2014,2,Condos,247800,60940,3,22.01924189,24.64960116,48
913,Penticton,2014,2,Single-detached,364487.5,60940,3,32.38796783,41.62561139,131
913,Penticton,2014,2,Townhouses,260231.4815,60940,3,23.12388998,28.09446494,40
940,Port Alberni,2014,2,All housing types,190000,59610,3,17.25988864,24.91984493,73
940,Port Alberni,2014,2,Single-detached,196621.6216,59610,3,17.86140681,25.47459468,69
945,Powell River,2014,2,All housing types,220781.25,62265,3,19.2009053,28.39881449,63
945,Powell River,2014,2,Single-detached,222838.3838,62265,3,19.37981013,29.06419653,56
970,Prince George,2014,2,All housing types,245153.7657,77995,3,17.02061767,20.86631918,331
970,Prince George,2014,2,Condos,144037.037,77995,3,10.0002516,12.39060086,20
970,Prince George,2014,2,Single-detached,257162.7475,77995,3,17.85438128,21.62037066,273
970,Prince George,2014,2,Townhouses,206212.766,77995,3,14.31700891,15.88118112,38
955,Prince Rupert,2014,2,All housing types,202146.7791,66590,3,16.43846727,20.96060583,79
955,Prince Rupert,2014,2,Single-detached,209141.0256,66590,3,17.00723563,21.3614414,69
952,Quesnel,2014,2,All housing types,200813.9535,68650,3,15.84006119,19.12777887,66
952,Quesnel,2014,2,Single-detached,203500,68650,3,16.05193462,19.38116486,60
920,Salmon Arm,2014,2,All housing types,320326.1905,65230,3,26.59185173,34.91041316,92
920,Salmon Arm,2014,2,Single-detached,338582.8958,65230,3,28.10743058,37.57179298,73
920,Salmon Arm,2014,2,Townhouses,259071.4286,65230,3,21.50679283,27.50382689,10
934,Squamish,2014,2,All housing types,371052.6316,76550,3,26.24785578,35.74275125,75
934,Squamish,2014,2,Condos,244230.7692,76550,3,17.27661648,24.02183276,18
934,Squamish,2014,2,Single-detached,561400,76550,3,39.4842213,52.39203906,32
934,Squamish,2014,2,Townhouses,327968.1628,76550,3,23.20010776,35.812071,25
965,Terrace,2014,2,All housing types,290451.1278,73395,3,21.4294045,22.28508389,82
965,Terrace,2014,2,Single-detached,298856.1947,73395,3,22.04952802,22.91057037,72
933,Vancouver,2014,2,All housing types,530712.2898,67245,3,42.60669726,46.34979114,12140
933,Vancouver,2014,2,Condos,364678.4502,67245,3,29.36659628,33.52101857,4565
933,Vancouver,2014,2,Single-detached,823180.0863,67245,3,64.91879837,73.63157159,5095
933,Vancouver,2014,2,Townhouses,423891.7554,67245,3,34.13488798,42.89966917,2480
918,Vernon,2014,2,All housing types,334468.0851,67015,3,27.02627379,33.47993893,267
918,Vernon,2014,2,Condos,163382.3529,67015,3,13.20190595,17.73657873,30
918,Vernon,2014,2,Single-detached,373594.5946,67015,3,30.18784227,38.42228469,190
918,Vernon,2014,2,Townhouses,261361.8421,67015,3,21.11901559,28.34301195,47
935,Victoria,2014,2,All housing types,437026.8924,75620,3,31.29500313,38.89023417,1610
935,Victoria,2014,2,Condos,277862.7907,75620,3,19.89744122,25.16453563,552
935,Victoria,2014,2,Single-detached,533179.6649,75620,3,38.05534433,48.24432339,861
935,Victoria,2014,2,Townhouses,401632.0475,75620,3,28.76041818,34.92562688,197
950,Williams Lake,2014,2,All housing types,255274.5301,70925,3,19.48999157,21.01542762,46
950,Williams Lake,2014,2,Single-detached,256971.831,70925,3,19.61957903,22.05009043,40
932,Abbotsford - Mission,2014,3,All housing types,377657.9134,63775,3,32.06650533,39.8580484,749
932,Abbotsford - Mission,2014,3,Condos,155523.9899,63775,3,13.20536569,20.09532322,115
932,Abbotsford - Mission,2014,3,Single-detached,420244.1614,63775,3,35.68245537,49.93104757,494
932,Abbotsford - Mission,2014,3,Townhouses,281275.0929,63775,3,23.8827493,32.71122748,140
944,Campbell River,2014,3,All housing types,282768.4964,68150,3,22.46822025,28.83969156,217
944,Campbell River,2014,3,Condos,217238.0952,68150,3,17.26130539,18.33500271,13
944,Campbell River,2014,3,Single-detached,304069.7674,68150,3,24.16077673,31.14048371,176
944,Campbell River,2014,3,Townhouses,215807.4074,68150,3,17.14762579,23.04827448,28
930,Chilliwack,2014,3,All housing types,326655.2438,64182.5,3,27.55982877,35.74923238,587
930,Chilliwack,2014,3,Condos,150283.0189,64182.5,3,12.67934419,17.71905455,50
930,Chilliwack,2014,3,Single-detached,379828.0802,64182.5,3,32.04600892,42.84775906,392
930,Chilliwack,2014,3,Townhouses,253205.7809,64182.5,3,21.36291426,29.51804433,145
943,Courtenay,2014,3,All housing types,326953.6765,65882.5,3,26.87321735,33.29529423,381
943,Courtenay,2014,3,Condos,177122.6415,65882.5,3,14.55819459,18.06257235,29
943,Courtenay,2014,3,Single-detached,358239.256,65882.5,3,29.44466474,37.46374731,274
943,Courtenay,2014,3,Townhouses,235248.0074,65882.5,3,19.33567746,25.7004721,78
905,Cranbrook,2014,3,All housing types,294893.617,74367.5,3,21.47265273,23.32692088,108
905,Cranbrook,2014,3,Single-detached,312428.5714,74367.5,3,22.74945889,24.79879355,84
905,Cranbrook,2014,3,Townhouses,246300,74367.5,3,17.93431279,18.84060012,18
975,Dawson Creek,2014,3,All housing types,280045.6621,83707.5,3,18.11623679,17.42873376,88
975,Dawson Creek,2014,3,Single-detached,272259.0361,83707.5,3,17.61251765,17.4035768,65
975,Dawson Creek,2014,3,Townhouses,289649.0196,83707.5,3,18.73748083,19.84989994,22
937,Duncan,2014,3,All housing types,294284.9462,63092.5,3,25.25770117,33.65613231,239
937,Duncan,2014,3,Condos,123203.125,63092.5,3,10.57419944,15.67225183,22
937,Duncan,2014,3,Single-detached,328230.7692,63092.5,3,28.17118167,37.87860121,168
937,Duncan,2014,3,Townhouses,252448.5821,63092.5,3,21.66699632,27.87876391,49
977,Fort St. John,2014,3,All housing types,382476.9406,96665,3,21.42592162,19.8313746,221
977,Fort St. John,2014,3,Single-detached,405073.4375,96665,3,22.69175158,21.34312718,170
977,Fort St. John,2014,3,Townhouses,322290.7857,96665,3,18.05436192,16.34879797,48
925,Kamloops,2014,3,All housing types,337271.137,74365,3,24.55919371,29.18144185,561
925,Kamloops,2014,3,Condos,226211.9266,74365,3,16.47215524,18.56500138,68
925,Kamloops,2014,3,Single-detached,378277.137,74365,3,27.54514237,32.08712104,399
925,Kamloops,2014,3,Townhouses,280767.7596,74365,3,20.44476695,25.397242,94
915,Kelowna,2014,3,All housing types,409404.4394,70690,3,31.36159024,38.09482147,1456
915,Kelowna,2014,3,Condos,248599.9379,70690,3,19.0434901,24.28880262,355
915,Kelowna,2014,3,Single-detached,459030.6122,70690,3,35.16310177,44.76537722,885
915,Kelowna,2014,3,Townhouses,327987.6105,70690,3,25.12482048,32.85366574,216
938,Nanaimo,2014,3,All housing types,334035.7143,66677.5,3,27.12795805,33.9915153,565
938,Nanaimo,2014,3,Condos,210927.673,66677.5,3,17.1300158,21.40189008,85
938,Nanaimo,2014,3,Single-detached,362412.7907,66677.5,3,29.43253838,37.66249954,399
938,Nanaimo,2014,3,Townhouses,259315.8621,66677.5,3,21.05975357,27.46191196,81
939,Parksville,2014,3,All housing types,352618.5102,65022.5,3,29.36601072,38.92321274,225
939,Parksville,2014,3,Condos,237500,65022.5,3,19.77896039,25.29799068,13
939,Parksville,2014,3,Single-detached,365221.4076,65022.5,3,30.41557792,41.08315087,170
939,Parksville,2014,3,Townhouses,321177.6316,65022.5,3,26.7476196,35.70802608,42
913,Penticton,2014,3,All housing types,325691.5789,61400,3,28.72378509,34.46883108,256
913,Penticton,2014,3,Condos,260405.4054,61400,3,22.96598802,24.64960116,63
913,Penticton,2014,3,Single-detached,378380.5861,61400,3,33.37059764,41.62561139,142
913,Penticton,2014,3,Townhouses,251899.1703,61400,3,22.21579586,28.09446494,51
940,Port Alberni,2014,3,All housing types,199250,60235,3,17.91236481,24.91984493,73
940,Port Alberni,2014,3,Single-detached,199250,60235,3,17.91236481,25.47459468,69
945,Powell River,2014,3,All housing types,235000,62757.5,3,20.27709509,28.39881449,79
945,Powell River,2014,3,Single-detached,232521.9612,62757.5,3,20.06327625,29.06419653,73
970,Prince George,2014,3,All housing types,255697.3154,78567.5,3,17.62328012,20.86631918,414
970,Prince George,2014,3,Condos,143742.4242,78567.5,3,9.907077059,12.39060086,13
970,Prince George,2014,3,Single-detached,265741.0296,78567.5,3,18.3155173,21.62037066,368
970,Prince George,2014,3,Townhouses,216021.662,78567.5,3,14.8887377,15.88118112,33
955,Prince Rupert,2014,3,All housing types,226345.5,66920,3,18.31552798,20.96060583,80
955,Prince Rupert,2014,3,Single-detached,233477.931,66920,3,18.89267328,21.3614414,76
952,Quesnel,2014,3,All housing types,209342.1053,69485,3,16.31432222,19.12777887,86
952,Quesnel,2014,3,Single-detached,214347.8261,69485,3,16.70442503,19.38116486,78
920,Salmon Arm,2014,3,All housing types,319246.2312,65765,3,26.28660291,34.91041316,107
920,Salmon Arm,2014,3,Condos,154727.2727,65765,3,12.74017978,18.83347001,13
920,Salmon Arm,2014,3,Single-detached,342254.72,65765,3,28.18111239,37.57179298,77
920,Salmon Arm,2014,3,Townhouses,258444.4444,65765,3,21.28020889,27.50382689,17
934,Squamish,2014,3,All housing types,412502.8409,77585,3,28.79073086,35.74275125,101
934,Squamish,2014,3,Condos,233157.8947,77585,3,16.273309,24.02183276,20
934,Squamish,2014,3,Single-detached,607000,77585,3,41.97264755,52.39203906,42
934,Squamish,2014,3,Townhouses,349453.125,77585,3,24.3901614,35.812071,39
965,Terrace,2014,3,All housing types,301130.719,74357.5,3,21.92975559,22.28508389,71
965,Terrace,2014,3,Single-detached,309636.3636,74357.5,3,22.54917665,22.91057037,60
933,Vancouver,2014,3,All housing types,540714.1781,67802.5,3,43.01312843,46.34979114,14415
933,Vancouver,2014,3,Condos,369525.8319,67802.5,3,29.51226937,33.52101857,5442
933,Vancouver,2014,3,Single-detached,820477.543,67802.5,3,64.18053005,73.63157159,6171
933,Vancouver,2014,3,Townhouses,428062.3438,67802.5,3,34.18730196,42.89966917,2802
918,Vernon,2014,3,All housing types,354932.1267,67782.5,3,28.35510362,33.47993893,396
918,Vernon,2014,3,Condos,184708.3333,67782.5,3,14.75612811,17.73657873,42
918,Vernon,2014,3,Single-detached,395125.523,67782.5,3,31.56610604,38.42228469,288
918,Vernon,2014,3,Townhouses,277610.0708,67782.5,3,22.17793694,28.34301195,66
935,Victoria,2014,3,All housing types,456075.454,76075,3,32.46371734,38.89023417,1859
935,Victoria,2014,3,Condos,283603.4959,76075,3,20.18706257,25.16453563,535
935,Victoria,2014,3,Single-detached,538880.0728,76075,3,38.21214027,48.24432339,1061
935,Victoria,2014,3,Townhouses,399719.5652,76075,3,28.45227224,34.92562688,263
950,Williams Lake,2014,3,All housing types,255182.3333,71647.5,3,19.28648453,21.01542762,68
950,Williams Lake,2014,3,Single-detached,258316.3265,71647.5,3,19.52334933,22.05009043,58
932,Abbotsford - Mission,2014,4,All housing types,379567.8544,64300,3,31.96553387,39.8580484,570
932,Abbotsford - Mission,2014,4,Condos,153619.7183,64300,3,12.93717645,20.09532322,98
932,Abbotsford - Mission,2014,4,Single-detached,427477.5346,64300,3,36.00027624,49.93104757,374
932,Abbotsford - Mission,2014,4,Townhouses,282526.1765,64300,3,23.79311093,32.71122748,98
944,Campbell River,2014,4,All housing types,282386.7684,68650,3,22.27446656,28.83969156,176
944,Campbell River,2014,4,Condos,180518.75,68650,3,14.23919004,18.33500271,19
944,Campbell River,2014,4,Single-detached,313134.1935,68650,3,24.69980149,31.14048371,134
944,Campbell River,2014,4,Townhouses,215841.1765,68650,3,17.0253978,23.04827448,23
930,Chilliwack,2014,4,All housing types,326448.8477,64630,3,27.3517107,35.74923238,411
930,Chilliwack,2014,4,Condos,147751.1959,64630,3,12.37942175,17.71905455,47
930,Chilliwack,2014,4,Single-detached,379483.5766,64630,3,31.79525697,42.84775906,235
930,Chilliwack,2014,4,Townhouses,252929.3796,64630,3,21.19183837,29.51804433,129
943,Courtenay,2014,4,All housing types,327050.5869,66200,3,26.75225858,33.29529423,258
943,Courtenay,2014,4,Condos,178259.6154,66200,3,14.58137523,18.06257235,23
943,Courtenay,2014,4,Single-detached,355080.19,66200,3,29.04503903,37.46374731,168
943,Courtenay,2014,4,Townhouses,229000,66200,3,18.73186431,25.7004721,67
905,Cranbrook,2014,4,All housing types,290686.5285,75250,3,20.91808442,23.32692088,85
905,Cranbrook,2014,4,Single-detached,315748.6184,75250,3,22.72157671,24.79879355,68
975,Dawson Creek,2014,4,All housing types,281458.3333,84810,3,17.97093025,17.42873376,104
975,Dawson Creek,2014,4,Single-detached,266884.3537,84810,3,17.0403912,17.4035768,82
975,Dawson Creek,2014,4,Townhouses,375000,84810,3,23.94350441,19.84989994,22
937,Duncan,2014,4,All housing types,298808.2902,63520,3,25.47332656,33.65613231,147
937,Duncan,2014,4,Condos,115416.6667,63520,3,9.839239866,15.67225183,14
937,Duncan,2014,4,Single-detached,333664.2599,63520,3,28.44478863,37.87860121,109
937,Duncan,2014,4,Townhouses,253390.411,63520,3,21.60146455,27.87876391,24
977,Fort St. John,2014,4,All housing types,378751.4856,98320,3,20.86008075,19.8313746,197
977,Fort St. John,2014,4,Condos,263278.3077,98320,3,14.500291,10.70806892,36
977,Fort St. John,2014,4,Single-detached,416584.021,98320,3,22.94374187,21.34312718,116
977,Fort St. John,2014,4,Townhouses,336368.0968,98320,3,18.52577727,16.34879797,45
925,Kamloops,2014,4,All housing types,343194.8608,74740,3,24.86515625,29.18144185,373
925,Kamloops,2014,4,Condos,225420.7547,74740,3,16.33218596,18.56500138,38
925,Kamloops,2014,4,Single-detached,379024.2814,74740,3,27.46106965,32.08712104,262
925,Kamloops,2014,4,Townhouses,285613.7725,74740,3,20.69329086,25.397242,73
915,Kelowna,2014,4,All housing types,409293.5031,71320,3,31.07613694,38.09482147,999
915,Kelowna,2014,4,Condos,241344.3831,71320,3,18.32438346,24.28880262,188
915,Kelowna,2014,4,Single-detached,464171.7172,71320,3,35.24283611,44.76537722,600
915,Kelowna,2014,4,Townhouses,349379.0867,71320,3,26.52705763,32.85366574,211
938,Nanaimo,2014,4,All housing types,334273.5756,67230,3,26.92417755,33.9915153,453
938,Nanaimo,2014,4,Condos,213808.5106,67230,3,17.22127838,21.40189008,56
938,Nanaimo,2014,4,Single-detached,364652.1146,67230,3,29.37102719,37.66249954,334
938,Nanaimo,2014,4,Townhouses,254312.5,67230,3,20.48368583,27.46191196,63
939,Parksville,2014,4,All housing types,357417.7215,65540,3,29.53066011,38.92321274,170
939,Parksville,2014,4,Condos,220869.5652,65540,3,18.24874277,25.29799068,10
939,Parksville,2014,4,Single-detached,372616.2162,65540,3,30.7863941,41.08315087,126
939,Parksville,2014,4,Townhouses,312342.1053,65540,3,25.8064108,35.70802608,34
913,Penticton,2014,4,All housing types,326090.3084,61860,3,28.54509456,34.46883108,198
913,Penticton,2014,4,Condos,251623.8532,61860,3,22.02649542,24.64960116,46
913,Penticton,2014,4,Single-detached,394405.8594,61860,3,34.5252596,41.62561139,114
913,Penticton,2014,4,Townhouses,228368.8146,61860,3,19.99081003,28.09446494,38
940,Port Alberni,2014,4,All housing types,207734.8993,60860,3,18.48336441,24.91984493,76
940,Port Alberni,2014,4,Single-detached,208500,60860,3,18.5514398,25.47459468,70
945,Powell River,2014,4,All housing types,242182.8358,63250,3,20.73415499,28.39881449,55
945,Powell River,2014,4,Single-detached,240299.4322,63250,3,20.57290994,29.06419653,45
970,Prince George,2014,4,All housing types,261082.5893,79140,3,17.86427417,20.86631918,258
970,Prince George,2014,4,Condos,205050,79140,3,14.03030906,12.39060086,19
970,Prince George,2014,4,Single-detached,265994.1176,79140,3,18.20033982,21.62037066,227
970,Prince George,2014,4,Townhouses,215189.7333,79140,3,14.72410859,15.88118112,12
955,Prince Rupert,2014,4,All housing types,238645.1613,67250,3,19.21603826,20.96060583,44
955,Prince Rupert,2014,4,Single-detached,242088.9381,67250,3,19.49333592,21.3614414,37
952,Quesnel,2014,4,All housing types,205000,70320,3,15.78623302,19.12777887,51
952,Quesnel,2014,4,Single-detached,208095.2381,70320,3,16.02458497,19.38116486,48
920,Salmon Arm,2014,4,All housing types,320802.139,66300,3,26.2015653,34.91041316,80
920,Salmon Arm,2014,4,Single-detached,346471.6312,66300,3,28.29812512,37.57179298,64
934,Squamish,2014,4,All housing types,411455.5556,78620,3,28.33957946,35.74275125,79
934,Squamish,2014,4,Condos,211056.5217,78620,3,14.53681446,24.02183276,26
934,Squamish,2014,4,Single-detached,590543.4783,78620,3,40.34628494,52.39203906,27
934,Squamish,2014,4,Townhouses,367380,78620,3,25.30381365,35.812071,26
965,Terrace,2014,4,All housing types,287586.7769,75320,3,20.67578999,22.28508389,50
965,Terrace,2014,4,Single-detached,295411.215,75320,3,21.23832086,22.91057037,47
933,Vancouver,2014,4,All housing types,530822.9044,68360,3,41.9200529,46.34979114,11842
933,Vancouver,2014,4,Condos,375858.7872,68360,3,29.77324452,33.52101857,5244
933,Vancouver,2014,4,Single-detached,835529.031,68360,3,64.78665038,73.63157159,4490
933,Vancouver,2014,4,Townhouses,417126.7821,68360,3,33.0422438,42.89966917,2108
918,Vernon,2014,4,All housing types,356612.5,68550,3,28.17037401,33.47993893,244
918,Vernon,2014,4,Condos,178540,68550,3,14.10365194,17.73657873,33
918,Vernon,2014,4,Single-detached,399721.03,68550,3,31.57570449,38.42228469,178
918,Vernon,2014,4,Townhouses,290928.6667,68550,3,22.98172204,28.34301195,33
935,Victoria,2014,4,All housing types,457560.8108,76530,3,32.37580814,38.89023417,1360
935,Victoria,2014,4,Condos,285000,76530,3,20.16585578,25.16453563,466
935,Victoria,2014,4,Single-detached,544019.1657,76530,3,38.32944498,48.24432339,713
935,Victoria,2014,4,Townhouses,404146.3964,76530,3,28.59634366,34.92562688,181
950,Williams Lake,2014,4,All housing types,235345.7944,72370,3,17.60967657,21.01542762,39
950,Williams Lake,2014,4,Single-detached,238655.914,72370,3,17.85735525,22.05009043,35
932,Abbotsford - Mission,2015,1,All housing types,370096.3612,64940,2.8875,30.48014523,39.8580484,543
932,Abbotsford - Mission,2015,1,Condos,158398.4375,64940,2.8875,13.04527114,20.09532322,126
932,Abbotsford - Mission,2015,1,Single-detached,430298.6496,64940,2.8875,35.43824449,49.93104757,328
932,Abbotsford - Mission,2015,1,Townhouses,276621.5508,64940,2.8875,22.78181016,32.71122748,89
944,Campbell River,2015,1,All housing types,271259.5819,68947.5,2.8875,21.04171169,28.83969156,111
944,Campbell River,2015,1,Condos,151881.8182,68947.5,2.8875,11.78153194,18.33500271,14
944,Campbell River,2015,1,Single-detached,297541.5525,68947.5,2.8875,23.08041441,31.14048371,85
944,Campbell River,2015,1,Townhouses,207334.2857,68947.5,2.8875,16.0830015,23.04827448,12
930,Chilliwack,2015,1,All housing types,317250.9272,65235,2.8875,26.00978333,35.74923238,344
930,Chilliwack,2015,1,Condos,141846.6571,65235,2.8875,11.62928301,17.71905455,23
930,Chilliwack,2015,1,Single-detached,369783.94,65235,2.8875,30.31669677,42.84775906,223
930,Chilliwack,2015,1,Townhouses,244927.9736,65235,2.8875,20.08039372,29.51804433,98
943,Courtenay,2015,1,All housing types,313561.9469,66782.5,2.8875,25.11164601,33.29529423,194
943,Courtenay,2015,1,Condos,147632.0755,66782.5,2.8875,11.82313242,18.06257235,30
943,Courtenay,2015,1,Single-detached,348037.3515,66782.5,2.8875,27.87261291,37.46374731,125
943,Courtenay,2015,1,Townhouses,229000,66782.5,2.8875,18.33949238,25.7004721,39
905,Cranbrook,2015,1,All housing types,266299.2126,75480,2.8875,18.86915674,23.32692088,42
905,Cranbrook,2015,1,Single-detached,296337.9,75480,2.8875,20.99760727,24.79879355,32
975,Dawson Creek,2015,1,All housing types,276549.6894,84355,2.8875,17.53383222,17.42873376,57
975,Dawson Creek,2015,1,Single-detached,267496.1832,84355,2.8875,16.95982087,17.4035768,49
937,Duncan,2015,1,All housing types,296105.8824,63935,2.8875,24.76982092,33.65613231,108
937,Duncan,2015,1,Condos,143167.5278,63935,2.8875,11.97623632,15.67225183,22
937,Duncan,2015,1,Single-detached,335089.8204,63935,2.8875,28.03090157,37.87860121,58
937,Duncan,2015,1,Townhouses,241015.3846,63935,2.8875,20.16139588,27.87876391,28
977,Fort St. John,2015,1,All housing types,358534.2669,97952.5,2.8875,19.57625647,19.8313746,129
977,Fort St. John,2015,1,Condos,269202.4894,97952.5,2.8875,14.69867028,10.70806892,11
977,Fort St. John,2015,1,Single-detached,416983.0286,97952.5,2.8875,22.7676054,21.34312718,59
977,Fort St. John,2015,1,Townhouses,311997.7404,97952.5,2.8875,17.03532506,16.34879797,59
925,Kamloops,2015,1,All housing types,344788.2353,75155,2.8875,24.5362993,29.18144185,273
925,Kamloops,2015,1,Condos,221038.4615,75155,2.8875,15.72984602,18.56500138,27
925,Kamloops,2015,1,Single-detached,370618.8341,75155,2.8875,26.37449225,32.08712104,184
925,Kamloops,2015,1,Townhouses,296919.3111,75155,2.8875,21.12978443,25.397242,62
915,Kelowna,2015,1,All housing types,412366.4832,71757.5,2.8875,30.73481196,38.09482147,727
915,Kelowna,2015,1,Condos,225000,71757.5,2.8875,16.76987091,24.28880262,169
915,Kelowna,2015,1,Single-detached,462567.1875,71757.5,2.8875,34.47640899,44.76537722,424
915,Kelowna,2015,1,Townhouses,355529.4783,71757.5,2.8875,26.49859314,32.85366574,134
938,Nanaimo,2015,1,All housing types,325770.7006,67665,2.8875,25.74912271,33.9915153,332
938,Nanaimo,2015,1,Condos,201693.3962,67665,2.8875,15.94197391,21.40189008,50
938,Nanaimo,2015,1,Single-detached,360525.4386,67665,2.8875,28.49615923,37.66249954,236
938,Nanaimo,2015,1,Townhouses,250671.5596,67665,2.8875,19.81323899,27.46191196,46
939,Parksville,2015,1,All housing types,354453.3762,66055,2.8875,28.69907648,38.92321274,141
939,Parksville,2015,1,Condos,324233.3333,66055,2.8875,26.25224601,25.29799068,11
939,Parksville,2015,1,Single-detached,364697.3913,66055,2.8875,29.5285051,41.08315087,104
939,Parksville,2015,1,Townhouses,299441.6667,66055,2.8875,24.24493564,35.70802608,26
913,Penticton,2015,1,All housing types,324018.5629,62157.5,2.8875,27.87987704,34.46883108,136
913,Penticton,2015,1,Condos,245770.2703,62157.5,2.8875,21.1470752,24.64960116,28
913,Penticton,2015,1,Single-detached,390637.7551,62157.5,2.8875,33.61206371,41.62561139,82
913,Penticton,2015,1,Townhouses,232406.25,62157.5,2.8875,19.99718045,28.09446494,26
940,Port Alberni,2015,1,All housing types,210144.9275,61302.5,2.8875,18.33391555,24.91984493,62
940,Port Alberni,2015,1,Single-detached,211166.6667,61302.5,2.8875,18.42305632,25.47459468,56
945,Powell River,2015,1,All housing types,259185.3933,63670,2.8875,21.77159134,28.39881449,34
945,Powell River,2015,1,Single-detached,261710.5263,63670,2.8875,21.9837027,29.06419653,31
970,Prince George,2015,1,All housing types,255801.4019,79390,2.8875,17.23263222,20.86631918,170
970,Prince George,2015,1,Single-detached,258282.7225,79390,2.8875,17.39979192,21.62037066,155
970,Prince George,2015,1,Townhouses,194227.2727,79390,2.8875,13.08455362,15.88118112,10
955,Prince Rupert,2015,1,All housing types,214057.1429,68222.5,2.8875,16.78095201,20.96060583,26
955,Prince Rupert,2015,1,Single-detached,217278.2258,68222.5,2.8875,17.03346794,21.3614414,25
952,Quesnel,2015,1,All housing types,214285.7143,70247.5,2.8875,16.31461566,19.12777887,26
952,Quesnel,2015,1,Single-detached,221107.1429,70247.5,2.8875,16.83396426,19.38116486,22
920,Salmon Arm,2015,1,All housing types,336859.5041,66572.5,2.8875,27.06253279,34.91041316,41
920,Salmon Arm,2015,1,Single-detached,358191.4894,66572.5,2.8875,28.77629637,37.57179298,30
934,Squamish,2015,1,All housing types,401538.1679,79355,2.8875,27.06244545,35.74275125,52
934,Squamish,2015,1,Condos,230129.7872,79355,2.8875,15.5100444,24.02183276,21
934,Squamish,2015,1,Single-detached,594590,79355,2.8875,39.73801862,52.39203906,23
965,Terrace,2015,1,All housing types,283154.7619,75555,2.8875,20.04357387,22.28508389,34
965,Terrace,2015,1,Single-detached,284700,75555,2.8875,20.15295608,22.91057037,23
933,Vancouver,2015,1,All housing types,524721.4253,69100,2.8875,40.51231062,46.34979114,10048
933,Vancouver,2015,1,Condos,371510.7872,69100,2.8875,28.75463653,33.52101857,4156
933,Vancouver,2015,1,Single-detached,875743.9877,69100,2.8875,66.25123477,73.63157159,3951
933,Vancouver,2015,1,Townhouses,415797.0222,69100,2.8875,32.18235555,42.89966917,1941
918,Vernon,2015,1,All housing types,331318.1265,69030,2.8875,25.66976097,33.47993893,167
918,Vernon,2015,1,Condos,175521.7391,69030,2.8875,13.59901777,17.73657873,36
918,Vernon,2015,1,Single-detached,381863.9576,69030,2.8875,29.58593488,38.42228469,105
918,Vernon,2015,1,Townhouses,278059.322,69030,2.8875,21.54339217,28.34301195,26
935,Victoria,2015,1,All housing types,444785.8344,77117.5,2.8875,30.84696966,38.89023417,1019
935,Victoria,2015,1,Condos,286321.3799,77117.5,2.8875,19.8570778,25.16453563,329
935,Victoria,2015,1,Single-detached,543583.4671,77117.5,2.8875,37.53973843,48.24432339,533
935,Victoria,2015,1,Townhouses,402322.4852,77117.5,2.8875,27.90203405,34.92562688,157
950,Williams Lake,2015,1,All housing types,221218.75,72515,2.8875,16.31580792,21.01542762,25
950,Williams Lake,2015,1,Single-detached,222413.7931,72515,2.8875,16.40394735,22.05009043,23
932,Abbotsford - Mission,2015,2,All housing types,375197.7102,65580,2.85,30.47196698,39.8580484,920
932,Abbotsford - Mission,2015,2,Condos,161431.8182,65580,2.85,13.11080771,20.09532322,171
932,Abbotsford - Mission,2015,2,Single-detached,437566.2508,65580,2.85,35.53727537,49.93104757,589
932,Abbotsford - Mission,2015,2,Townhouses,277020.0803,65580,2.85,22.49839621,32.71122748,160
944,Campbell River,2015,2,All housing types,276690,69245,2.85,21.28221204,28.83969156,189
944,Campbell River,2015,2,Condos,173250,69245,2.85,13.32589987,18.33500271,14
944,Campbell River,2015,2,Single-detached,297373.444,69245,2.85,22.87312404,31.14048371,156
944,Campbell River,2015,2,Townhouses,183645.1613,69245,2.85,14.12546627,23.04827448,19
930,Chilliwack,2015,2,All housing types,331838.806,65840,2.85,26.84411384,35.74923238,661
930,Chilliwack,2015,2,Condos,133142.5287,65840,2.85,10.77057033,17.71905455,64
930,Chilliwack,2015,2,Single-detached,381028.0094,65840,2.85,30.82327648,42.84775906,414
930,Chilliwack,2015,2,Townhouses,254362.9893,65840,2.85,20.57670447,29.51804433,183
943,Courtenay,2015,2,All housing types,315283.6096,67365,2.85,24.92750442,33.29529423,349
943,Courtenay,2015,2,Condos,149483.6066,67365,2.85,11.81873447,18.06257235,31
943,Courtenay,2015,2,Single-detached,359442.5676,67365,2.85,28.41887723,37.46374731,245
943,Courtenay,2015,2,Townhouses,241383.9286,67365,2.85,19.08471853,25.7004721,73
905,Cranbrook,2015,2,All housing types,266965.1899,75710,2.85,18.78075782,23.32692088,116
905,Cranbrook,2015,2,Single-detached,288147.0588,75710,2.85,20.270883,24.79879355,104
975,Dawson Creek,2015,2,All housing types,292315.2174,83900,2.85,18.55671876,17.42873376,81
975,Dawson Creek,2015,2,Single-detached,281833.3333,83900,2.85,17.89130908,17.4035768,71
975,Dawson Creek,2015,2,Townhouses,375920.8333,83900,2.85,23.86416021,19.84989994,10
937,Duncan,2015,2,All housing types,298717.9931,64350,2.85,24.72433126,33.65613231,181
937,Duncan,2015,2,Condos,155370.62,64350,2.85,12.85973649,15.67225183,28
937,Duncan,2015,2,Single-detached,340150.6667,64350,2.85,28.15363639,37.87860121,116
937,Duncan,2015,2,Townhouses,241812.3077,64350,2.85,20.01435379,27.87876391,37
977,Fort St. John,2015,2,All housing types,351101.1429,97585,2.85,19.16288524,19.8313746,172
977,Fort St. John,2015,2,Single-detached,404384.3537,97585,2.85,22.07105024,21.34312718,88
977,Fort St. John,2015,2,Townhouses,317249.1748,97585,2.85,17.31526557,16.34879797,84
925,Kamloops,2015,2,All housing types,343113.0112,75570,2.85,24.18240482,29.18144185,534
925,Kamloops,2015,2,Condos,215984.6154,75570,2.85,15.22246967,18.56500138,77
925,Kamloops,2015,2,Single-detached,377821.8182,75570,2.85,26.62866129,32.08712104,366
925,Kamloops,2015,2,Townhouses,293115.0784,75570,2.85,20.6585797,25.397242,91
915,Kelowna,2015,2,All housing types,418385.1622,72195,2.85,30.86603721,38.09482147,1524
915,Kelowna,2015,2,Condos,227001.9685,72195,2.85,16.7468922,24.28880262,339
915,Kelowna,2015,2,Single-detached,472262.5092,72195,2.85,34.84079623,44.76537722,939
915,Kelowna,2015,2,Townhouses,339012.6316,72195,2.85,25.01039102,32.85366574,246
938,Nanaimo,2015,2,All housing types,333218.9024,68100,2.85,26.06118984,33.9915153,652
938,Nanaimo,2015,2,Condos,210744.4706,68100,2.85,16.48241326,21.40189008,86
938,Nanaimo,2015,2,Single-detached,368885.8101,68100,2.85,28.85071361,37.66249954,480
938,Nanaimo,2015,2,Townhouses,250846.2121,68100,2.85,19.61878725,27.46191196,86
939,Parksville,2015,2,All housing types,348103.2483,66570,2.85,27.85102871,38.92321274,290
939,Parksville,2015,2,Condos,268222.5,66570,2.85,21.45993347,25.29799068,29
939,Parksville,2015,2,Single-detached,359665.5949,66570,2.85,28.77610841,41.08315087,207
939,Parksville,2015,2,Townhouses,305050,66570,2.85,24.4064264,35.70802608,54
913,Penticton,2015,2,All housing types,333609.8214,62455,2.85,28.45006986,34.46883108,312
913,Penticton,2015,2,Condos,236103.0928,62455,2.85,20.1347474,24.64960116,69
913,Penticton,2015,2,Single-detached,408492.0635,62455,2.85,34.83598802,41.62561139,170
913,Penticton,2015,2,Townhouses,267672.8788,62455,2.85,22.82700212,28.09446494,73
940,Port Alberni,2015,2,All housing types,202226.9939,61745,2.85,17.4441195,24.91984493,101
940,Port Alberni,2015,2,Single-detached,202184.2105,61745,2.85,17.44042901,25.47459468,96
945,Powell River,2015,2,All housing types,248245.614,64090,2.85,20.63018083,28.39881449,80
945,Powell River,2015,2,Single-detached,250509.8039,64090,2.85,20.81834386,29.06419653,71
970,Prince George,2015,2,All housing types,262009.2593,79640,2.85,17.52254202,20.86631918,370
970,Prince George,2015,2,Condos,139726.9231,79640,2.85,9.344596781,12.39060086,21
970,Prince George,2015,2,Single-detached,265536.5546,79640,2.85,17.75843895,21.62037066,321
970,Prince George,2015,2,Townhouses,231394.7368,79640,2.85,15.47511722,15.88118112,28
955,Prince Rupert,2015,2,All housing types,228506.4935,69195,2.85,17.58877342,20.96060583,51
955,Prince Rupert,2015,2,Single-detached,230563.3803,69195,2.85,17.74709766,21.3614414,46
952,Quesnel,2015,2,All housing types,211247.3118,70175,2.85,16.03321041,19.12777887,67
952,Quesnel,2015,2,Single-detached,216622.093,70175,2.85,16.44114458,19.38116486,64
920,Salmon Arm,2015,2,All housing types,329834.3373,66845,2.85,26.28080479,34.91041316,125
920,Salmon Arm,2015,2,Condos,166000,66845,2.85,13.2266811,18.83347001,18
920,Salmon Arm,2015,2,Single-detached,361879.3103,66845,2.85,28.83410984,37.57179298,86
920,Salmon Arm,2015,2,Townhouses,278875,66845,2.85,22.22042585,27.50382689,21
934,Squamish,2015,2,All housing types,403535.7143,80090,2.85,26.83585309,35.74275125,130
934,Squamish,2015,2,Condos,247500,80090,2.85,16.45919656,24.02183276,37
934,Squamish,2015,2,Single-detached,642686.5672,80090,2.85,42.24039977,52.39203906,44
934,Squamish,2015,2,Townhouses,385736.8421,80090,2.85,25.65219598,35.812071,49
965,Terrace,2015,2,All housing types,277821.0526,75790,2.85,19.52382775,22.28508389,61
965,Terrace,2015,2,Single-detached,281051.9481,75790,2.85,19.75087839,22.91057037,54
933,Vancouver,2015,2,All housing types,541295.6682,69840,2.85,41.11447194,46.34979114,17077
933,Vancouver,2015,2,Condos,370449.2979,69840,2.85,28.25115888,33.52101857,6883
933,Vancouver,2015,2,Single-detached,905637.5229,69840,2.85,67.43747658,73.63157159,6949
933,Vancouver,2015,2,Townhouses,432201.5316,69840,2.85,32.96050014,42.89966917,3245
918,Vernon,2015,2,All housing types,331169.9179,69510,2.85,25.37554123,33.47993893,320
918,Vernon,2015,2,Condos,193922.0779,69510,2.85,14.85907209,17.73657873,41
918,Vernon,2015,2,Single-detached,377663.0435,69510,2.85,28.93802732,38.42228469,217
918,Vernon,2015,2,Townhouses,262142.0455,69510,2.85,20.08635423,28.34301195,62
935,Victoria,2015,2,All housing types,454944.1421,77705,2.85,31.1832111,38.89023417,2105
935,Victoria,2015,2,Condos,289642.8567,77705,2.85,19.85297426,25.16453563,732
935,Victoria,2015,2,Single-detached,553192.0729,77705,2.85,37.72552192,48.24432339,1113
935,Victoria,2015,2,Townhouses,398764.988,77705,2.85,27.33252645,34.92562688,260
950,Williams Lake,2015,2,All housing types,211409.0909,72660,2.85,15.49672718,21.01542762,63
950,Williams Lake,2015,2,Single-detached,218953.9474,72660,2.85,16.04978089,22.05009043,53
932,Abbotsford - Mission,2015,3,All housing types,389672.3164,66220,2.732142857,30.93393762,39.8580484,1027
932,Abbotsford - Mission,2015,3,Condos,158603.125,66220,2.732142857,12.59062799,20.09532322,149
932,Abbotsford - Mission,2015,3,Single-detached,447843.9274,66220,2.732142857,35.55186122,49.93104757,679
932,Abbotsford - Mission,2015,3,Townhouses,280412.2563,66220,2.732142857,22.26038361,32.71122748,199
944,Campbell River,2015,3,All housing types,283425,69542.5,2.732142857,21.42459815,28.83969156,231
944,Campbell River,2015,3,Condos,153313.9535,69542.5,2.732142857,11.58927351,18.33500271,29
944,Campbell River,2015,3,Single-detached,309836.3636,69542.5,2.732142857,23.42107994,31.14048371,174
944,Campbell River,2015,3,Townhouses,195712.766,69542.5,2.732142857,14.7942749,23.04827448,28
930,Chilliwack,2015,3,All housing types,342648.1346,66445,2.732142857,27.10883753,35.74923238,706
930,Chilliwack,2015,3,Condos,141029.1971,66445,2.732142857,11.15761974,17.71905455,73
930,Chilliwack,2015,3,Single-detached,396991.9075,66445,2.732142857,31.40828166,42.84775906,451
930,Chilliwack,2015,3,Townhouses,265573.4247,66445,2.732142857,21.01102004,29.51804433,182
943,Courtenay,2015,3,All housing types,325009.7919,67947.5,2.732142857,25.14477721,33.29529423,468
943,Courtenay,2015,3,Condos,142742.4242,67947.5,2.732142857,11.04344098,18.06257235,35
943,Courtenay,2015,3,Single-detached,360464.1421,67947.5,2.732142857,27.88774606,37.46374731,304
943,Courtenay,2015,3,Townhouses,243849.0099,67947.5,2.732142857,18.86567475,25.7004721,129
905,Cranbrook,2015,3,All housing types,286561.7021,75940,2.732142857,19.83683514,23.32692088,119
905,Cranbrook,2015,3,Single-detached,316788.9447,75940,2.732142857,21.92927395,24.79879355,95
905,Cranbrook,2015,3,Townhouses,199375,75940,2.732142857,13.80145699,18.84060012,21
975,Dawson Creek,2015,3,All housing types,286052.6316,83445,2.732142857,18.02065022,17.42873376,90
975,Dawson Creek,2015,3,Single-detached,278276.3158,83445,2.732142857,17.53076042,17.4035768,81
937,Duncan,2015,3,All housing types,318606.3291,64765,2.732142857,25.86061553,33.65613231,214
937,Duncan,2015,3,Condos,140041.6667,64765,2.732142857,11.36689189,15.67225183,20
937,Duncan,2015,3,Single-detached,347760.0967,64765,2.732142857,28.22696643,37.87860121,153
937,Duncan,2015,3,Townhouses,255512.8205,64765,2.732142857,20.73944617,27.87876391,41
977,Fort St. John,2015,3,All housing types,358913.9176,97217.5,2.732142857,19.40754846,19.8313746,192
977,Fort St. John,2015,3,Condos,254900,97217.5,2.732142857,13.78320499,10.70806892,31
977,Fort St. John,2015,3,Single-detached,420896.5517,97217.5,2.732142857,22.75913477,21.34312718,115
977,Fort St. John,2015,3,Townhouses,339437.0154,97217.5,2.732142857,18.35437413,16.34879797,46
925,Kamloops,2015,3,All housing types,343432.7511,75985,2.732142857,23.7595751,29.18144185,611
925,Kamloops,2015,3,Condos,218602.2059,75985,2.732142857,15.1234718,18.56500138,59
925,Kamloops,2015,3,Single-detached,379636.646,75985,2.732142857,26.26425514,32.08712104,439
925,Kamloops,2015,3,Townhouses,289460.7843,75985,2.732142857,20.02565341,25.397242,113
915,Kelowna,2015,3,All housing types,425249.3766,72632.5,2.732142857,30.77779633,38.09482147,1684
915,Kelowna,2015,3,Condos,242390.1445,72632.5,2.732142857,17.54319915,24.28880262,422
915,Kelowna,2015,3,Single-detached,486501.822,72632.5,2.732142857,35.21099575,44.76537722,982
915,Kelowna,2015,3,Townhouses,342794.6768,72632.5,2.732142857,24.81006517,32.85366574,280
938,Nanaimo,2015,3,All housing types,341533.4808,68535,2.732142857,26.19664627,33.9915153,704
938,Nanaimo,2015,3,Condos,224449.1648,68535,2.732142857,17.21592672,21.40189008,96
938,Nanaimo,2015,3,Single-detached,375119.8817,68535,2.732142857,28.77282434,37.66249954,509
938,Nanaimo,2015,3,Townhouses,269927.7892,68535,2.732142857,20.70427413,27.46191196,99
939,Parksville,2015,3,All housing types,354751.3089,67085,2.732142857,27.79863115,38.92321274,283
939,Parksville,2015,3,Condos,188369.5652,67085,2.732142857,14.7608083,25.29799068,17
939,Parksville,2015,3,Single-detached,370166.2708,67085,2.732142857,29.00656141,41.08315087,214
939,Parksville,2015,3,Townhouses,314358.4906,67085,2.732142857,24.63341363,35.70802608,52
913,Penticton,2015,3,All housing types,354605.2632,62752.5,2.732142857,29.7056441,34.46883108,296
913,Penticton,2015,3,Condos,246972.028,62752.5,2.732142857,20.68909835,24.64960116,74
913,Penticton,2015,3,Single-detached,422455.6213,62752.5,2.732142857,35.38953772,41.62561139,168
913,Penticton,2015,3,Townhouses,276509.8819,62752.5,2.732142857,23.16351446,28.09446494,54
940,Port Alberni,2015,3,All housing types,199819.5122,62187.5,2.732142857,16.8911658,24.91984493,104
940,Port Alberni,2015,3,Single-detached,199870.5584,62187.5,2.732142857,16.89548085,25.47459468,101
945,Powell River,2015,3,All housing types,258820.2247,64510,2.732142857,21.09094294,28.39881449,98
945,Powell River,2015,3,Single-detached,261285.7143,64510,2.732142857,21.29185266,29.06419653,90
970,Prince George,2015,3,All housing types,265000,79890,2.732142857,17.43726154,20.86631918,418
970,Prince George,2015,3,Condos,146778.0488,79890,2.732142857,9.658140469,12.39060086,20
970,Prince George,2015,3,Single-detached,269953.1387,79890,2.732142857,17.76318295,21.62037066,364
970,Prince George,2015,3,Townhouses,219733.871,79890,2.732142857,14.45870557,15.88118112,34
955,Prince Rupert,2015,3,All housing types,242113.0435,70167.5,2.732142857,18.13873569,20.96060583,64
955,Prince Rupert,2015,3,Single-detached,248206.7308,70167.5,2.732142857,18.59526534,21.3614414,58
952,Quesnel,2015,3,All housing types,202724.8322,70102.5,2.732142857,15.20191403,19.12777887,82
952,Quesnel,2015,3,Single-detached,202067.5182,70102.5,2.732142857,15.15262342,19.38116486,73
920,Salmon Arm,2015,3,All housing types,337453.6638,67117.5,2.732142857,26.43036769,34.91041316,107
920,Salmon Arm,2015,3,Single-detached,363857.1429,67117.5,2.732142857,28.49836616,37.57179298,82
920,Salmon Arm,2015,3,Townhouses,268736.8421,67117.5,2.732142857,21.04826324,27.50382689,17
934,Squamish,2015,3,All housing types,429878.5714,80825,2.732142857,27.95921105,35.74275125,150
934,Squamish,2015,3,Condos,271418.75,80825,2.732142857,17.65301789,24.02183276,43
934,Squamish,2015,3,Single-detached,668000,80825,2.732142857,42.87148957,52.39203906,52
934,Squamish,2015,3,Townhouses,407802.8846,80825,2.732142857,26.52341306,35.812071,55
965,Terrace,2015,3,All housing types,294564.8855,76025,2.732142857,20.36804632,22.28508389,70
965,Terrace,2015,3,Single-detached,299538.4615,76025,2.732142857,20.71195027,22.91057037,63
933,Vancouver,2015,3,All housing types,565506.2641,70580,2.732142857,41.86246001,46.34979114,17964
933,Vancouver,2015,3,Condos,379327.4761,70580,2.732142857,28.25253854,33.52101857,6707
933,Vancouver,2015,3,Single-detached,921324.5793,70580,2.732142857,66.96920305,73.63157159,7787
933,Vancouver,2015,3,Townhouses,442234.5495,70580,2.732142857,32.9378952,42.89966917,3470
918,Vernon,2015,3,All housing types,351126.8116,69990,2.732142857,26.37259273,33.47993893,370
918,Vernon,2015,3,Condos,188943.8202,69990,2.732142857,14.19127864,17.73657873,48
918,Vernon,2015,3,Single-detached,398719.4737,69990,2.732142857,29.9472041,38.42228469,258
918,Vernon,2015,3,Townhouses,274269.8413,69990,2.732142857,20.59998434,28.34301195,64
935,Victoria,2015,3,All housing types,469417.9593,78292.5,2.732142857,31.51841495,38.89023417,2223
935,Victoria,2015,3,Condos,287816.5509,78292.5,2.732142857,19.32504136,25.16453563,644
935,Victoria,2015,3,Single-detached,569795.6237,78292.5,2.732142857,38.01148445,48.24432339,1263
935,Victoria,2015,3,Townhouses,397687.6458,78292.5,2.732142857,26.70218297,34.92562688,316
950,Williams Lake,2015,3,All housing types,222163.7931,72805,2.732142857,16.04120187,21.01542762,53
950,Williams Lake,2015,3,Single-detached,228348.0392,72805,2.732142857,16.48773161,22.05009043,49
932,Abbotsford - Mission,2015,4,All housing types,389420.5992,66860,2.7,30.5085006,39.8580484,859
932,Abbotsford - Mission,2015,4,Condos,161458.1871,66860,2.7,12.64916958,20.09532322,193
932,Abbotsford - Mission,2015,4,Single-detached,460129.9915,66860,2.7,36.04810878,49.93104757,493
932,Abbotsford - Mission,2015,4,Townhouses,287952.4194,66860,2.7,22.55914704,32.71122748,173
944,Campbell River,2015,4,All housing types,282823.9609,69840,2.7,21.21193487,28.83969156,178
944,Campbell River,2015,4,Condos,127672.7273,69840,2.7,9.575516753,18.33500271,26
944,Campbell River,2015,4,Single-detached,312003.2895,69840,2.7,23.40039873,31.14048371,130
944,Campbell River,2015,4,Townhouses,215030,69840,2.7,16.12735477,23.04827448,22
930,Chilliwack,2015,4,All housing types,352972.4349,67050,2.7,27.57467003,35.74923238,600
930,Chilliwack,2015,4,Condos,136446,67050,2.7,10.65934066,17.71905455,52
930,Chilliwack,2015,4,Single-detached,409826.506,67050,2.7,32.01618471,42.84775906,379
930,Chilliwack,2015,4,Townhouses,267522.2222,67050,2.7,20.89918723,29.51804433,169
943,Courtenay,2015,4,All housing types,326902.439,68530,2.7,24.98651831,33.29529423,270
943,Courtenay,2015,4,Condos,163363.6364,68530,2.7,12.48656481,18.06257235,20
943,Courtenay,2015,4,Single-detached,360533.8732,68530,2.7,27.55710924,37.46374731,185
943,Courtenay,2015,4,Townhouses,246023.1959,68530,2.7,18.80458007,25.7004721,65
905,Cranbrook,2015,4,All housing types,282020.7254,76170,2.7,19.39391042,23.32692088,74
905,Cranbrook,2015,4,Single-detached,312937.5,76170,2.7,21.51998522,24.79879355,57
905,Cranbrook,2015,4,Townhouses,215468.75,76170,2.7,14.81728561,18.84060012,11
975,Dawson Creek,2015,4,All housing types,270698.2759,82990,2.7,17.08551368,17.42873376,55
975,Dawson Creek,2015,4,Single-detached,260744.186,82990,2.7,16.45724689,17.4035768,48
937,Duncan,2015,4,All housing types,324081.7942,65180,2.7,26.04405441,33.65613231,165
937,Duncan,2015,4,Condos,121571.4286,65180,2.7,9.76979564,15.67225183,22
937,Duncan,2015,4,Single-detached,354262.5,65180,2.7,28.46945428,37.87860121,107
937,Duncan,2015,4,Townhouses,266519.4805,65180,2.7,21.41819743,27.87876391,36
977,Fort St. John,2015,4,All housing types,345896.8565,96850,2.7,18.70748069,19.8313746,153
977,Fort St. John,2015,4,Condos,269294.4533,96850,2.7,14.5645174,10.70806892,44
977,Fort St. John,2015,4,Single-detached,417427.7457,96850,2.7,22.57615629,21.34312718,58
977,Fort St. John,2015,4,Townhouses,334392.8763,96850,2.7,18.08529959,16.34879797,51
925,Kamloops,2015,4,All housing types,345476.308,76400,2.7,23.6860819,29.18144185,402
925,Kamloops,2015,4,Condos,218543.4783,76400,2.7,14.98348398,18.56500138,33
925,Kamloops,2015,4,Single-detached,379502.7285,76400,2.7,26.01895558,32.08712104,294
925,Kamloops,2015,4,Townhouses,289388.2979,76400,2.7,19.8406512,25.397242,75
915,Kelowna,2015,4,All housing types,430000,73070,2.7,30.8246152,38.09482147,1035
915,Kelowna,2015,4,Condos,250628.763,73070,2.7,17.96636088,24.28880262,249
915,Kelowna,2015,4,Single-detached,498439.288,73070,2.7,35.73069593,44.76537722,591
915,Kelowna,2015,4,Townhouses,363231.0526,73070,2.7,26.03827308,32.85366574,195
938,Nanaimo,2015,4,All housing types,338692.5466,68970,2.7,25.72253276,33.9915153,584
938,Nanaimo,2015,4,Condos,228108.6124,68970,2.7,17.32406371,21.40189008,113
938,Nanaimo,2015,4,Single-detached,371961.8515,68970,2.7,28.24922192,37.66249954,400
938,Nanaimo,2015,4,Townhouses,266306.7118,68970,2.7,20.22507784,27.46191196,71
939,Parksville,2015,4,All housing types,369152.8926,67600,2.7,28.60407416,38.92321274,201
939,Parksville,2015,4,Condos,181666.6667,67600,2.7,14.07657074,25.29799068,13
939,Parksville,2015,4,Single-detached,382027.7778,67600,2.7,29.60169379,41.08315087,146
939,Parksville,2015,4,Townhouses,342744.4255,67600,2.7,26.55779533,35.70802608,42
913,Penticton,2015,4,All housing types,352796.0784,63050,2.7,29.30940308,34.46883108,214
913,Penticton,2015,4,Condos,237000,63050,2.7,19.68935868,24.64960116,46
913,Penticton,2015,4,Single-detached,420716.7832,63050,2.7,34.9520829,41.62561139,118
913,Penticton,2015,4,Townhouses,271593.1731,63050,2.7,22.56327173,28.09446494,50
940,Port Alberni,2015,4,All housing types,203893.5644,62630,2.7,17.05255354,24.91984493,98
940,Port Alberni,2015,4,Single-detached,202404.7619,62630,2.7,16.92803817,25.47459468,88
945,Powell River,2015,4,All housing types,257923.9766,64930,2.7,20.80724729,28.39881449,73
945,Powell River,2015,4,Single-detached,263529.4118,64930,2.7,21.25944904,29.06419653,63
970,Prince George,2015,4,All housing types,266984.127,80140,2.7,17.45036115,20.86631918,275
970,Prince George,2015,4,Single-detached,272001.6474,80140,2.7,17.77831152,21.62037066,243
970,Prince George,2015,4,Townhouses,208215.5172,80140,2.7,13.60918349,15.88118112,24
955,Prince Rupert,2015,4,All housing types,269628.4404,71140,2.7,19.85272626,20.96060583,45
955,Prince Rupert,2015,4,Single-detached,275230.3922,71140,2.7,20.26519764,21.3614414,44
952,Quesnel,2015,4,All housing types,199804.6875,70030,2.7,14.94479155,19.12777887,46
952,Quesnel,2015,4,Single-detached,204080.4348,70030,2.7,15.26460463,19.38116486,42
920,Salmon Arm,2015,4,All housing types,351599.7268,67390,2.7,27.32885196,34.91041316,76
920,Salmon Arm,2015,4,Single-detached,371882.9787,67390,2.7,28.90541174,37.57179298,59
934,Squamish,2015,4,All housing types,452884.3929,81560,2.7,29.08562851,35.74275125,130
934,Squamish,2015,4,Condos,293545.4545,81560,2.7,18.85239186,24.02183276,34
934,Squamish,2015,4,Single-detached,719537.6344,81560,2.7,45.468847,52.39203906,41
934,Squamish,2015,4,Townhouses,429450,81560,2.7,27.58059973,35.812071,55
965,Terrace,2015,4,All housing types,311528.9256,76260,2.7,21.39783784,22.28508389,51
965,Terrace,2015,4,Single-detached,315000,76260,2.7,21.63625386,22.91057037,46
933,Vancouver,2015,4,All housing types,573667.4086,71320,2.7,41.84773323,46.34979114,14787
933,Vancouver,2015,4,Condos,385000,71320,2.7,28.27598291,33.52101857,6736
933,Vancouver,2015,4,Single-detached,961538.7804,71320,2.7,68.83529264,73.63157159,5480
933,Vancouver,2015,4,Townhouses,454512.2649,71320,2.7,33.38124944,42.89966917,2571
918,Vernon,2015,4,All housing types,354110.1142,70470,2.7,26.32099941,33.47993893,243
918,Vernon,2015,4,Condos,173690.7216,70470,2.7,12.9104287,17.73657873,49
918,Vernon,2015,4,Single-detached,418121.6381,70470,2.7,31.07897501,38.42228469,151
918,Vernon,2015,4,Townhouses,287757.0093,70470,2.7,21.38897413,28.34301195,43
935,Victoria,2015,4,All housing types,476969.179,78880,2.7,31.67318446,38.89023417,1543
935,Victoria,2015,4,Condos,287137.7778,78880,2.7,19.0674119,25.16453563,481
935,Victoria,2015,4,Single-detached,583913.0592,78880,2.7,38.4815266,48.24432339,816
935,Victoria,2015,4,Townhouses,403933.48754448403,78880,2.7,26.82324231,34.92562688,246
950,Williams Lake,2015,4,All housing types,230600,72950,2.7,16.55778817,21.01542762,42
950,Williams Lake,2015,4,Single-detached,235907.2289,72950,2.7,16.93886351,22.05009043,34
932,Abbotsford - Mission,2016,1,All housing types,399643.7084,67252.5,2.7,31.12668442,39.8580484,945
932,Abbotsford - Mission,2016,1,Condos,161570.7521,67252.5,2.7,12.58411356,20.09532322,166
932,Abbotsford - Mission,2016,1,Single-detached,486445.8829,67252.5,2.7,37.88736609,49.93104757,600
932,Abbotsford - Mission,2016,1,Townhouses,297557.6705,67252.5,2.7,23.17560244,32.71122748,179
944,Campbell River,2016,1,All housing types,279050.1475,69945,2.7,20.897479,28.83969156,161
944,Campbell River,2016,1,Condos,131019.6078,69945,2.7,9.811783034,18.33500271,25
944,Campbell River,2016,1,Single-detached,312842.1053,69945,2.7,23.42808768,31.14048371,117
944,Campbell River,2016,1,Townhouses,226719.5122,69945,2.7,16.97854771,23.04827448,19
930,Chilliwack,2016,1,All housing types,355088.3562,67535,2.7,27.54075506,35.74923238,568
930,Chilliwack,2016,1,Condos,129851.2931,67535,2.7,10.07130365,17.71905455,64
930,Chilliwack,2016,1,Single-detached,419112.6137,67535,2.7,32.50649489,42.84775906,338
930,Chilliwack,2016,1,Townhouses,274202.9851,67535,2.7,21.26726241,29.51804433,166
943,Courtenay,2016,1,All housing types,322732.7935,68807.5,2.7,24.56832983,33.29529423,224
943,Courtenay,2016,1,Condos,190833.3333,68807.5,2.7,14.52736248,18.06257235,28
943,Courtenay,2016,1,Single-detached,364679.5666,68807.5,2.7,27.76156639,37.46374731,138
943,Courtenay,2016,1,Townhouses,258984.5528,68807.5,2.7,19.71543655,25.7004721,58
905,Cranbrook,2016,1,All housing types,252944.4444,76075,2.7,17.41612366,23.32692088,52
905,Cranbrook,2016,1,Condos,129731.25,76075,2.7,8.932457471,10.88601116,10
905,Cranbrook,2016,1,Single-detached,271590.3226,76075,2.7,18.69995861,24.79879355,36
975,Dawson Creek,2016,1,All housing types,299991.7582,81720,2.7,19.22867154,17.42873376,36
975,Dawson Creek,2016,1,Single-detached,295148.1481,81720,2.7,18.91820905,17.4035768,33
937,Duncan,2016,1,All housing types,319578.1759,65450,2.7,25.57618579,33.65613231,142
937,Duncan,2016,1,Condos,129650,65450,2.7,10.37602921,15.67225183,18
937,Duncan,2016,1,Single-detached,363731.9192,65450,2.7,29.10985745,37.87860121,91
937,Duncan,2016,1,Townhouses,255217.3913,65450,2.7,20.42532285,27.87876391,33
977,Fort St. John,2016,1,All housing types,335349.539,95322.5,2.7,18.42767759,19.8313746,78
977,Fort St. John,2016,1,Single-detached,401011.9048,95322.5,2.7,22.03586774,21.34312718,26
977,Fort St. John,2016,1,Townhouses,326603.3636,95322.5,2.7,17.9470695,16.34879797,48
925,Kamloops,2016,1,All housing types,345436.7089,76550,2.7,23.63695932,29.18144185,309
925,Kamloops,2016,1,Condos,220292.3077,76550,2.7,15.07378973,18.56500138,32
925,Kamloops,2016,1,Single-detached,379553.8922,76550,2.7,25.97147228,32.08712104,207
925,Kamloops,2016,1,Townhouses,296120.6897,76550,2.7,20.2624461,25.397242,70
915,Kelowna,2016,1,All housing types,425072,73292.5,2.7,30.37884641,38.09482147,840
915,Kelowna,2016,1,Condos,247562.6437,73292.5,2.7,17.69269096,24.28880262,273
915,Kelowna,2016,1,Single-detached,504184.8529,73292.5,2.7,36.01710559,44.76537722,429
915,Kelowna,2016,1,Townhouses,379912.1622,73292.5,2.7,27.15138429,32.85366574,138
938,Nanaimo,2016,1,All housing types,337367.1875,69190,2.7,25.54040769,33.9915153,440
938,Nanaimo,2016,1,Condos,226783.5979,69190,2.7,17.16866892,21.40189008,76
938,Nanaimo,2016,1,Single-detached,369864.4793,69190,2.7,28.00061756,37.66249954,301
938,Nanaimo,2016,1,Townhouses,248164.1791,69190,2.7,18.7872874,27.46191196,63
907,Nelson,2016,1,All housing types,338029.1262,67190,2.7,26.35225578,41.74276472,33
907,Nelson,2016,1,Single-detached,354618.75,67190,2.7,27.64555856,43.98100233,26
939,Parksville,2016,1,All housing types,374063.4921,67760,2.7,28.91613489,38.92321274,177
939,Parksville,2016,1,Condos,199500,67760,2.7,15.42189771,25.29799068,13
939,Parksville,2016,1,Single-detached,388721.6117,67760,2.7,30.04924779,41.08315087,127
939,Parksville,2016,1,Townhouses,348088.3038,67760,2.7,26.90818153,35.70802608,37
913,Penticton,2016,1,All housing types,329438.3202,63462.5,2.7,27.19100464,34.46883108,167
913,Penticton,2016,1,Condos,210500,63462.5,2.7,17.3741369,24.64960116,42
913,Penticton,2016,1,Single-detached,401147.619,63462.5,2.7,33.10970855,41.62561139,92
913,Penticton,2016,1,Townhouses,262910.241,63462.5,2.7,21.69994546,28.09446494,33
940,Port Alberni,2016,1,All housing types,203775.1479,62705,2.7,17.02226551,24.91984493,71
940,Port Alberni,2016,1,Single-detached,205229.7297,62705,2.7,17.14377335,25.47459468,60
945,Powell River,2016,1,All housing types,241805.597,64832.5,2.7,19.53628112,28.39881449,61
945,Powell River,2016,1,Single-detached,250538.4615,64832.5,2.7,20.24183838,29.06419653,54
970,Prince George,2016,1,All housing types,267938.8889,80155,2.7,17.50948809,20.86631918,175
970,Prince George,2016,1,Single-detached,275656.8123,80155,2.7,18.01384522,21.62037066,146
970,Prince George,2016,1,Townhouses,197125,80155,2.7,12.88188457,15.88118112,24
955,Prince Rupert,2016,1,All housing types,308134.6154,71467.5,2.7,22.58396615,20.96060583,33
955,Prince Rupert,2016,1,Single-detached,308131.5789,71467.5,2.7,22.5837436,21.3614414,32
952,Quesnel,2016,1,All housing types,184934.2105,69822.5,2.7,13.87363225,19.12777887,30
952,Quesnel,2016,1,Single-detached,193200,69822.5,2.7,14.49372587,19.38116486,28
920,Salmon Arm,2016,1,All housing types,351491.0714,67622.5,2.7,27.22647333,34.91041316,36
920,Salmon Arm,2016,1,Single-detached,377445.122,67622.5,2.7,29.23687224,37.57179298,23
934,Squamish,2016,1,All housing types,464196.5882,82322.5,2.7,29.53600201,35.74275125,125
934,Squamish,2016,1,Condos,283836.1111,82322.5,2.7,18.05998614,24.02183276,38
934,Squamish,2016,1,Single-detached,758168.8312,82322.5,2.7,47.37636253,52.39203906,36
934,Squamish,2016,1,Townhouses,453537.7358,82322.5,2.7,28.85779822,35.812071,51
965,Terrace,2016,1,All housing types,307160,76337.5,2.7,21.0763325,22.28508389,24
965,Terrace,2016,1,Single-detached,307575.7576,76337.5,2.7,21.10486045,22.91057037,20
933,Vancouver,2016,1,All housing types,584099.6154,71860,2.7,42.2536679,46.34979114,13816
933,Vancouver,2016,1,Condos,384025.167,71860,2.7,27.99244215,33.52101857,5836
933,Vancouver,2016,1,Single-detached,1091895.637,71860,2.7,76.61481325,73.63157159,5453
933,Vancouver,2016,1,Townhouses,465445.5849,71860,2.7,33.92735614,42.89966917,2527
918,Vernon,2016,1,All housing types,354894.382,70612.5,2.7,26.32605912,33.47993893,202
918,Vernon,2016,1,Condos,172938.2716,70612.5,2.7,12.828558,17.73657873,32
918,Vernon,2016,1,Single-detached,416556.338,70612.5,2.7,30.90014195,38.42228469,133
918,Vernon,2016,1,Townhouses,299525,70612.5,2.7,22.21875932,28.34301195,37
935,Victoria,2016,1,All housing types,465016.2285,79250,2.7,30.7352786,38.89023417,1538
935,Victoria,2016,1,Condos,288233.3448,79250,2.7,19.05080213,25.16453563,563
935,Victoria,2016,1,Single-detached,592557.4713,79250,2.7,38.843147,48.24432339,750
935,Victoria,2016,1,Townhouses,414554.2166,79250,2.7,27.39998856,34.92562688,225
950,Williams Lake,2016,1,All housing types,224000,73005,2.7,16.07177073,21.01542762,28
950,Williams Lake,2016,1,Single-detached,232918.9655,73005,2.7,16.71169738,22.05009043,24
932,Abbotsford - Mission,2016,2,All housing types,458925.8967,67645,2.7,35.53654319,39.8580484,1592
932,Abbotsford - Mission,2016,2,Condos,167108.9431,67645,2.7,12.93994132,20.09532322,326
932,Abbotsford - Mission,2016,2,Single-detached,544341.6771,67645,2.7,41.96992902,49.93104757,998
932,Abbotsford - Mission,2016,2,Townhouses,311190.1566,67645,2.7,24.09674964,32.71122748,268
944,Campbell River,2016,2,All housing types,287770.8904,70050,2.7,21.51825434,28.83969156,277
944,Campbell River,2016,2,Condos,153918.0328,70050,2.7,11.50932039,18.33500271,36
944,Campbell River,2016,2,Single-detached,323123.494,70050,2.7,24.16176812,31.14048371,215
944,Campbell River,2016,2,Townhouses,216444.4444,70050,2.7,16.18477324,23.04827448,26
930,Chilliwack,2016,2,All housing types,371356.2172,68020,2.7,28.59712588,35.74923238,1145
930,Chilliwack,2016,2,Condos,142168.5083,68020,2.7,10.94800771,17.71905455,117
930,Chilliwack,2016,2,Single-detached,447682.1815,68020,2.7,34.47477949,42.84775906,709
930,Chilliwack,2016,2,Townhouses,292917.732,68020,2.7,22.55679282,29.51804433,319
943,Courtenay,2016,2,All housing types,333716.69,69085,2.7,25.3024445,33.29529423,489
943,Courtenay,2016,2,Condos,198495.5789,69085,2.7,15.0499616,18.06257235,48
943,Courtenay,2016,2,Single-detached,378946.0888,69085,2.7,28.73174362,37.46374731,335
943,Courtenay,2016,2,Townhouses,263159.1463,69085,2.7,19.95276201,25.7004721,106
905,Cranbrook,2016,2,All housing types,262661.6022,75980,2.7,18.10779693,23.32692088,129
905,Cranbrook,2016,2,Condos,118179.1667,75980,2.7,8.147229488,10.88601116,14
905,Cranbrook,2016,2,Single-detached,275900.3597,75980,2.7,19.02047213,24.79879355,103
905,Cranbrook,2016,2,Townhouses,231782.6667,75980,2.7,15.97901415,18.84060012,12
975,Dawson Creek,2016,2,All housing types,312675.6757,80450,2.7,20.35805878,17.42873376,38
975,Dawson Creek,2016,2,Single-detached,310549.2958,80450,2.7,20.21961192,17.4035768,38
937,Duncan,2016,2,All housing types,332921.2329,65720,2.7,26.53458227,33.65613231,296
937,Duncan,2016,2,Condos,155232.5581,65720,2.7,12.37238926,15.67225183,25
937,Duncan,2016,2,Single-detached,370670.4902,65720,2.7,29.54328425,37.87860121,215
937,Duncan,2016,2,Townhouses,253978.7865,65720,2.7,20.24268908,27.87876391,56
977,Fort St. John,2016,2,All housing types,355559.5855,93795,2.7,19.85642314,19.8313746,115
977,Fort St. John,2016,2,Single-detached,389139.2405,93795,2.7,21.73169768,21.34312718,53
977,Fort St. John,2016,2,Townhouses,343771.9429,93795,2.7,19.19813567,16.34879797,57
925,Kamloops,2016,2,All housing types,346748.998,76700,2.7,23.68035269,29.18144185,689
925,Kamloops,2016,2,Condos,223293.4667,76700,2.7,15.24926697,18.56500138,118
925,Kamloops,2016,2,Single-detached,386031.4417,76700,2.7,26.3630486,32.08712104,445
925,Kamloops,2016,2,Townhouses,298660.7143,76700,2.7,20.39628402,25.397242,126
915,Kelowna,2016,2,All housing types,443965.355,73515,2.7,31.63307675,38.09482147,1885
915,Kelowna,2016,2,Condos,264071.3115,73515,2.7,18.81540523,24.28880262,459
915,Kelowna,2016,2,Single-detached,527943.8936,73515,2.7,37.51185935,44.76537722,1094
915,Kelowna,2016,2,Townhouses,375123.4043,73515,2.7,26.72800322,32.85366574,332
938,Nanaimo,2016,2,All housing types,354356.1912,69410,2.7,26.74153274,33.9915153,941
938,Nanaimo,2016,2,Condos,222019.0909,69410,2.7,16.7546975,21.40189008,144
938,Nanaimo,2016,2,Single-detached,392062.2363,69410,2.7,29.58702399,37.66249954,647
938,Nanaimo,2016,2,Townhouses,277084.507,69410,2.7,20.91021577,27.46191196,150
907,Nelson,2016,2,All housing types,334587.5,67190,2.7,26.08395164,41.74276472,87
907,Nelson,2016,2,Single-detached,360671.875,67190,2.7,28.11745132,43.98100233,70
907,Nelson,2016,2,Townhouses,277142.8571,67190,2.7,21.60565139,35.55310394,10
939,Parksville,2016,2,All housing types,391268.9796,67920,2.7,30.17491504,38.92321274,313
939,Parksville,2016,2,Condos,205611.1111,67920,2.7,15.85686096,25.29799068,23
939,Parksville,2016,2,Single-detached,420505.4348,67920,2.7,32.42964924,41.08315087,241
939,Parksville,2016,2,Townhouses,333546.5116,67920,2.7,25.72332123,35.70802608,49
913,Penticton,2016,2,All housing types,343662.2391,63875,2.7,28.18183175,34.46883108,360
913,Penticton,2016,2,Condos,253739.1304,63875,2.7,20.80773698,24.64960116,73
913,Penticton,2016,2,Single-detached,413957.7465,63875,2.7,33.94637593,41.62561139,192
913,Penticton,2016,2,Townhouses,274843.6328,63875,2.7,22.53840002,28.09446494,95
940,Port Alberni,2016,2,All housing types,211758.6957,62780,2.7,17.66803526,24.91984493,159
940,Port Alberni,2016,2,Single-detached,214397.1292,62780,2.7,17.88817232,25.47459468,149
945,Powell River,2016,2,All housing types,253721.9136,64735,2.7,20.52991453,28.39881449,101
945,Powell River,2016,2,Single-detached,261936.1702,64735,2.7,21.1945713,29.06419653,87
970,Prince George,2016,2,All housing types,275530.0501,80170,2.7,18.00219257,20.86631918,424
970,Prince George,2016,2,Condos,140214.2857,80170,2.7,9.161122613,12.39060086,16
970,Prince George,2016,2,Single-detached,285175.3876,80170,2.7,18.63238599,21.62037066,370
970,Prince George,2016,2,Townhouses,205661.2903,80170,2.7,13.4372064,15.88118112,38
955,Prince Rupert,2016,2,All housing types,275433.3333,71795,2.7,20.09512045,20.96060583,57
955,Prince Rupert,2016,2,Single-detached,275494.2529,71795,2.7,20.09956503,21.3614414,55
952,Quesnel,2016,2,All housing types,213360.8247,69615,2.7,16.05388581,19.12777887,67
952,Quesnel,2016,2,Single-detached,213881.7204,69615,2.7,16.09307951,19.38116486,65
920,Salmon Arm,2016,2,All housing types,328122.2826,67855,2.7,25.3292415,34.91041316,125
920,Salmon Arm,2016,2,Condos,216133.3333,67855,2.7,16.68430852,18.83347001,14
920,Salmon Arm,2016,2,Single-detached,361272.7273,67855,2.7,27.8882741,37.57179298,87
920,Salmon Arm,2016,2,Townhouses,246500,67855,2.7,19.02844872,27.50382689,24
934,Squamish,2016,2,All housing types,483177.3649,83085,2.7,30.46156923,35.74275125,171
934,Squamish,2016,2,Condos,312492.3077,83085,2.7,19.70085264,24.02183276,66
934,Squamish,2016,2,Single-detached,785024.1098,83085,2.7,48.54553582,52.39203906,46
934,Squamish,2016,2,Townhouses,496359.0909,83085,2.7,31.29260166,35.812071,59
965,Terrace,2016,2,All housing types,303700,76415,2.7,20.81778361,22.28508389,66
965,Terrace,2016,2,Single-detached,306189.1892,76415,2.7,20.98841055,22.91057037,54
933,Vancouver,2016,2,All housing types,648225.6045,72400,2.7,46.3337576,46.34979114,19725
933,Vancouver,2016,2,Condos,398652.1059,72400,2.7,28.84189636,33.52101857,8101
933,Vancouver,2016,2,Single-detached,1211784.203,72400,2.7,83.34759766,73.63157159,8018
933,Vancouver,2016,2,Townhouses,493106.6362,72400,2.7,35.67554338,42.89966917,3606
918,Vernon,2016,2,All housing types,383173.5791,70755,2.7,28.36656415,33.47993893,449
918,Vernon,2016,2,Condos,168011.236,70755,2.7,12.43797005,17.73657873,57
918,Vernon,2016,2,Single-detached,427296.7177,70755,2.7,31.6330259,38.42228469,324
918,Vernon,2016,2,Townhouses,313703.3333,70755,2.7,23.22364123,28.34301195,68
935,Victoria,2016,2,All housing types,493712.8028,79620,2.7,32.48033737,38.89023417,2797
935,Victoria,2016,2,Condos,300511.486,79620,2.7,19.77002499,25.16453563,869
935,Victoria,2016,2,Single-detached,623613.1705,79620,2.7,40.59819879,48.24432339,1543
935,Victoria,2016,2,Townhouses,427941.8607,79620,2.7,28.15340403,34.92562688,385
950,Williams Lake,2016,2,All housing types,226728.3951,73060,2.7,16.25528399,21.01542762,53
950,Williams Lake,2016,2,Single-detached,237608.6957,73060,2.7,17.03534675,22.05009043,45
932,Abbotsford - Mission,2016,3,All housing types,502392.2078,68037.5,2.7,38.66820477,39.8580484,1488
932,Abbotsford - Mission,2016,3,Condos,181630.4132,68037.5,2.7,13.98326342,20.09532322,279
932,Abbotsford - Mission,2016,3,Single-detached,592381.3118,68037.5,2.7,45.23160367,49.93104757,923
932,Abbotsford - Mission,2016,3,Townhouses,344986.2816,68037.5,2.7,26.55961613,32.71122748,286
944,Campbell River,2016,3,All housing types,305464.2971,70155,2.7,22.80710403,28.83969156,349
944,Campbell River,2016,3,Condos,155671.2329,70155,2.7,11.62299501,18.33500271,37
944,Campbell River,2016,3,Single-detached,331378.9474,70155,2.7,24.74198849,31.14048371,260
944,Campbell River,2016,3,Townhouses,226416.6667,70155,2.7,16.90511303,23.04827448,52
930,Chilliwack,2016,3,All housing types,391486.1702,68505,2.7,29.93384251,35.74923238,1205
930,Chilliwack,2016,3,Condos,170220.4082,68505,2.7,13.01540457,17.71905455,177
930,Chilliwack,2016,3,Single-detached,478353.0891,68505,2.7,36.57586685,42.84775906,683
930,Chilliwack,2016,3,Townhouses,315019.7289,68505,2.7,24.08706021,29.51804433,345
943,Courtenay,2016,3,All housing types,354091.4913,69362.5,2.7,26.73985627,33.29529423,604
943,Courtenay,2016,3,Condos,216108.3091,69362.5,2.7,16.31980792,18.06257235,62
943,Courtenay,2016,3,Single-detached,404303.8822,69362.5,2.7,30.53173535,37.46374731,412
943,Courtenay,2016,3,Townhouses,259970.339,69362.5,2.7,19.63212805,25.7004721,130
905,Cranbrook,2016,3,All housing types,271609.3156,75885,2.7,18.74809037,23.32692088,134
905,Cranbrook,2016,3,Single-detached,286404.4811,75885,2.7,19.76934069,24.79879355,109
905,Cranbrook,2016,3,Townhouses,221239.6,75885,2.7,15.27127302,18.84060012,18
975,Dawson Creek,2016,3,All housing types,256627.907,79180,2.7,16.97683392,17.42873376,48
975,Dawson Creek,2016,3,Single-detached,256867.4699,79180,2.7,16.99268184,17.4035768,45
937,Duncan,2016,3,All housing types,352346.4567,65990,2.7,27.96791529,33.65613231,339
937,Duncan,2016,3,Condos,267580.6923,65990,2.7,21.23953283,15.67225183,53
937,Duncan,2016,3,Single-detached,376130.713,65990,2.7,29.85581867,37.87860121,231
937,Duncan,2016,3,Townhouses,270235.2432,65990,2.7,21.45024094,27.87876391,55
977,Fort St. John,2016,3,All housing types,364873.5879,92267.5,2.7,20.71390544,19.8313746,84
977,Fort St. John,2016,3,Single-detached,391076.2712,92267.5,2.7,22.20143405,21.34312718,65
977,Fort St. John,2016,3,Townhouses,352157.8904,92267.5,2.7,19.99203418,16.34879797,16
925,Kamloops,2016,3,All housing types,357935.7485,76850,2.7,24.39661198,29.18144185,774
925,Kamloops,2016,3,Condos,228928.3254,76850,2.7,15.60357005,18.56500138,91
925,Kamloops,2016,3,Single-detached,403593.3673,76850,2.7,27.50859846,32.08712104,535
925,Kamloops,2016,3,Townhouses,308102.1898,76850,2.7,20.9999968,25.397242,148
915,Kelowna,2016,3,All housing types,468063.4779,73737.5,2.7,33.24946499,38.09482147,2236
915,Kelowna,2016,3,Condos,276800.6506,73737.5,2.7,19.66287475,24.28880262,617
915,Kelowna,2016,3,Single-detached,557197.5599,73737.5,2.7,39.36736685,44.76537722,1242
915,Kelowna,2016,3,Townhouses,385944.2877,73737.5,2.7,27.41602729,32.85366574,377
938,Nanaimo,2016,3,All housing types,363379.6713,69630,2.7,27.33584782,33.9915153,930
938,Nanaimo,2016,3,Condos,227270.5882,69630,2.7,17.0968128,21.40189008,162
938,Nanaimo,2016,3,Single-detached,409961.2102,69630,2.7,30.84002254,37.66249954,642
938,Nanaimo,2016,3,Townhouses,282500.1087,69630,2.7,21.2515465,27.46191196,126
907,Nelson,2016,3,All housing types,352214.2857,67190,2.7,27.45811005,41.74276472,116
907,Nelson,2016,3,Condos,272437.0588,67190,2.7,21.23879424,33.4499936,10
907,Nelson,2016,3,Single-detached,393141.4474,67190,2.7,30.64873165,43.98100233,82
907,Nelson,2016,3,Townhouses,304588.2353,67190,2.7,23.74525288,35.55310394,24
939,Parksville,2016,3,All housing types,413800.9174,68080,2.7,31.83759234,38.92321274,341
939,Parksville,2016,3,Condos,244646,68080,2.7,18.82291529,25.29799068,27
939,Parksville,2016,3,Single-detached,447874.1483,68080,2.7,34.45916612,41.08315087,258
939,Parksville,2016,3,Townhouses,328000,68080,2.7,25.23612164,35.70802608,56
913,Penticton,2016,3,All housing types,364130.2521,64287.5,2.7,29.66870156,34.46883108,354
913,Penticton,2016,3,Condos,267141.6058,64287.5,2.7,21.76623483,24.64960116,64
913,Penticton,2016,3,Single-detached,437488.7218,64287.5,2.7,35.64582247,41.62561139,207
913,Penticton,2016,3,Townhouses,273943.736,64287.5,2.7,22.3204606,28.09446494,83
940,Port Alberni,2016,3,All housing types,219741.0714,62855,2.7,18.31216625,24.91984493,177
940,Port Alberni,2016,3,Single-detached,220729.9035,62855,2.7,18.39457077,25.47459468,162
940,Port Alberni,2016,3,Townhouses,128150,62855,2.7,10.67940595,17.79705682,11
945,Powell River,2016,3,All housing types,263825.3275,64637.5,2.7,21.37963323,28.39881449,128
945,Powell River,2016,3,Single-detached,270628.1407,64637.5,2.7,21.93091333,29.06419653,112
945,Powell River,2016,3,Townhouses,261116.6667,64637.5,2.7,21.16013128,24.20168568,12
970,Prince George,2016,3,All housing types,278065.7734,80185,2.7,18.16446946,20.86631918,397
970,Prince George,2016,3,Condos,112400,80185,2.7,7.342458376,12.39060086,14
970,Prince George,2016,3,Single-detached,286818.8202,80185,2.7,18.73625666,21.62037066,342
970,Prince George,2016,3,Townhouses,232570.4304,80185,2.7,15.19251516,15.88118112,41
955,Prince Rupert,2016,3,All housing types,266000,72122.5,2.7,19.318757,20.96060583,57
955,Prince Rupert,2016,3,Single-detached,266000,72122.5,2.7,19.318757,21.3614414,55
952,Quesnel,2016,3,All housing types,231558.1395,69407.5,2.7,17.47519237,19.12777887,62
952,Quesnel,2016,3,Single-detached,231598.3607,69407.5,2.7,17.47822777,19.38116486,57
920,Salmon Arm,2016,3,All housing types,350565.9981,68087.5,2.7,26.96936483,34.91041316,143
920,Salmon Arm,2016,3,Condos,183932,68087.5,2.7,14.15005801,18.83347001,11
920,Salmon Arm,2016,3,Single-detached,377484.4221,68087.5,2.7,29.04022395,37.57179298,112
920,Salmon Arm,2016,3,Townhouses,244909.0909,68087.5,2.7,18.84108173,27.50382689,20
934,Squamish,2016,3,All housing types,510185.7143,83847.5,2.7,31.83830256,35.74275125,144
934,Squamish,2016,3,Condos,347783.5052,83847.5,2.7,21.72637031,24.02183276,31
934,Squamish,2016,3,Single-detached,829444.1889,83847.5,2.7,50.73298232,52.39203906,44
934,Squamish,2016,3,Townhouses,502144.5313,83847.5,2.7,31.36240108,35.812071,69
965,Terrace,2016,3,All housing types,303596.1538,76492.5,2.7,20.78958048,22.28508389,51
965,Terrace,2016,3,Single-detached,307568.1818,76492.5,2.7,21.061576,22.91057037,45
933,Vancouver,2016,3,All housing types,667836.5028,72940,2.7,47.32492669,46.34979114,18031
933,Vancouver,2016,3,Condos,414302.4894,72940,2.7,29.7522695,33.52101857,7601
933,Vancouver,2016,3,Single-detached,1225450.714,72940,2.7,83.55701565,73.63157159,6692
933,Vancouver,2016,3,Townhouses,518601.8791,72940,2.7,37.17200456,42.89966917,3738
918,Vernon,2016,3,All housing types,395072.8863,70897.5,2.7,29.18869103,33.47993893,580
918,Vernon,2016,3,Condos,179465.9091,70897.5,2.7,13.25926216,17.73657873,75
918,Vernon,2016,3,Single-detached,446123.7705,70897.5,2.7,32.96042161,38.42228469,408
918,Vernon,2016,3,Townhouses,314923.3333,70897.5,2.7,23.26709879,28.34301195,97
935,Victoria,2016,3,All housing types,520076.571,79990,2.7,33.98729775,38.89023417,2884
935,Victoria,2016,3,Condos,313286.3558,79990,2.7,20.5151218,25.16453563,924
935,Victoria,2016,3,Single-detached,655150.5302,79990,2.7,42.36689514,48.24432339,1569
935,Victoria,2016,3,Townhouses,433655.9729,79990,2.7,28.39735896,34.92562688,391
950,Williams Lake,2016,3,All housing types,226220.5882,73115,2.7,16.20667632,21.01542762,83
950,Williams Lake,2016,3,Single-detached,248333.3333,73115,2.7,17.79085619,22.05009043,63
950,Williams Lake,2016,3,Townhouses,86500,73115,2.7,6.196949237,15.65666588,20
932,Abbotsford - Mission,2016,4,All housing types,491518.6908,68430,2.7,37.62372685,39.8580484,941
932,Abbotsford - Mission,2016,4,Condos,195607.2041,68430,2.7,14.97292403,20.09532322,304
932,Abbotsford - Mission,2016,4,Single-detached,612110.4182,68430,2.7,46.40286317,49.93104757,440
932,Abbotsford - Mission,2016,4,Townhouses,371051.1387,68430,2.7,28.40243301,32.71122748,197
944,Campbell River,2016,4,All housing types,316891.196,70260,2.7,23.62491984,28.83969156,253
944,Campbell River,2016,4,Condos,151008.0645,70260,2.7,11.25797581,18.33500271,25
944,Campbell River,2016,4,Single-detached,341331.3747,70260,2.7,25.4469877,31.14048371,191
944,Campbell River,2016,4,Townhouses,243794.0337,70260,2.7,18.17536927,23.04827448,37
930,Chilliwack,2016,4,All housing types,400304.4118,68990,2.7,30.39292841,35.74923238,665
930,Chilliwack,2016,4,Condos,182830.036,68990,2.7,13.88128642,17.71905455,101
930,Chilliwack,2016,4,Single-detached,505091.8762,68990,2.7,38.32852118,42.84775906,351
930,Chilliwack,2016,4,Townhouses,337016.129,68990,2.7,25.58779464,29.51804433,213
943,Courtenay,2016,4,All housing types,365857.4468,69640,2.7,27.51829058,33.29529423,336
943,Courtenay,2016,4,Condos,203556.3725,69640,2.7,15.31067212,18.06257235,40
943,Courtenay,2016,4,Single-detached,420000,69640,2.7,31.59067048,37.46374731,218
943,Courtenay,2016,4,Townhouses,256937.5,69640,2.7,19.3257807,25.7004721,78
905,Cranbrook,2016,4,All housing types,274820.0935,75790,2.7,18.9934952,23.32692088,80
905,Cranbrook,2016,4,Single-detached,290180.7018,75790,2.7,20.05510477,24.79879355,62
905,Cranbrook,2016,4,Townhouses,191396.4286,75790,2.7,13.22787974,18.84060012,10
975,Dawson Creek,2016,4,All housing types,261000,77910,2.7,17.54751484,17.42873376,33
975,Dawson Creek,2016,4,Single-detached,261423.0769,77910,2.7,17.57595909,17.4035768,33
937,Duncan,2016,4,All housing types,355051.1364,66260,2.7,28.06776236,33.65613231,189
937,Duncan,2016,4,Condos,257112.2716,66260,2.7,20.32542753,15.67225183,28
937,Duncan,2016,4,Single-detached,378328.9492,66260,2.7,29.90793706,37.87860121,123
937,Duncan,2016,4,Townhouses,283903.2258,66260,2.7,22.44332565,27.87876391,38
977,Fort St. John,2016,4,All housing types,358841.6821,90740,2.7,20.71440315,19.8313746,67
977,Fort St. John,2016,4,Single-detached,386188.0435,90740,2.7,22.29299221,21.34312718,50
977,Fort St. John,2016,4,Townhouses,301650.0152,90740,2.7,17.41297161,16.34879797,17
925,Kamloops,2016,4,All housing types,366938.2911,77000,2.7,24.96149682,29.18144185,490
925,Kamloops,2016,4,Condos,234400,77000,2.7,15.9453919,18.56500138,49
925,Kamloops,2016,4,Single-detached,413586.0092,77000,2.7,28.13477389,32.08712104,337
925,Kamloops,2016,4,Townhouses,318404.7619,77000,2.7,21.65993478,25.397242,104
915,Kelowna,2016,4,All housing types,478630.7475,73960,2.7,33.8978386,38.09482147,1309
915,Kelowna,2016,4,Condos,285754.2458,73960,2.7,20.23783752,24.28880262,384
915,Kelowna,2016,4,Single-detached,578448.0083,73960,2.7,40.67473409,44.76537722,691
915,Kelowna,2016,4,Townhouses,396023.4043,73960,2.7,28.04737788,32.85366574,234
938,Nanaimo,2016,4,All housing types,374237.5096,69850,2.7,28.06397724,33.9915153,634
938,Nanaimo,2016,4,Condos,238921.6418,69850,2.7,17.91667416,21.40189008,106
938,Nanaimo,2016,4,Single-detached,429943.7148,69850,2.7,32.24137164,37.66249954,424
938,Nanaimo,2016,4,Townhouses,300374.7217,69850,2.7,22.52502525,27.46191196,104
907,Nelson,2016,4,All housing types,378018.1818,67190,2.7,29.46974401,41.74276472,104
907,Nelson,2016,4,Condos,379244.2308,67190,2.7,29.56532499,33.4499936,42
907,Nelson,2016,4,Single-detached,399598.5401,67190,2.7,31.15211715,43.98100233,55
939,Parksville,2016,4,All housing types,430578.7684,68240,2.7,33.05079485,38.92321274,203
939,Parksville,2016,4,Condos,240134.0426,68240,2.7,18.43244851,25.29799068,20
939,Parksville,2016,4,Single-detached,465544.1748,68240,2.7,35.73470442,41.08315087,154
939,Parksville,2016,4,Townhouses,326302.3529,68240,2.7,25.04664168,35.70802608,29
913,Penticton,2016,4,All housing types,364884.5659,64700,2.7,29.54061473,34.46883108,268
913,Penticton,2016,4,Condos,243063.2231,64700,2.7,19.67810563,24.64960116,57
913,Penticton,2016,4,Single-detached,450000,64700,2.7,36.4314577,41.62561139,139
913,Penticton,2016,4,Townhouses,278004.1806,64700,2.7,22.50688344,28.09446494,72
940,Port Alberni,2016,4,All housing types,224421.5686,62930,2.7,18.67992711,24.91984493,129
940,Port Alberni,2016,4,Single-detached,228349.6259,62930,2.7,19.00688242,25.47459468,116
940,Port Alberni,2016,4,Townhouses,156271.4286,62930,2.7,13.00739013,17.79705682,10
945,Powell River,2016,4,All housing types,283316.7488,64540,2.7,22.99384523,28.39881449,75
945,Powell River,2016,4,Single-detached,287122.1333,64540,2.7,23.30268833,29.06419653,68
970,Prince George,2016,4,All housing types,276762.4524,80200,2.7,18.07594942,20.86631918,244
970,Prince George,2016,4,Single-detached,284594.7243,80200,2.7,18.5874919,21.62037066,213
970,Prince George,2016,4,Townhouses,254843.7727,80200,2.7,16.64439344,15.88118112,25
955,Prince Rupert,2016,4,All housing types,263867.3469,72450,2.7,19.07724144,20.96060583,41
955,Prince Rupert,2016,4,Single-detached,266951.087,72450,2.7,19.30019155,21.3614414,37
952,Quesnel,2016,4,All housing types,206107.438,69200,2.7,15.6011239,19.12777887,59
952,Quesnel,2016,4,Single-detached,207803.7383,69200,2.7,15.72952388,19.38116486,50
920,Salmon Arm,2016,4,All housing types,365598.2143,68320,2.7,28.03009203,34.91041316,81
920,Salmon Arm,2016,4,Condos,186172,68320,2.7,14.27364273,18.83347001,14
920,Salmon Arm,2016,4,Single-detached,391753.9394,68320,2.7,30.03542836,37.57179298,53
920,Salmon Arm,2016,4,Townhouses,249302.9412,68320,2.7,19.1138362,27.50382689,14
934,Squamish,2016,4,All housing types,510069.6203,84610,2.7,31.5445689,35.74275125,93
934,Squamish,2016,4,Condos,378763.1579,84610,2.7,23.44846129,24.02183276,26
934,Squamish,2016,4,Single-detached,882717.3913,84610,2.7,53.40023527,52.39203906,25
934,Squamish,2016,4,Townhouses,478427.027,84610,2.7,29.61844992,35.812071,42
965,Terrace,2016,4,All housing types,294154.4944,76570,2.7,20.12264923,22.28508389,38
965,Terrace,2016,4,Single-detached,295519.7368,76570,2.7,20.21604333,22.91057037,31
933,Vancouver,2016,4,All housing types,607337.5453,73480,2.7,42.89144353,46.34979114,11249
933,Vancouver,2016,4,Condos,414951.8206,73480,2.7,29.57990959,33.52101857,6042
933,Vancouver,2016,4,Single-detached,1197319.4,73480,2.7,81.25424835,73.63157159,2901
933,Vancouver,2016,4,Townhouses,520452.0516,73480,2.7,37.02377807,42.89966917,2306
918,Vernon,2016,4,All housing types,391306.9845,71040,2.7,28.85246763,33.47993893,322
918,Vernon,2016,4,Condos,196750,71040,2.7,14.50708327,17.73657873,39
918,Vernon,2016,4,Single-detached,445839.6226,71040,2.7,32.87335466,38.42228469,228
918,Vernon,2016,4,Townhouses,311570.7237,71040,2.7,22.9732271,28.34301195,55
935,Victoria,2016,4,All housing types,519069.1824,80360,2.7,33.76860296,38.89023417,1886
935,Victoria,2016,4,Condos,314388.1914,80360,2.7,20.49248438,25.16453563,685
935,Victoria,2016,4,Single-detached,668165.5813,80360,2.7,42.97552458,48.24432339,934
935,Victoria,2016,4,Townhouses,445144.3769,80360,2.7,29.01544791,34.92562688,267
950,Williams Lake,2016,4,All housing types,233430.1471,73170,2.7,16.71060617,21.01542762,53
950,Williams Lake,2016,4,Single-detached,252045.8716,73170,2.7,18.04325341,22.05009043,46
932,Abbotsford - Mission,2017,1,All housing types,406915.5851,68997.5,2.7,30.89152044,39.8580484,862
932,Abbotsford - Mission,2017,1,Condos,218555.5556,68997.5,2.7,16.59192633,20.09532322,380
932,Abbotsford - Mission,2017,1,Single-detached,611181.7185,68997.5,2.7,45.95440989,49.93104757,315
932,Abbotsford - Mission,2017,1,Townhouses,384641.9725,68997.5,2.7,29.20059047,32.71122748,167
944,Campbell River,2017,1,All housing types,315722.619,70890,2.7,23.3286193,28.83969156,167
944,Campbell River,2017,1,Condos,178767.4419,70890,2.7,13.20905549,18.33500271,18
944,Campbell River,2017,1,Single-detached,342096.6667,70890,2.7,25.27738724,31.14048371,124
944,Campbell River,2017,1,Townhouses,248313.2097,70890,2.7,18.34776474,23.04827448,25
930,Chilliwack,2017,1,All housing types,413955.0079,69660,2.7,31.12705165,35.74923238,603
930,Chilliwack,2017,1,Condos,176156.3084,69660,2.7,13.245948,17.71905455,113
930,Chilliwack,2017,1,Single-detached,519761.194,69660,2.7,39.00486558,42.84775906,319
930,Chilliwack,2017,1,Townhouses,362468.75,69660,2.7,27.2555792,29.51804433,171
943,Courtenay,2017,1,All housing types,375654.7368,70485,2.7,27.91646868,33.29529423,234
943,Courtenay,2017,1,Condos,159889.6104,70485,2.7,11.88206314,18.06257235,37
943,Courtenay,2017,1,Single-detached,430655.303,70485,2.7,32.00378991,37.46374731,145
943,Courtenay,2017,1,Townhouses,275602.6,70485,2.7,20.48117752,25.7004721,52
905,Cranbrook,2017,1,All housing types,290896.9466,76537.5,2.7,19.9082555,23.32692088,51
905,Cranbrook,2017,1,Single-detached,300037.1429,76537.5,2.7,20.53378754,24.79879355,43
975,Dawson Creek,2017,1,All housing types,274877.0299,79417.5,2.7,18.12969731,17.42873376,34
975,Dawson Creek,2017,1,Single-detached,274940.4308,79417.5,2.7,18.13387896,17.4035768,32
937,Duncan,2017,1,All housing types,334271.028,66845,2.7,26.19377694,33.65613231,132
937,Duncan,2017,1,Condos,144126.087,66845,2.7,11.29384917,15.67225183,18
937,Duncan,2017,1,Single-detached,370967.3267,66845,2.7,29.06933175,37.87860121,79
937,Duncan,2017,1,Townhouses,290041.0959,66845,2.7,22.72787987,27.87876391,35
977,Fort St. John,2017,1,All housing types,325211.4706,92440,2.7,18.42783156,19.8313746,103
977,Fort St. John,2017,1,Condos,284200,92440,2.7,16.10395144,10.70806892,45
977,Fort St. John,2017,1,Single-detached,371150.2976,92440,2.7,21.03091615,21.34312718,34
977,Fort St. John,2017,1,Townhouses,304498.0122,92440,2.7,17.25412105,16.34879797,24
925,Kamloops,2017,1,All housing types,364254.5838,77680,2.7,24.56202247,29.18144185,339
925,Kamloops,2017,1,Condos,221921.5686,77680,2.7,14.96437601,18.56500138,53
925,Kamloops,2017,1,Single-detached,406950.6295,77680,2.7,27.4410562,32.08712104,219
925,Kamloops,2017,1,Townhouses,321388.8889,77680,2.7,21.67154913,25.397242,67
915,Kelowna,2017,1,All housing types,478807.2893,74755,2.7,33.54971406,38.09482147,886
915,Kelowna,2017,1,Condos,285118.1102,74755,2.7,19.97803978,24.28880262,251
915,Kelowna,2017,1,Single-detached,582900.6076,74755,2.7,40.53773903,44.76537722,461
915,Kelowna,2017,1,Townhouses,409664.3382,74755,2.7,28.70491264,32.85366574,174
938,Nanaimo,2017,1,All housing types,390561.6559,70417.5,2.7,29.05208569,33.9915153,447
938,Nanaimo,2017,1,Condos,246324.7423,70417.5,2.7,18.32296492,21.40189008,88
938,Nanaimo,2017,1,Single-detached,445000,70417.5,2.7,33.10150379,37.66249954,303
938,Nanaimo,2017,1,Townhouses,305670.975,70417.5,2.7,22.73745828,27.46191196,56
907,Nelson,2017,1,All housing types,394272.7273,67785,2.7,30.46712344,41.74276472,39
907,Nelson,2017,1,Single-detached,384825.3012,67785,2.7,29.73708081,43.98100233,28
939,Parksville,2017,1,All housing types,423238.6889,68867.5,2.7,32.19136247,38.92321274,186
939,Parksville,2017,1,Condos,206864.8649,68867.5,2.7,15.73405745,25.29799068,17
939,Parksville,2017,1,Single-detached,459909.5385,68867.5,2.7,34.98053237,41.08315087,132
939,Parksville,2017,1,Townhouses,357707.5758,68867.5,2.7,27.20709267,35.70802608,37
913,Penticton,2017,1,All housing types,376304.5952,65277.5,2.7,30.19564589,34.46883108,189
913,Penticton,2017,1,Condos,224292.5,65277.5,2.7,17.99780548,24.64960116,43
913,Penticton,2017,1,Single-detached,467809.1224,65277.5,2.7,37.53820385,41.62561139,98
913,Penticton,2017,1,Townhouses,298929,65277.5,2.7,23.98682968,28.09446494,48
940,Port Alberni,2017,1,All housing types,228826.1364,63177.5,2.7,18.97192971,24.91984493,91
940,Port Alberni,2017,1,Single-detached,232760.7647,63177.5,2.7,19.29814896,25.47459468,88
945,Powell River,2017,1,All housing types,303286.1314,65100,2.7,24.40281224,28.39881449,62
945,Powell River,2017,1,Single-detached,303795.1496,65100,2.7,24.44376853,29.06419653,59
970,Prince George,2017,1,All housing types,276603.3523,80942.5,2.7,17.89983966,20.86631918,213
970,Prince George,2017,1,Single-detached,284432,80942.5,2.7,18.40645514,21.62037066,183
970,Prince George,2017,1,Townhouses,236774.4565,80942.5,2.7,15.32239133,15.88118112,21
955,Prince Rupert,2017,1,All housing types,259434.2105,72802.5,2.7,18.66591426,20.96060583,35
955,Prince Rupert,2017,1,Single-detached,273330.8824,72802.5,2.7,19.66575959,21.3614414,31
952,Quesnel,2017,1,All housing types,193375,69992.5,2.7,14.47161954,19.12777887,33
952,Quesnel,2017,1,Single-detached,195129.6296,69992.5,2.7,14.60293089,19.38116486,31
920,Salmon Arm,2017,1,All housing types,361992.4,68965,2.7,27.49406959,34.91041316,54
920,Salmon Arm,2017,1,Single-detached,387041.2371,68965,2.7,29.39658045,37.57179298,44
934,Squamish,2017,1,All housing types,423835.4582,85507.5,2.7,25.96338979,35.74275125,158
934,Squamish,2017,1,Condos,336883.1776,85507.5,2.7,20.63685113,24.02183276,81
934,Squamish,2017,1,Single-detached,908380.4528,85507.5,2.7,54.32906995,52.39203906,28
934,Squamish,2017,1,Townhouses,477423.0769,85507.5,2.7,29.24606991,35.812071,49
965,Terrace,2017,1,All housing types,296592.46575342497,76975,2.7,20.18267526,22.28508389,35
965,Terrace,2017,1,Single-detached,294750,76975,2.7,20.05729821,22.91057037,31
933,Vancouver,2017,1,All housing types,542510.0178,74207.5,2.7,38.13585578,46.34979114,9796
933,Vancouver,2017,1,Condos,412739.6349,74207.5,2.7,29.1337702,33.52101857,5077
933,Vancouver,2017,1,Single-detached,1162000.532,74207.5,2.7,78.35827228,73.63157159,2740
933,Vancouver,2017,1,Townhouses,526164.5274,74207.5,2.7,37.04281246,42.89966917,1979
918,Vernon,2017,1,All housing types,381901.0772,71567.5,2.7,27.95138629,33.47993893,235
918,Vernon,2017,1,Condos,200407.4074,71567.5,2.7,14.66784252,17.73657873,42
918,Vernon,2017,1,Single-detached,430692,71567.5,2.7,31.52239986,38.42228469,147
918,Vernon,2017,1,Townhouses,326435.6436,71567.5,2.7,23.89186445,28.34301195,46
935,Victoria,2017,1,All housing types,509956.6877,81170,2.7,32.87452956,38.89023417,1441
935,Victoria,2017,1,Condos,326818.8915,81170,2.7,21.09016231,25.16453563,596
935,Victoria,2017,1,Single-detached,684057.2884,81170,2.7,43.51821284,48.24432339,637
935,Victoria,2017,1,Townhouses,458155.1495,81170,2.7,29.56550774,34.92562688,208
950,Williams Lake,2017,1,All housing types,235005.3763,73850,2.7,16.66846524,21.01542762,40
950,Williams Lake,2017,1,Single-detached,237353.6585,73850,2.7,16.83502424,22.05009043,36
932,Abbotsford - Mission,2017,2,All housing types,456104.5084,69565,2.7,34.34328952,39.8580484,1223
932,Abbotsford - Mission,2017,2,Condos,228016.8776,69565,2.7,17.16898101,20.09532322,331
932,Abbotsford - Mission,2017,2,Single-detached,655367.7598,69565,2.7,48.73148725,49.93104757,628
932,Abbotsford - Mission,2017,2,Townhouses,398165.1462,69565,2.7,29.980630845160402,32.71122748,264
944,Campbell River,2017,2,All housing types,331240.4494,71520,2.7,24.25963012,28.83969156,278
944,Campbell River,2017,2,Condos,189914.0625,71520,2.7,13.9090649,18.33500271,46
944,Campbell River,2017,2,Single-detached,360045.5975,71520,2.7,26.3692826,31.14048371,194
944,Campbell River,2017,2,Townhouses,256551.5873,71520,2.7,18.78951265,23.04827448,38
930,Chilliwack,2017,2,All housing types,438831.6066,70330,2.7,32.68327724,35.74923238,922
930,Chilliwack,2017,2,Condos,183374.031,70330,2.7,13.65732141,17.71905455,145
930,Chilliwack,2017,2,Single-detached,541146.4736,70330,2.7,40.14218878,42.84775906,496
930,Chilliwack,2017,2,Townhouses,379243.3628,70330,2.7,28.24526717,29.51804433,281
943,Courtenay,2017,2,All housing types,388276.1062,71330,2.7,28.51259578,33.29529423,444
943,Courtenay,2017,2,Condos,181917.2932,71330,2.7,13.35888087,18.06257235,96
943,Courtenay,2017,2,Single-detached,458519.2073,71330,2.7,33.67081468,37.46374731,265
943,Courtenay,2017,2,Townhouses,295780.2815,71330,2.7,21.72027449,25.7004721,83
905,Cranbrook,2017,2,All housing types,307127.3292,77285,2.7,20.81572623,23.32692088,110
905,Cranbrook,2017,2,Single-detached,320033.8346,77285,2.7,21.69047184,24.79879355,90
905,Cranbrook,2017,2,Townhouses,246500,77285,2.7,16.70667514,18.84060012,14
975,Dawson Creek,2017,2,All housing types,287676.8133,80925,2.7,18.62046262,17.42873376,41
975,Dawson Creek,2017,2,Single-detached,287918.4444,80925,2.7,18.63610268,17.4035768,40
937,Duncan,2017,2,All housing types,355390.625,67430,2.7,27.60712127,33.65613231,252
937,Duncan,2017,2,Condos,169180,67430,2.7,13.14208211,15.67225183,42
937,Duncan,2017,2,Single-detached,401361.8677,67430,2.7,31.17821624,37.87860121,178
937,Duncan,2017,2,Townhouses,301370.1493,67430,2.7,23.41075333,27.87876391,32
977,Fort St. John,2017,2,All housing types,333107.9602,94140,2.7,18.53442565,19.8313746,98
977,Fort St. John,2017,2,Single-detached,388333.3333,94140,2.7,21.60721494,21.34312718,68
977,Fort St. John,2017,2,Townhouses,324630.4898,94140,2.7,18.06273159,16.34879797,25
925,Kamloops,2017,2,All housing types,375054.6096,78360,2.7,25.07081174,29.18144185,724
925,Kamloops,2017,2,Condos,220000,78360,2.7,14.70606797,18.56500138,84
925,Kamloops,2017,2,Single-detached,413685.865,78360,2.7,27.6531475,32.08712104,492
925,Kamloops,2017,2,Townhouses,326209.7674,78360,2.7,21.80574097,25.397242,148
915,Kelowna,2017,2,All housing types,504419.3902,75550,2.7,34.95628811,38.09482147,1623
915,Kelowna,2017,2,Condos,299798.1157,75550,2.7,20.78560863,24.28880262,492
915,Kelowna,2017,2,Single-detached,607692.6011,75550,2.7,41.73957883,44.76537722,850
915,Kelowna,2017,2,Townhouses,426319.2308,75550,2.7,29.55757297,32.85366574,281
938,Nanaimo,2017,2,All housing types,412360.9827,70985,2.7,30.42841247,33.9915153,764
938,Nanaimo,2017,2,Condos,231015.625,70985,2.7,17.04680855,21.40189008,168
938,Nanaimo,2017,2,Single-detached,467589.0562,70985,2.7,34.5037316,37.66249954,498
938,Nanaimo,2017,2,Townhouses,290527.2727,70985,2.7,21.43821569,27.46191196,98
907,Nelson,2017,2,All housing types,379605.042,68380,2.7,29.07844586,41.74276472,80
907,Nelson,2017,2,Single-detached,395707.8652,68380,2.7,30.31195179,43.98100233,61
907,Nelson,2017,2,Townhouses,319985,68380,2.7,24.51144075,35.55310394,14
939,Parksville,2017,2,All housing types,430498.9059,69495,2.7,32.44791594,38.92321274,271
939,Parksville,2017,2,Condos,215645.8333,69495,2.7,16.25383428,25.29799068,31
939,Parksville,2017,2,Single-detached,464891.6,69495,2.7,35.04019024,41.08315087,198
939,Parksville,2017,2,Townhouses,363949.3671,69495,2.7,27.43188963,35.70802608,42
913,Penticton,2017,2,All housing types,397239.2015,65855,2.7,31.59596773,34.46883108,362
913,Penticton,2017,2,Condos,258453.8462,65855,2.7,20.55713372,24.64960116,87
913,Penticton,2017,2,Single-detached,495254.6741,65855,2.7,39.39201026,41.62561139,172
913,Penticton,2017,2,Townhouses,309632.9934,65855,2.7,24.62786661,28.09446494,103
940,Port Alberni,2017,2,All housing types,237144.7368,63425,2.7,19.58489872,24.91984493,175
940,Port Alberni,2017,2,Single-detached,237943.0894,63425,2.7,19.65083168,25.47459468,158
940,Port Alberni,2017,2,Townhouses,186461.5385,63425,2.7,15.39916253,17.79705682,12
945,Powell River,2017,2,All housing types,298248.7342,65660,2.7,23.79282697,28.39881449,96
945,Powell River,2017,2,Single-detached,302892.8571,65660,2.7,24.16331241,29.06419653,81
970,Prince George,2017,2,All housing types,285110.3639,81685,2.7,18.28264416,20.86631918,419
970,Prince George,2017,2,Condos,167891.3043,81685,2.7,10.76599578,12.39060086,14
970,Prince George,2017,2,Single-detached,294659.5109,81685,2.7,18.89498127,21.62037066,369
970,Prince George,2017,2,Townhouses,205789.4737,81685,2.7,13.19620819,15.88118112,36
955,Prince Rupert,2017,2,All housing types,285297.8723,73155,2.7,20.42785816,20.96060583,59
955,Prince Rupert,2017,2,Single-detached,300703.7037,73155,2.7,21.53094433,21.3614414,50
952,Quesnel,2017,2,All housing types,205064.3564,70785,2.7,15.17460023,19.12777887,68
952,Quesnel,2017,2,Single-detached,204903.0612,70785,2.7,15.16266451,19.38116486,67
920,Salmon Arm,2017,2,All housing types,376758.6633,69610,2.7,28.3504482,34.91041316,145
920,Salmon Arm,2017,2,Condos,219480,69610,2.7,16.51549646,18.83347001,19
920,Salmon Arm,2017,2,Single-detached,407873.3333,69610,2.7,30.69177416,37.57179298,106
920,Salmon Arm,2017,2,Townhouses,285000,69610,2.7,21.44576495,27.50382689,20
934,Squamish,2017,2,All housing types,506447.3333,86405,2.7,30.6812213,35.74275125,142
934,Squamish,2017,2,Condos,350269.2308,86405,2.7,21.23398125,24.02183276,49
934,Squamish,2017,2,Single-detached,927516.6067,86405,2.7,54.86376025,52.39203906,47
934,Squamish,2017,2,Townhouses,544495.7895,86405,2.7,32.86639208,35.812071,46
965,Terrace,2017,2,All housing types,295342.9487,77380,2.7,19.9924582,22.28508389,43
965,Terrace,2017,2,Single-detached,297628.6765,77380,2.7,20.14718448,22.91057037,37
933,Vancouver,2017,2,All housing types,604232.9874,74935,2.7,41.85303762,46.34979114,15644
933,Vancouver,2017,2,Condos,434132.3048,74935,2.7,30.34629727,33.52101857,7757
933,Vancouver,2017,2,Single-detached,1221297.578,74935,2.7,81.08800078,73.63157159,4774
933,Vancouver,2017,2,Townhouses,571685.4772,74935,2.7,39.69767533,42.89966917,3113
918,Vernon,2017,2,All housing types,389363.4328,72095,2.7,28.28904793,33.47993893,435
918,Vernon,2017,2,Condos,184034.7826,72095,2.7,13.37097515,17.73657873,73
918,Vernon,2017,2,Single-detached,450097.6471,72095,2.7,32.70166852,38.42228469,278
918,Vernon,2017,2,Townhouses,333928.8462,72095,2.7,24.26146972,28.34301195,84
935,Victoria,2017,2,All housing types,531109.6275,81980,2.7,33.83012702,38.89023417,2371
935,Victoria,2017,2,Condos,354232.2581,81980,2.7,22.63333279,25.16453563,954
935,Victoria,2017,2,Single-detached,731710.6345,81980,2.7,45.97274731,48.24432339,1065
935,Victoria,2017,2,Townhouses,473835.1714,81980,2.7,30.27524704,34.92562688,352
950,Williams Lake,2017,2,All housing types,231086.9565,74530,2.7,16.24099479,21.01542762,75
950,Williams Lake,2017,2,Single-detached,239076.0204,74530,2.7,16.80247324,22.05009043,62
932,Abbotsford - Mission,2017,3,All housing types,548998.8404,70132.5,2.969230769,42.04745368,39.8580484,1364
932,Abbotsford - Mission,2017,3,Condos,223121.7391,70132.5,2.969230769,17.16939677,20.09532322,359
932,Abbotsford - Mission,2017,3,Single-detached,695880.9905,70132.5,2.969230769,52.75527403,49.93104757,745
932,Abbotsford - Mission,2017,3,Townhouses,412127.4809,70132.5,2.969230769,31.71354018,32.71122748,260
944,Campbell River,2017,3,All housing types,353902.9126,72150,2.969230769,26.47160491,28.83969156,340
944,Campbell River,2017,3,Condos,184831.4607,72150,2.969230769,13.82521937,18.33500271,43
944,Campbell River,2017,3,Single-detached,385945.6763,72150,2.969230769,28.86837348,31.14048371,257
944,Campbell River,2017,3,Townhouses,259089.7436,72150,2.969230769,19.37966906,23.04827448,40
930,Chilliwack,2017,3,All housing types,464380.4453,71000,2.969230769,35.29783314,35.74923238,1144
930,Chilliwack,2017,3,Condos,201301.6807,71000,2.969230769,15.30106017,17.71905455,212
930,Chilliwack,2017,3,Single-detached,577673.3478,71000,2.969230769,43.59855717,42.84775906,608
930,Chilliwack,2017,3,Townhouses,388033.0579,71000,2.969230769,29.49462292,29.51804433,324
943,Courtenay,2017,3,All housing types,398565.5814,72175,2.969230769,29.802004105815602,33.29529423,631
943,Courtenay,2017,3,Condos,226864.8536,72175,2.969230769,16.96339978,18.06257235,143
943,Courtenay,2017,3,Single-detached,475985.2203,72175,2.969230769,35.5909144,37.46374731,366
943,Courtenay,2017,3,Townhouses,310829.2683,72175,2.969230769,23.24168358,25.7004721,122
905,Cranbrook,2017,3,All housing types,302791.1647,78032.5,2.969230769,20.94113171,23.32692088,139
905,Cranbrook,2017,3,Condos,103173.913,78032.5,2.969230769,7.135540114,10.88601116,17
905,Cranbrook,2017,3,Single-detached,328884.0206,78032.5,2.969230769,22.74572179,24.79879355,104
905,Cranbrook,2017,3,Townhouses,210515.625,78032.5,2.969230769,14.55932651,18.84060012,18
975,Dawson Creek,2017,3,All housing types,283189.9038,82432.5,2.969230769,18.54008691,17.42873376,63
975,Dawson Creek,2017,3,Single-detached,283132.3529,82432.5,2.969230769,18.53631912,17.4035768,62
937,Duncan,2017,3,All housing types,381176.178,68015,2.969230769,30.24499517,33.65613231,321
937,Duncan,2017,3,Condos,206538.8235,68015,2.969230769,16.38813253,15.67225183,43
937,Duncan,2017,3,Single-detached,424618.2045,68015,2.969230769,33.69196788,37.87860121,223
937,Duncan,2017,3,Townhouses,302319.5402,68015,2.969230769,23.98799705,27.87876391,55
977,Fort St. John,2017,3,All housing types,359910.804,95840,2.969230769,20.26658383,19.8313746,101
977,Fort St. John,2017,3,Single-detached,388776.8456,95840,2.969230769,21.89203115,21.34312718,81
977,Fort St. John,2017,3,Townhouses,316508.8293,95840,2.969230769,17.82261786,16.34879797,16
925,Kamloops,2017,3,All housing types,389767.4113,79040,2.969230769,26.61283025,29.18144185,798
925,Kamloops,2017,3,Condos,226032.2581,79040,2.969230769,15.43319924,18.56500138,102
925,Kamloops,2017,3,Single-detached,430388.3946,79040,2.969230769,29.38638007,32.08712104,542
925,Kamloops,2017,3,Townhouses,327022.8477,79040,2.969230769,22.3287101,25.397242,154
915,Kelowna,2017,3,All housing types,518941.5217,76345,2.969230769,36.61298861,38.09482147,1827
915,Kelowna,2017,3,Condos,315544.4444,76345,2.969230769,22.30552295,24.28880262,588
915,Kelowna,2017,3,Single-detached,644467.5691,76345,2.969230769,45.01928366,44.76537722,923
915,Kelowna,2017,3,Townhouses,431058.6265,76345,2.969230769,30.47110559,32.85366574,316
938,Nanaimo,2017,3,All housing types,427320.0124,71552.5,2.969230769,32.23004343,33.9915153,850
938,Nanaimo,2017,3,Condos,232776.7559,71552.5,2.969230769,17.55687713,21.40189008,131
938,Nanaimo,2017,3,Single-detached,487976.6035,71552.5,2.969230769,36.80498612,37.66249954,599
938,Nanaimo,2017,3,Townhouses,315935.7798,71552.5,2.969230769,23.82903588,27.46191196,120
907,Nelson,2017,3,All housing types,390468.1818,68975,2.969230769,30.55106905,41.74276472,96
907,Nelson,2017,3,Condos,324793.6316,68975,2.969230769,25.41255121,33.4499936,14
907,Nelson,2017,3,Single-detached,430187.9699,68975,2.969230769,33.65883057,43.98100233,72
907,Nelson,2017,3,Townhouses,335208.3333,68975,2.969230769,26.22741984,35.55310394,10
939,Parksville,2017,3,All housing types,471168.4982,70122.5,2.969230769,36.2619643,38.92321274,275
939,Parksville,2017,3,Condos,236318.8679,70122.5,2.969230769,18.18751972,25.29799068,22
939,Parksville,2017,3,Single-detached,500799.2736,70122.5,2.969230769,38.53916384,41.08315087,215
939,Parksville,2017,3,Townhouses,391562.5,70122.5,2.969230769,30.13534532,35.70802608,38
913,Penticton,2017,3,All housing types,418590.4502,66432.5,2.969230769,34.00487562,34.46883108,371
913,Penticton,2017,3,Condos,276817.0732,66432.5,2.969230769,22.48768489,24.64960116,77
913,Penticton,2017,3,Single-detached,517435.0133,66432.5,2.969230769,41.96012902,41.62561139,205
913,Penticton,2017,3,Townhouses,318931.25,66432.5,2.969230769,25.9088985,28.09446494,89
940,Port Alberni,2017,3,All housing types,255516.8011,63672.5,2.969230769,21.65708646,24.91984493,197
940,Port Alberni,2017,3,Single-detached,261868.2635,63672.5,2.969230769,22.19542355,25.47459468,176
940,Port Alberni,2017,3,Townhouses,164078.5714,63672.5,2.969230769,13.90696734,17.79705682,16
945,Powell River,2017,3,All housing types,325250.7317,66220,2.969230769,26.50706095,28.39881449,109
945,Powell River,2017,3,Single-detached,336007.3034,66220,2.969230769,27.38369264,29.06419653,97
970,Prince George,2017,3,All housing types,292791.0655,82427.5,2.969230769,19.16982564,20.86631918,482
970,Prince George,2017,3,Condos,202544.0741,82427.5,2.969230769,13.2611102,12.39060086,40
970,Prince George,2017,3,Single-detached,302350.6468,82427.5,2.969230769,19.79571738,21.62037066,404
970,Prince George,2017,3,Townhouses,228094.5946,82427.5,2.969230769,14.93397212,15.88118112,38
955,Prince Rupert,2017,3,All housing types,295785.7143,73507.5,2.969230769,21.715909,20.96060583,53
955,Prince Rupert,2017,3,Single-detached,301470.5882,73507.5,2.969230769,22.13327941,21.3614414,52
952,Quesnel,2017,3,All housing types,221414.4737,71577.5,2.969230769,16.69405931,19.12777887,84
952,Quesnel,2017,3,Single-detached,224610.3448,71577.5,2.969230769,16.93501945,19.38116486,78
920,Salmon Arm,2017,3,All housing types,385169.8718,70255,2.969230769,29.58745032,34.91041316,167
920,Salmon Arm,2017,3,Condos,203106.9767,70255,2.969230769,15.60199284,18.83347001,24
920,Salmon Arm,2017,3,Single-detached,415427.2339,70255,2.969230769,31.91171881,37.57179298,127
920,Salmon Arm,2017,3,Townhouses,286500,70255,2.969230769,22.0079636,27.50382689,16
934,Squamish,2017,3,All housing types,612023.1293,87302.5,2.969230769,37.46877944,35.74275125,152
934,Squamish,2017,3,Condos,397898.8764,87302.5,2.969230769,24.59679396,24.02183276,40
934,Squamish,2017,3,Single-detached,937565.5549,87302.5,2.969230769,56.53358103,52.39203906,44
934,Squamish,2017,3,Townhouses,596175.4386,87302.5,2.969230769,36.54068819,35.812071,68
965,Terrace,2017,3,All housing types,308423.0769,77785,2.969230769,21.39850735,22.28508389,74
965,Terrace,2017,3,Single-detached,311928.5714,77785,2.969230769,21.64171986,22.91057037,68
933,Vancouver,2017,3,All housing types,648162.4903,75662.5,2.969230769,45.6750475,46.34979114,17990
933,Vancouver,2017,3,Condos,464485.7056,75662.5,2.969230769,33.13020606,33.52101857,8683
933,Vancouver,2017,3,Single-detached,1247377.06,75662.5,2.969230769,84.30821565,73.63157159,5481
933,Vancouver,2017,3,Townhouses,610346.6566,75662.5,2.969230769,43.11973295,42.89966917,3826
918,Vernon,2017,3,All housing types,409185.9375,72622.5,2.969230769,30.40758822,33.47993893,525
918,Vernon,2017,3,Condos,178128.2051,72622.5,2.969230769,13.23713407,17.73657873,83
918,Vernon,2017,3,Single-detached,484118.7801,72622.5,2.969230769,35.97602744,38.42228469,345
918,Vernon,2017,3,Townhouses,344790.0552,72622.5,2.969230769,25.62217579,28.34301195,97
935,Victoria,2017,3,All housing types,567386.2741,82790,2.969230769,36.75447165,38.89023417,2452
935,Victoria,2017,3,Condos,362427.1845,82790,2.969230769,23.62519237,25.16453563,900
935,Victoria,2017,3,Single-detached,760136.2428,82790,2.969230769,48.65778342,48.24432339,1192
935,Victoria,2017,3,Townhouses,490946.6292,82790,2.969230769,32.00286583,34.92562688,360
950,Williams Lake,2017,3,All housing types,247626.2774,75210,2.969230769,17.76861637,21.01542762,62
950,Williams Lake,2017,3,Single-detached,256109.9138,75210,2.969230769,18.37736631,22.05009043,54
932,Abbotsford - Mission,2017,4,All housing types,568534.2945,70700,3.2,44.22681672,39.8580484,925
932,Abbotsford - Mission,2017,4,Condos,236258.3732,70700,3.2,18.49610938,20.09532322,268
932,Abbotsford - Mission,2017,4,Single-detached,713063.3224,70700,3.2,54.94613488,49.93104757,471
932,Abbotsford - Mission,2017,4,Townhouses,435008.9686,70700,3.2,34.05582353,32.71122748,186
944,Campbell River,2017,4,All housing types,363848.3536,72780,3.2,27.67075139,28.83969156,237
944,Campbell River,2017,4,Condos,194415.5844,72780,3.2,14.78535013,18.33500271,34
944,Campbell River,2017,4,Single-detached,397401.8476,72780,3.2,30.22250236,31.14048371,176
944,Campbell River,2017,4,Townhouses,255820.8955,72780,3.2,19.45523823,23.04827448,27
930,Chilliwack,2017,4,All housing types,482651.1387,71670,3.2,37.27421623,35.74923238,788
930,Chilliwack,2017,4,Condos,209404.0936,71670,3.2,16.171874128164198,17.71905455,130
930,Chilliwack,2017,4,Single-detached,597322.8271,71670,3.2,45.73450768,42.84775906,439
930,Chilliwack,2017,4,Townhouses,401009.3923,71670,3.2,30.96918167,29.51804433,219
943,Courtenay,2017,4,All housing types,417637.8433,73020,3.2,31.6570619,33.29529423,352
943,Courtenay,2017,4,Condos,228568.932,73020,3.2,17.3255871,18.06257235,63
943,Courtenay,2017,4,Single-detached,484340.7029,73020,3.2,36.71315676,37.46374731,223
943,Courtenay,2017,4,Townhouses,325860.1064,73020,3.2,24.70028452,25.7004721,66
905,Cranbrook,2017,4,All housing types,294850.4274,78780,3.2,20.71564093,23.32692088,95
905,Cranbrook,2017,4,Condos,134785.7143,78780,3.2,9.469792819,10.88601116,11
905,Cranbrook,2017,4,Single-detached,318801.1111,78780,3.2,22.39837129,24.79879355,76
975,Dawson Creek,2017,4,All housing types,261058.4677,83940,3.2,17.21398457,17.42873376,61
975,Dawson Creek,2017,4,Single-detached,261113.4454,83940,3.2,17.21760975,17.4035768,57
937,Duncan,2017,4,All housing types,395056.3102,68600,3.2,31.87480062,33.65613231,240
937,Duncan,2017,4,Condos,208801.3699,68600,3.2,16.84697058,15.67225183,30
937,Duncan,2017,4,Single-detached,434467.7749,68600,3.2,35.05468296,37.87860121,168
937,Duncan,2017,4,Townhouses,289587.6289,68600,3.2,23.36514491,27.87876391,42
977,Fort St. John,2017,4,All housing types,351579.8193,97540,3.2,19.95049965,19.8313746,65
977,Fort St. John,2017,4,Single-detached,383678.5714,97540,3.2,21.77195273,21.34312718,38
977,Fort St. John,2017,4,Townhouses,289456.093,97540,3.2,16.42527064,16.34879797,27
925,Kamloops,2017,4,All housing types,392932.6379,79720,3.2,27.28119585,29.18144185,544
925,Kamloops,2017,4,Condos,234508.7379,79720,3.2,16.28187172,18.56500138,104
925,Kamloops,2017,4,Single-detached,440000,79720,3.2,30.54906876,32.08712104,334
925,Kamloops,2017,4,Townhouses,324266.5385,79720,3.2,22.51372905,25.397242,106
915,Kelowna,2017,4,All housing types,517431.4575,77140,3.2,37.0608233,38.09482147,1240
915,Kelowna,2017,4,Condos,311891.3043,77140,3.2,22.37877046,24.28880262,378
915,Kelowna,2017,4,Single-detached,653575.1928,77140,3.2,46.31525003,44.76537722,633
915,Kelowna,2017,4,Townhouses,437252.2936,77140,3.2,31.37365029,32.85366574,229
938,Nanaimo,2017,4,All housing types,436496.994,72120,3.2,33.49948486,33.9915153,647
938,Nanaimo,2017,4,Condos,243094.6667,72120,3.2,18.6565915,21.40189008,94
938,Nanaimo,2017,4,Single-detached,494991.8582,72120,3.2,37.98874331,37.66249954,445
938,Nanaimo,2017,4,Townhouses,337713.1579,72120,3.2,25.91820099,27.46191196,108
907,Nelson,2017,4,All housing types,410207.6923,69570,3.2,32.63580927,41.74276472,60
907,Nelson,2017,4,Single-detached,447560.9756,69570,3.2,35.60760783,43.98100233,51
939,Parksville,2017,4,All housing types,496505.2632,70750,3.2,38.84275289,38.92321274,200
939,Parksville,2017,4,Condos,299682.9268,70750,3.2,23.44488717,25.29799068,19
939,Parksville,2017,4,Single-detached,529187.1508,70750,3.2,41.27935461,41.08315087,143
939,Parksville,2017,4,Townhouses,411000,70750,3.2,32.15347877,35.70802608,38
913,Penticton,2017,4,All housing types,429120.8791,67010,3.2,35.44480713,34.46883108,266
913,Penticton,2017,4,Condos,274964.7887,67010,3.2,22.71172152,24.64960116,65
913,Penticton,2017,4,Single-detached,516060.6061,67010,3.2,42.55609134,41.62561139,125
913,Penticton,2017,4,Townhouses,341685.1515,67010,3.2,28.2227337,28.09446494,76
940,Port Alberni,2017,4,All housing types,259693.0836,63920,3.2,22.48724266,24.91984493,150
940,Port Alberni,2017,4,Single-detached,267322.7848,63920,3.2,23.14791079,25.47459468,140
945,Powell River,2017,4,All housing types,343790.3226,66780,3.2,28.49442006,28.39881449,77
945,Powell River,2017,4,Single-detached,354995.7317,66780,3.2,29.42315951,29.06419653,67
970,Prince George,2017,4,All housing types,305086.5458,83170,3.2,20.30340809,20.86631918,337
970,Prince George,2017,4,Condos,239706.3881,83170,3.2,15.95238035,12.39060086,27
970,Prince George,2017,4,Single-detached,313668.6047,83170,3.2,20.87454125,21.62037066,284
970,Prince George,2017,4,Townhouses,238468.75,83170,3.2,15.87001595,15.88118112,26
955,Prince Rupert,2017,4,All housing types,281855.6701,73860,3.2,21.12175799,20.96060583,44
955,Prince Rupert,2017,4,Single-detached,282857.1429,73860,3.2,21.19680656,21.3614414,39
952,Quesnel,2017,4,All housing types,225236.4865,72370,3.2,17.22632994,19.12777887,64
952,Quesnel,2017,4,Single-detached,230354.0146,72370,3.2,17.61772402,19.38116486,59
920,Salmon Arm,2017,4,All housing types,385145.0758,70900,3.2,30.06704198,34.91041316,97
920,Salmon Arm,2017,4,Condos,202360,70900,3.2,15.7975968,18.83347001,11
920,Salmon Arm,2017,4,Single-detached,417086.8589,70900,3.2,32.56063464,37.57179298,75
920,Salmon Arm,2017,4,Townhouses,293444.4444,70900,3.2,22.90826752,27.50382689,11
934,Squamish,2017,4,All housing types,609942.0755,88200,3.2,37.91340988,35.74275125,113
934,Squamish,2017,4,Condos,410016.3934,88200,3.2,25.73032226,24.02183276,21
934,Squamish,2017,4,Single-detached,947076.9474,88200,3.2,57.95658796,52.39203906,32
934,Squamish,2017,4,Townhouses,599421.875,88200,3.2,37.28796805,35.812071,60
965,Terrace,2017,4,All housing types,310401.5748,78190,3.2,21.97279442,22.28508389,53
965,Terrace,2017,4,Single-detached,312743.3628,78190,3.2,22.13856557,22.91057037,45
933,Vancouver,2017,4,All housing types,658560.1447,76390,3.2,47.11215601,46.34979114,13534
933,Vancouver,2017,4,Condos,489478.5077,76390,3.2,35.4657956,33.52101857,6997
933,Vancouver,2017,4,Single-detached,1254267.371,76390,3.2,86.06387579,73.63157159,3678
933,Vancouver,2017,4,Townhouses,632704.4129,76390,3.2,45.33734621,42.89966917,2859
918,Vernon,2017,4,All housing types,422023.9234,73150,3.2,31.93267712,33.47993893,311
918,Vernon,2017,4,Condos,182290.5793,73150,3.2,13.79311904,17.73657873,62
918,Vernon,2017,4,Single-detached,503618.7845,73150,3.2,38.09218666,38.42228469,198
918,Vernon,2017,4,Townhouses,353237.7432,73150,3.2,26.72793218,28.34301195,51
935,Victoria,2017,4,All housing types,581859.734,83600,3.2,38.23815225,38.89023417,1683
935,Victoria,2017,4,Condos,370786.1799,83600,3.2,24.54877643,25.16453563,634
935,Victoria,2017,4,Single-detached,767369.4779,83600,3.2,49.8738369,48.24432339,800
935,Victoria,2017,4,Townhouses,503173.665,83600,3.2,33.3027442,34.92562688,249
950,Williams Lake,2017,4,All housing types,245498.6207,75890,3.2,17.90511411,21.01542762,83
950,Williams Lake,2017,4,Single-detached,257713.1579,75890,3.2,18.79596507,22.05009043,60
950,Williams Lake,2017,4,Townhouses,186920.4545,75890,3.2,13.63279378,15.65666588,18
932,Abbotsford - Mission,2018,1,All housing types,562430.581,71232.5,3.392307692,44.36252016,39.8580484,710
932,Abbotsford - Mission,2018,1,Condos,265042.5532,71232.5,3.392307692,21.02846424,20.09532322,202
932,Abbotsford - Mission,2018,1,Single-detached,727407.8957,71232.5,3.392307692,56.76290274,49.93104757,363
932,Abbotsford - Mission,2018,1,Townhouses,449876.1329,71232.5,3.392307692,35.69315213,32.71122748,145
944,Campbell River,2018,1,All housing types,371497.4026,73257.5,3.392307692,28.65984415,28.83969156,148
944,Campbell River,2018,1,Condos,185675.4386,73257.5,3.392307692,14.32427009,18.33500271,23
944,Campbell River,2018,1,Single-detached,405109.2058,73257.5,3.392307692,31.25288796,31.14048371,101
944,Campbell River,2018,1,Townhouses,288176.4706,73257.5,3.392307692,22.231899,23.04827448,24
930,Chilliwack,2018,1,All housing types,492206.5934,72227.5,3.392307692,38.51367671,35.74923238,577
930,Chilliwack,2018,1,Condos,213667.87,72227.5,3.392307692,16.71886436,17.71905455,147
930,Chilliwack,2018,1,Single-detached,604738.9736,72227.5,3.392307692,46.88765247,42.84775906,282
930,Chilliwack,2018,1,Townhouses,420062.3978,72227.5,3.392307692,32.86861169,29.51804433,148
943,Courtenay,2018,1,All housing types,434818.0354,73357.5,3.392307692,33.49910188,33.29529423,269
943,Courtenay,2018,1,Condos,202164.0625,73357.5,3.392307692,15.57505433,18.06257235,65
943,Courtenay,2018,1,Single-detached,486025.1323,73357.5,3.392307692,37.44418147,37.46374731,155
943,Courtenay,2018,1,Townhouses,341319.1304,73357.5,3.392307692,26.29579133,25.7004721,49
905,Cranbrook,2018,1,All housing types,279960.1266,79270,3.392307692,19.95985856,23.32692088,63
905,Cranbrook,2018,1,Single-detached,293686.6142,79270,3.392307692,20.93849346,24.79879355,51
975,Dawson Creek,2018,1,All housing types,256080.1887,84507.5,3.392307692,17.12579983,17.42873376,45
975,Dawson Creek,2018,1,Single-detached,255787.8788,84507.5,3.392307692,17.1062511,17.4035768,42
937,Duncan,2018,1,All housing types,400879.4377,69275,3.392307692,32.70449011,33.65613231,169
937,Duncan,2018,1,Condos,177056.4516,69275,3.392307692,14.44459463,15.67225183,32
937,Duncan,2018,1,Single-detached,442074.2436,69275,3.392307692,36.065239,37.87860121,107
937,Duncan,2018,1,Townhouses,304166.6667,69275,3.392307692,24.81448238,27.87876391,30
977,Fort St. John,2018,1,All housing types,328702.2016,97910,3.392307692,18.97342342,19.8313746,64
977,Fort St. John,2018,1,Single-detached,372435.8974,97910,3.392307692,21.49782979,21.34312718,40
977,Fort St. John,2018,1,Townhouses,257087.5,97910,3.392307692,14.83966329,16.34879797,21
925,Kamloops,2018,1,All housing types,384186.1746,80157.5,3.392307692,27.08742395,29.18144185,418
925,Kamloops,2018,1,Condos,241168.4466,80157.5,3.392307692,17.00381843,18.56500138,102
925,Kamloops,2018,1,Single-detached,438072.9537,80157.5,3.392307692,30.88676429,32.08712104,228
925,Kamloops,2018,1,Townhouses,338288.6598,80157.5,3.392307692,23.85137454,25.397242,88
915,Kelowna,2018,1,All housing types,514220.0279,77550,3.392307692,37.42008475,38.09482147,911
915,Kelowna,2018,1,Condos,318625.5507,77550,3.392307692,23.22035918,24.28880262,303
915,Kelowna,2018,1,Single-detached,640587.3606,77550,3.392307692,46.14461508,44.76537722,443
915,Kelowna,2018,1,Townhouses,446363.5787,77550,3.392307692,32.52947732,32.85366574,165
938,Nanaimo,2018,1,All housing types,444546.3028,72652.5,3.392307692,34.58092261,33.9915153,489
938,Nanaimo,2018,1,Condos,257642.3497,72652.5,3.392307692,20.04180465,21.40189008,89
938,Nanaimo,2018,1,Single-detached,502418.0865,72652.5,3.392307692,39.07282509,37.66249954,318
938,Nanaimo,2018,1,Townhouses,365900,72652.5,3.392307692,28.46308586,27.46191196,82
907,Nelson,2018,1,All housing types,408195.8763,70072.5,3.392307692,32.92237347,41.74276472,37
907,Nelson,2018,1,Single-detached,418655.4054,70072.5,3.392307692,33.76596975,43.98100233,23
939,Parksville,2018,1,All housing types,492347.9228,71130,3.392307692,39.11915253,38.92321274,137
939,Parksville,2018,1,Condos,297284.375,71130,3.392307692,23.62051767,25.29799068,13
939,Parksville,2018,1,Single-detached,525514.5228,71130,3.392307692,41.6476843,41.08315087,98
939,Parksville,2018,1,Townhouses,404750,71130,3.392307692,32.15912214,35.70802608,26
913,Penticton,2018,1,All housing types,407965.0655,67480,3.392307692,34.16788039,34.46883108,192
913,Penticton,2018,1,Condos,279857.1429,67480,3.392307692,23.43858872,24.64960116,40
913,Penticton,2018,1,Single-detached,522791.8552,67480,3.392307692,43.68438446,41.62561139,96
913,Penticton,2018,1,Townhouses,335625.7576,67480,3.392307692,28.10932041,28.09446494,56
940,Port Alberni,2018,1,All housing types,251548.7805,64475,3.392307692,22.04961454,24.91984493,96
940,Port Alberni,2018,1,Single-detached,259193.75,64475,3.392307692,22.71973757,25.47459468,84
940,Port Alberni,2018,1,Townhouses,139184.2105,64475,3.392307692,12.20025073,17.79705682,11
945,Powell River,2018,1,All housing types,337326.3889,67282.5,3.392307692,28.33468139,28.39881449,67
945,Powell River,2018,1,Single-detached,348025.4237,67282.5,3.392307692,29.233377,29.06419653,51
970,Prince George,2018,1,All housing types,313687.1776,83707.5,3.392307692,21.17885766,20.86631918,226
970,Prince George,2018,1,Condos,244760.25,83707.5,3.392307692,16.52519729,12.39060086,13
970,Prince George,2018,1,Single-detached,323648.8223,83707.5,3.392307692,21.85142661,21.62037066,183
970,Prince George,2018,1,Townhouses,227196.4286,83707.5,3.392307692,15.33936089,15.88118112,30
955,Prince Rupert,2018,1,All housing types,295507.2464,75032.5,3.392307692,22.25813922,20.96060583,25
955,Prince Rupert,2018,1,Single-detached,298281.25,75032.5,3.392307692,22.46708218,21.3614414,25
952,Quesnel,2018,1,All housing types,214040.404,72865,3.392307692,16.60148469,19.12777887,35
952,Quesnel,2018,1,Single-detached,218180.5556,72865,3.392307692,16.92260473,19.38116486,31
920,Salmon Arm,2018,1,All housing types,382828.3871,71320,3.392307692,30.33632271,34.91041316,58
920,Salmon Arm,2018,1,Condos,225916.6667,71320,3.392307692,17.90222757,18.83347001,10
920,Salmon Arm,2018,1,Single-detached,422405.1282,71320,3.392307692,33.47248719,37.57179298,42
934,Squamish,2018,1,All housing types,651166.4414,89115,3.392307692,40.79174876,35.74275125,109
934,Squamish,2018,1,Condos,463000,89115,3.392307692,29.36299263,24.02183276,32
934,Squamish,2018,1,Single-detached,1034937.965,89115,3.392307692,63.61594803,52.39203906,25
934,Squamish,2018,1,Townhouses,637472.3214,89115,3.392307692,39.96899029,35.812071,52
965,Terrace,2018,1,All housing types,297188.2353,78757.5,3.392307692,21.32602076,22.28508389,32
965,Terrace,2018,1,Single-detached,300500,78757.5,3.392307692,21.56367069,22.91057037,25
933,Vancouver,2018,1,All housing types,675563.9702,76977.5,3.392307692,48.9205842,46.34979114,10132
933,Vancouver,2018,1,Condos,523144.95,76977.5,3.392307692,38.31915533,33.52101857,5013
933,Vancouver,2018,1,Single-detached,1267288.891,76977.5,3.392307692,88.01203285,73.63157159,2785
933,Vancouver,2018,1,Townhouses,646786.7418,76977.5,3.392307692,46.91899844,42.89966917,2334
918,Vernon,2018,1,All housing types,408737.8597,73805,3.392307692,31.29891037,33.47993893,245
918,Vernon,2018,1,Condos,178068.3966,73805,3.392307692,13.63550415,17.73657873,54
918,Vernon,2018,1,Single-detached,489432.8358,73805,3.392307692,37.47809041,38.42228469,137
918,Vernon,2018,1,Townhouses,347801.0857,73805,3.392307692,26.63270541,28.34301195,54
935,Victoria,2018,1,All housing types,576514.2857,84222.5,3.392307692,38.41561608,38.89023417,1292
935,Victoria,2018,1,Condos,382190.5579,84222.5,3.392307692,25.64613721,25.16453563,531
935,Victoria,2018,1,Single-detached,762424.939,84222.5,3.392307692,50.23419308,48.24432339,577
935,Victoria,2018,1,Townhouses,523158.7483,84222.5,3.392307692,35.02373662,34.92562688,184
950,Williams Lake,2018,1,All housing types,233599.1736,76325,3.392307692,17.29715294,21.01542762,38
950,Williams Lake,2018,1,Single-detached,252166.6667,76325,3.392307692,18.67200698,22.05009043,30
932,Abbotsford - Mission,2018,2,All housing types,578233.1042,71765,3.45,45.49437463,39.8580484,1036
932,Abbotsford - Mission,2018,2,Condos,305764.2857,71765,3.45,24.2295378,20.09532322,323
932,Abbotsford - Mission,2018,2,Single-detached,758651.7308,71765,3.45,59.03873964,49.93104757,495
932,Abbotsford - Mission,2018,2,Townhouses,481357.8512,71765,3.45,38.14401745,32.71122748,218
944,Campbell River,2018,2,All housing types,395949.6403,73735,3.45,30.53777071,28.83969156,269
944,Campbell River,2018,2,Condos,230246.1538,73735,3.45,17.75782458,18.33500271,42
944,Campbell River,2018,2,Single-detached,429902.972,73735,3.45,33.15643469,31.14048371,185
944,Campbell River,2018,2,Townhouses,343786.3636,73735,3.45,26.51465762,23.04827448,42
930,Chilliwack,2018,2,All housing types,513426.4384,72785,3.45,40.05984373,35.74923238,883
930,Chilliwack,2018,2,Condos,233796.4072,72785,3.45,18.26699073,17.71905455,187
930,Chilliwack,2018,2,Single-detached,642092.623,72785,3.45,49.58369276,42.84775906,450
930,Chilliwack,2018,2,Townhouses,444340.6091,72785,3.45,34.71723918,29.51804433,246
943,Courtenay,2018,2,All housing types,441921.9219,73695,3.45,34.10190061,33.29529423,397
943,Courtenay,2018,2,Condos,213805.1471,73695,3.45,16.4987558,18.06257235,71
943,Courtenay,2018,2,Single-detached,508411.4322,73695,3.45,39.19855096,37.46374731,243
943,Courtenay,2018,2,Townhouses,353083.3333,73695,3.45,27.24647079,25.7004721,83
905,Cranbrook,2018,2,All housing types,293636.6834,79760,3.45,20.93612134,23.32692088,136
905,Cranbrook,2018,2,Condos,129190.4762,79760,3.45,9.211204314,10.88601116,16
905,Cranbrook,2018,2,Single-detached,319073.8255,79760,3.45,22.74977448,24.79879355,98
905,Cranbrook,2018,2,Townhouses,230327.5862,79760,3.45,16.42222026,18.84060012,22
975,Dawson Creek,2018,2,All housing types,273593.4066,85075,3.45,18.28835869,17.42873376,46
975,Dawson Creek,2018,2,Single-detached,272500,85075,3.45,18.2152699,17.4035768,42
937,Duncan,2018,2,All housing types,414840.1176,69950,3.45,33.72594223,33.65613231,256
937,Duncan,2018,2,Condos,192112.6761,69950,3.45,15.61850153,15.67225183,39
937,Duncan,2018,2,Single-detached,464897.9179,69950,3.45,37.79557389,37.87860121,173
937,Duncan,2018,2,Townhouses,344875.6757,69950,3.45,28.03792743,27.87876391,44
977,Fort St. John,2018,2,All housing types,340288.9586,98280,3.45,19.69036522,19.8313746,105
977,Fort St. John,2018,2,Single-detached,366709.4017,98280,3.45,21.21914881,21.34312718,77
977,Fort St. John,2018,2,Townhouses,261150,98280,3.45,15.11109529,16.34879797,25
925,Kamloops,2018,2,All housing types,396838.5417,80595,3.45,28.00121055,29.18144185,638
925,Kamloops,2018,2,Condos,236992.3469,80595,3.45,16.72234904,18.56500138,94
925,Kamloops,2018,2,Single-detached,457651.6279,80595,3.45,32.29222529,32.08712104,417
925,Kamloops,2018,2,Townhouses,350036.0465,80595,3.45,24.69879311,25.397242,127
915,Kelowna,2018,2,All housing types,530106.4292,77960,3.45,38.55335726,38.09482147,1391
915,Kelowna,2018,2,Condos,338055.199,77960,3.45,24.65964673,24.28880262,476
915,Kelowna,2018,2,Single-detached,662075.1342,77960,3.45,47.67323655,44.76537722,675
915,Kelowna,2018,2,Townhouses,460238.8889,77960,3.45,33.57241198,32.85366574,240
938,Nanaimo,2018,2,All housing types,458554.0589,73185,3.45,35.63194477,33.9915153,632
938,Nanaimo,2018,2,Condos,278269.4954,73185,3.45,21.62293213,21.40189008,129
938,Nanaimo,2018,2,Single-detached,524567.7931,73185,3.45,40.66106641,37.66249954,407
938,Nanaimo,2018,2,Townhouses,390092.1348,73185,3.45,30.31211072,27.46191196,96
907,Nelson,2018,2,All housing types,420009.1743,70575,3.45,33.8437869,41.74276472,72
907,Nelson,2018,2,Single-detached,476030.4054,70575,3.45,38.35790403,43.98100233,51
907,Nelson,2018,2,Townhouses,381315.7895,70575,3.45,30.72592484,35.55310394,14
939,Parksville,2018,2,All housing types,522513.15789473703,71510,3.45,41.45868732,38.92321274,224
939,Parksville,2018,2,Condos,271184.2105,71510,3.45,21.56595443,25.29799068,25
939,Parksville,2018,2,Single-detached,552026.9231,71510,3.45,43.68224195,41.08315087,162
939,Parksville,2018,2,Townhouses,446015.873,71510,3.45,35.46946179,35.70802608,37
913,Penticton,2018,2,All housing types,419599.1649,67950,3.45,35.11690364,34.46883108,287
913,Penticton,2018,2,Condos,278500,67950,3.45,23.30809611,24.64960116,76
913,Penticton,2018,2,Single-detached,560311.6883,67950,3.45,46.62769051,41.62561139,135
913,Penticton,2018,2,Townhouses,325292.3485,67950,3.45,27.22422019,28.09446494,76
940,Port Alberni,2018,2,All housing types,299400,65030,3.45,26.18237892,24.91984493,144
940,Port Alberni,2018,2,Single-detached,306131.2195,65030,3.45,26.77102067,25.47459468,121
940,Port Alberni,2018,2,Townhouses,178116.6667,65030,3.45,15.57621262,17.79705682,19
945,Powell River,2018,2,All housing types,348718.75,67785,3.45,29.2558527,28.39881449,93
945,Powell River,2018,2,Condos,195352.6316,67785,3.45,16.38916122,18.58894411,11
945,Powell River,2018,2,Single-detached,362938.4615,67785,3.45,30.4488192,29.06419653,79
970,Prince George,2018,2,All housing types,316185.9296,84245,3.45,21.34368816,20.86631918,371
970,Prince George,2018,2,Condos,189024.6667,84245,3.45,12.75984527,12.39060086,26
970,Prince George,2018,2,Single-detached,334267.6349,84245,3.45,22.56426833,21.62037066,299
970,Prince George,2018,2,Townhouses,263155.2632,84245,3.45,17.76392732,15.88118112,46
955,Prince Rupert,2018,2,All housing types,325361.1111,76205,3.45,24.28025463,20.96060583,47
955,Prince Rupert,2018,2,Single-detached,326382.3529,76205,3.45,24.35646537,21.3614414,43
952,Quesnel,2018,2,All housing types,239062.5,73360,3.45,18.53203859,19.12777887,77
952,Quesnel,2018,2,Single-detached,241614.0777,73360,3.45,18.72983597,19.38116486,72
920,Salmon Arm,2018,2,All housing types,414006.5089,71740,3.45,32.81835878,34.91041316,111
920,Salmon Arm,2018,2,Condos,234939.6552,71740,3.45,18.62370211,18.83347001,19
920,Salmon Arm,2018,2,Single-detached,449425.2174,71740,3.45,35.62600517,37.57179298,73
920,Salmon Arm,2018,2,Townhouses,334269.86,71740,3.45,26.49762252,27.50382689,19
934,Squamish,2018,2,All housing types,670195.0226,90030,3.45,41.76776287,35.74275125,112
934,Squamish,2018,2,Condos,455941.1765,90030,3.45,28.80000924,24.02183276,36
934,Squamish,2018,2,Single-detached,1048120.333,90030,3.45,64.06343814,52.39203906,38
934,Squamish,2018,2,Townhouses,670554.4444,90030,3.45,41.78927122,35.812071,38
965,Terrace,2018,2,All housing types,309728.0702,79325,3.45,22.20452809,22.28508389,82
965,Terrace,2018,2,Single-detached,312311.828,79325,3.45,22.38975871,22.91057037,68
933,Vancouver,2018,2,All housing types,698435.2285,77565,3.45,50.44152311,46.34979114,12109
933,Vancouver,2018,2,Condos,536135.632,77565,3.45,39.16846854,33.52101857,6095
933,Vancouver,2018,2,Single-detached,1282434.073,77565,3.45,88.82538173,73.63157159,3233
933,Vancouver,2018,2,Townhouses,664303.7243,77565,3.45,48.07080675,42.89966917,2781
918,Vernon,2018,2,All housing types,412614.9194,74460,3.45,31.51323275,33.47993893,375
918,Vernon,2018,2,Condos,183610.4478,74460,3.45,14.02314484,17.73657873,80
918,Vernon,2018,2,Single-detached,490733.6536,74460,3.45,37.47950721,38.42228469,221
918,Vernon,2018,2,Townhouses,356070.3047,74460,3.45,27.19466956,28.34301195,74
935,Victoria,2018,2,All housing types,593886.4353,84845,3.45,39.47476737,38.89023417,1878
935,Victoria,2018,2,Condos,402480.4878,84845,3.45,26.9767507,25.16453563,699
935,Victoria,2018,2,Single-detached,797303.7472,84845,3.45,52.39146885,48.24432339,835
935,Victoria,2018,2,Townhouses,532039.8864,84845,3.45,35.54760206,34.92562688,344
950,Williams Lake,2018,2,All housing types,250666.6667,76760,3.45,18.57088846,21.01542762,88
950,Williams Lake,2018,2,Single-detached,264367.3469,76760,3.45,19.58591694,22.05009043,68
950,Williams Lake,2018,2,Townhouses,182840.9091,76760,3.45,13.54594998,15.65666588,16
932,Abbotsford - Mission,2018,3,All housing types,582894.6104,72297.5,3.680769231,46.64483775,39.8580484,853
932,Abbotsford - Mission,2018,3,Condos,319295.3752,72297.5,3.680769231,25.74358508,20.09532322,250
932,Abbotsford - Mission,2018,3,Single-detached,773245.8472,72297.5,3.680769231,61.18438912,49.93104757,408
932,Abbotsford - Mission,2018,3,Townhouses,496096.6102,72297.5,3.680769231,39.99840362,32.71122748,195
944,Campbell River,2018,3,All housing types,402141.9643,74212.5,3.680769231,31.58653681,28.83969156,291
944,Campbell River,2018,3,Condos,301701.1139,74212.5,3.680769231,23.69733623,18.33500271,59
944,Campbell River,2018,3,Single-detached,447254.6667,74212.5,3.680769231,35.12994725,31.14048371,190
944,Campbell River,2018,3,Townhouses,345175,74212.5,3.680769231,27.11202464,23.04827448,42
930,Chilliwack,2018,3,All housing types,532432.9588,73342.5,3.680769231,42.18075039,35.74923238,719
930,Chilliwack,2018,3,Condos,254756.3291,73342.5,3.680769231,20.2473855,17.71905455,129
930,Chilliwack,2018,3,Single-detached,657625.6757,73342.5,3.680769231,51.60706516,42.84775906,401
930,Chilliwack,2018,3,Townhouses,450812.4138,73342.5,3.680769231,35.82942478,29.51804433,189
943,Courtenay,2018,3,All housing types,462831.8486,74032.5,3.680769231,36.44185702,33.29529423,501
943,Courtenay,2018,3,Condos,254922.1311,74032.5,3.680769231,20.0717299,18.06257235,51
943,Courtenay,2018,3,Single-detached,533907.0239,74032.5,3.680769231,41.89757051,37.46374731,302
943,Courtenay,2018,3,Townhouses,348807.7922,74032.5,3.680769231,27.46397796,25.7004721,148
905,Cranbrook,2018,3,All housing types,321905,80250,3.680769231,23.38203791,23.32692088,136
905,Cranbrook,2018,3,Condos,122987.037,80250,3.680769231,8.933342329,10.88601116,11
905,Cranbrook,2018,3,Single-detached,350957.346,80250,3.680769231,25.49229732,24.79879355,113
905,Cranbrook,2018,3,Townhouses,223544.1176,80250,3.680769231,16.23745215,18.84060012,12
975,Dawson Creek,2018,3,All housing types,282996.1165,85642.5,3.680769231,19.26153164,17.42873376,57
975,Dawson Creek,2018,3,Single-detached,282741.9355,85642.5,3.680769231,19.24423135,17.4035768,51
937,Duncan,2018,3,All housing types,425000,70625,3.680769231,35.07762236,33.65613231,220
937,Duncan,2018,3,Condos,191116.8831,70625,3.680769231,15.77394318,15.67225183,38
937,Duncan,2018,3,Single-detached,480971.3826,70625,3.680769231,39.697253,37.87860121,138
937,Duncan,2018,3,Townhouses,358450,70625,3.680769231,29.58487937,27.87876391,44
977,Fort St. John,2018,3,All housing types,348450,98650,3.680769231,20.58937,19.8313746,120
977,Fort St. John,2018,3,Single-detached,366354.1667,98650,3.680769231,21.64729944,21.34312718,91
977,Fort St. John,2018,3,Townhouses,295000,98650,3.680769231,17.43109241,16.34879797,25
925,Kamloops,2018,3,All housing types,416333.4382,81032.5,3.680769231,29.9489592,29.18144185,673
925,Kamloops,2018,3,Condos,246312.973,81032.5,3.680769231,17.71853159,18.56500138,91
925,Kamloops,2018,3,Single-detached,473605.5886,81032.5,3.680769231,34.06883317,32.08712104,424
925,Kamloops,2018,3,Townhouses,351100.8772,81032.5,3.680769231,25.25645283,25.397242,158
915,Kelowna,2018,3,All housing types,556797.4991,78370,3.680769231,41.19164921,38.09482147,1488
915,Kelowna,2018,3,Condos,347186.0941,78370,3.680769231,25.82332459,24.28880262,502
915,Kelowna,2018,3,Single-detached,676481.8117,78370,3.680769231,49.62511264,44.76537722,727
915,Kelowna,2018,3,Townhouses,483571.1423,78370,3.680769231,35.96749634,32.85366574,259
938,Nanaimo,2018,3,All housing types,469355.3259,73717.5,3.680769231,37.11340756,33.9915153,626
938,Nanaimo,2018,3,Condos,287786.1842,73717.5,3.680769231,22.75616224,21.40189008,99
938,Nanaimo,2018,3,Single-detached,532899.2754,73717.5,3.680769231,42.00110987,37.66249954,421
938,Nanaimo,2018,3,Townhouses,379478.7129,73717.5,3.680769231,30.00657999,27.46191196,106
907,Nelson,2018,3,All housing types,461560.9756,71077.5,3.680769231,37.85267863,41.74276472,92
907,Nelson,2018,3,Single-detached,506627.0161,71077.5,3.680769231,41.51994642,43.98100233,73
907,Nelson,2018,3,Townhouses,397160,71077.5,3.680769231,32.57114583,35.55310394,11
939,Parksville,2018,3,All housing types,553915.7428,71890,3.680769231,44.68320598,38.92321274,227
939,Parksville,2018,3,Condos,321671.6981,71890,3.680769231,26.08218957,25.29799068,28
939,Parksville,2018,3,Single-detached,604688.8218,71890,3.680769231,48.58337654,41.08315087,169
939,Parksville,2018,3,Townhouses,445082.9104,71890,3.680769231,36.08877284,35.70802608,30
913,Penticton,2018,3,All housing types,429496.8791,68420,3.680769231,36.59119741,34.46883108,317
913,Penticton,2018,3,Condos,286215,68420,3.680769231,24.3842274,24.64960116,95
913,Penticton,2018,3,Single-detached,562451.6129,68420,3.680769231,47.63830985,41.62561139,144
913,Penticton,2018,3,Townhouses,370761.2143,68420,3.680769231,31.58718362,28.09446494,78
940,Port Alberni,2018,3,All housing types,313750,65585,3.680769231,27.88552919,24.91984493,144
940,Port Alberni,2018,3,Single-detached,315933.7349,65585,3.680769231,28.07961558,25.47459468,128
940,Port Alberni,2018,3,Townhouses,199200,65585,3.680769231,17.70453359,17.79705682,11
945,Powell River,2018,3,All housing types,365573.7705,68287.5,3.680769231,31.2056687,28.39881449,90
945,Powell River,2018,3,Single-detached,378703.2258,68287.5,3.680769231,32.32640948,29.06419653,76
970,Prince George,2018,3,All housing types,325669.598,84782.5,3.680769231,22.39085505,20.86631918,425
970,Prince George,2018,3,Condos,188306.1224,84782.5,3.680769231,12.94666471,12.39060086,23
970,Prince George,2018,3,Single-detached,340798.4962,84782.5,3.680769231,23.43101652,21.62037066,366
970,Prince George,2018,3,Townhouses,268887.8049,84782.5,3.680769231,18.48692018,15.88118112,36
955,Prince Rupert,2018,3,All housing types,314679.2453,77377.5,3.680769231,23.70571642,20.96060583,59
955,Prince Rupert,2018,3,Single-detached,314941.1765,77377.5,3.680769231,23.72544847,21.3614414,59
952,Quesnel,2018,3,All housing types,242572.1467,73855,3.680769231,19.14523529,19.12777887,107
952,Quesnel,2018,3,Single-detached,242513.764,73855,3.680769231,19.14062738,19.38116486,106
920,Salmon Arm,2018,3,All housing types,425426.9663,72160,3.680769231,34.36593539,34.91041316,156
920,Salmon Arm,2018,3,Condos,243512.5,72160,3.680769231,19.6709083,18.83347001,21
920,Salmon Arm,2018,3,Single-detached,464029.2553,72160,3.680769231,37.48422331,37.57179298,115
920,Salmon Arm,2018,3,Townhouses,330814.0128,72160,3.680769231,26.72311323,27.50382689,20
934,Squamish,2018,3,All housing types,699675,90945,3.680769231,44.17174561,35.74275125,144
934,Squamish,2018,3,Condos,438758.0645,90945,3.680769231,28.12198445,24.02183276,26
934,Squamish,2018,3,Single-detached,1058462.091,90945,3.680769231,65.56326723,52.39203906,39
934,Squamish,2018,3,Townhouses,686428.8462,90945,3.680769231,43.36742435,35.812071,79
965,Terrace,2018,3,All housing types,322430.9392,79892.5,3.680769231,23.52504029,22.28508389,99
965,Terrace,2018,3,Single-detached,327844.1558,79892.5,3.680769231,23.91999662,22.91057037,86
933,Vancouver,2018,3,All housing types,682417.8475,78152.5,3.680769231,50.18266264,46.34979114,12323
933,Vancouver,2018,3,Condos,515469.2952,78152.5,3.680769231,38.38602157,33.52101857,6377
933,Vancouver,2018,3,Single-detached,1292152,78152.5,3.680769231,90.9729549,73.63157159,3365
933,Vancouver,2018,3,Townhouses,665199.7296,78152.5,3.680769231,48.96602461,42.89966917,2581
918,Vernon,2018,3,All housing types,431041.1985,75115,3.680769231,33.44966626,33.47993893,426
918,Vernon,2018,3,Condos,206242.0382,75115,3.680769231,16.00479808,17.73657873,77
918,Vernon,2018,3,Single-detached,510800.5188,75115,3.680769231,39.59503762,38.42228469,257
918,Vernon,2018,3,Townhouses,363568.1024,75115,3.680769231,28.21361793,28.34301195,92
935,Victoria,2018,3,All housing types,614465.1721,85467.5,3.680769231,41.49702171,38.89023417,1869
935,Victoria,2018,3,Condos,414640.3574,85467.5,3.680769231,28.27940375,25.16453563,644
935,Victoria,2018,3,Single-detached,809981.8102,85467.5,3.680769231,54.12987067,48.24432339,883
935,Victoria,2018,3,Townhouses,537521.4402,85467.5,3.680769231,36.52548296,34.92562688,342
950,Williams Lake,2018,3,All housing types,266391.3043,77195,3.680769231,20.11548702,21.01542762,96
950,Williams Lake,2018,3,Single-detached,274814.6259,77195,3.680769231,20.75154086,22.05009043,79
950,Williams Lake,2018,3,Townhouses,188586.2069,77195,3.680769231,14.24034244,15.65666588,13
932,Abbotsford - Mission,2018,4,All housing types,536571.0339,72830,3.873076923,43.67219713,39.8580484,800
932,Abbotsford - Mission,2018,4,Condos,326347.6703,72830,3.873076923,26.65747676,20.09532322,308
932,Abbotsford - Mission,2018,4,Single-detached,759482.906,72830,3.873076923,60.92225777,49.93104757,294
932,Abbotsford - Mission,2018,4,Townhouses,489949.6183,72830,3.873076923,40.02118525,32.71122748,198
944,Campbell River,2018,4,All housing types,401818.0915,74690,3.873076923,32.00485469,28.83969156,212
944,Campbell River,2018,4,Condos,303736.7043,74690,3.873076923,24.19266153,18.33500271,34
944,Campbell River,2018,4,Single-detached,444929.3313,74690,3.873076923,35.43866963,31.14048371,139
944,Campbell River,2018,4,Townhouses,351244.4444,74690,3.873076923,27.9766582,23.04827448,39
930,Chilliwack,2018,4,All housing types,536587.4295,73900,3.873076923,43.04111667,35.74923238,522
930,Chilliwack,2018,4,Condos,258821.4286,73900,3.873076923,20.83553345,17.71905455,67
930,Chilliwack,2018,4,Single-detached,653459.0511,73900,3.873076923,51.95429034,42.84775906,284
930,Chilliwack,2018,4,Townhouses,442500,73900,3.873076923,35.62194832,29.51804433,171
943,Courtenay,2018,4,All housing types,457408.3969,74370,3.873076923,36.58939125,33.29529423,285
943,Courtenay,2018,4,Condos,284713.4615,74370,3.873076923,22.77503498,18.06257235,53
943,Courtenay,2018,4,Single-detached,541989.7946,74370,3.873076923,43.17851317,37.46374731,146
943,Courtenay,2018,4,Townhouses,347707.6923,74370,3.873076923,27.81412165,25.7004721,86
905,Cranbrook,2018,4,All housing types,328860.9607,80740,3.873076923,24.23105976,23.32692088,93
905,Cranbrook,2018,4,Condos,114229.3103,80740,3.873076923,8.416618499,10.88601116,18
905,Cranbrook,2018,4,Single-detached,362750.2825,80740,3.873076923,26.72808519,24.79879355,64
905,Cranbrook,2018,4,Townhouses,242026.087,80740,3.873076923,17.83291201,18.84060012,11
975,Dawson Creek,2018,4,All housing types,284394.6903,86210,3.873076923,19.62513583,17.42873376,56
975,Dawson Creek,2018,4,Single-detached,285000,86210,3.873076923,19.66690625,17.4035768,54
937,Duncan,2018,4,All housing types,422666.9211,71300,3.873076923,35.26611042,33.65613231,173
937,Duncan,2018,4,Condos,208609.375,71300,3.873076923,17.40576536,15.67225183,26
937,Duncan,2018,4,Single-detached,482882.996,71300,3.873076923,40.29036626,37.87860121,109
937,Duncan,2018,4,Townhouses,360339.0244,71300,3.873076923,30.06565025,27.87876391,38
977,Fort St. John,2018,4,All housing types,347828.0543,99020,3.873076923,20.89731639,19.8313746,101
977,Fort St. John,2018,4,Single-detached,373313.8554,99020,3.873076923,22.42848917,21.34312718,75
977,Fort St. John,2018,4,Townhouses,294743.75,99020,3.873076923,17.70804086,16.34879797,23
925,Kamloops,2018,4,All housing types,424694.617,81470,3.873076923,31.01186413,29.18144185,451
925,Kamloops,2018,4,Condos,251767.7083,81470,3.873076923,18.38447122,18.56500138,53
925,Kamloops,2018,4,Single-detached,478339.4444,81470,3.873076923,34.92909321,32.08712104,296
925,Kamloops,2018,4,Townhouses,356363.2692,81470,3.873076923,26.02220242,25.397242,102
915,Kelowna,2018,4,All housing types,534662.5894,78780,3.873076923,40.23724555,38.09482147,1169
915,Kelowna,2018,4,Condos,315184.7695,78780,3.873076923,23.80115756,24.28880262,496
915,Kelowna,2018,4,Single-detached,669624.1694,78780,3.873076923,49.89245978,44.76537722,477
915,Kelowna,2018,4,Townhouses,499856.1846,78780,3.873076923,37.74660757,32.85366574,196
938,Nanaimo,2018,4,All housing types,478634.8364,74250,3.873076923,38.34923273,33.9915153,505
938,Nanaimo,2018,4,Condos,293854.2373,74250,3.873076923,23.54422135,21.40189008,78
938,Nanaimo,2018,4,Single-detached,538834.1897,74250,3.873076923,43.00876994,37.66249954,338
938,Nanaimo,2018,4,Townhouses,376755.0769,74250,3.873076923,30.18641149,27.46191196,89
907,Nelson,2018,4,All housing types,472689.6552,71580,3.873076923,39.28558607,41.74276472,53
907,Nelson,2018,4,Single-detached,491991.3793,71580,3.873076923,40.88976661,43.98100233,43
939,Parksville,2018,4,All housing types,539634.4648,72270,3.873076923,44.24950165,38.92321274,156
939,Parksville,2018,4,Condos,322768.8889,72270,3.873076923,26.5694427,25.29799068,17
939,Parksville,2018,4,Single-detached,608243.7276,72270,3.873076923,49.59997784,41.08315087,110
939,Parksville,2018,4,Townhouses,431322.9661,72270,3.873076923,35.50531426,35.70802608,29
913,Penticton,2018,4,All housing types,414688.5862,68890,3.873076923,35.81085828,34.46883108,211
913,Penticton,2018,4,Condos,316927.7341,68890,3.873076923,27.36861961,24.64960116,78
913,Penticton,2018,4,Single-detached,560191.3043,68890,3.873076923,48.10232205,41.62561139,86
913,Penticton,2018,4,Townhouses,394369.896,68890,3.873076923,34.05621695,28.09446494,47
940,Port Alberni,2018,4,All housing types,290616.7401,66140,3.873076923,26.13998108,24.91984493,83
940,Port Alberni,2018,4,Single-detached,297009.9502,66140,3.873076923,26.71502845,25.47459468,73
945,Powell River,2018,4,All housing types,362392.638,68790,3.873076923,31.34028125,28.39881449,73
945,Powell River,2018,4,Single-detached,370808.5106,68790,3.873076923,32.06809906,29.06419653,65
970,Prince George,2018,4,All housing types,322547.8142,85320,3.873076923,22.49013638,20.86631918,307
970,Prince George,2018,4,Condos,128590.9091,85320,3.873076923,8.9661965,12.39060086,21
970,Prince George,2018,4,Single-detached,334923.2909,85320,3.873076923,23.3530353,21.62037066,263
970,Prince George,2018,4,Townhouses,245025.4237,85320,3.873076923,17.08476993,15.88118112,23
955,Prince Rupert,2018,4,All housing types,314775.2809,78550,3.873076923,23.839836,20.96060583,30
955,Prince Rupert,2018,4,Single-detached,315011.4943,78550,3.873076923,23.85772586,21.3614414,28
952,Quesnel,2018,4,All housing types,232891.568,74350,3.873076923,18.6346665,19.12777887,62
952,Quesnel,2018,4,Single-detached,237039.5706,74350,3.873076923,18.96656621,19.38116486,57
920,Salmon Arm,2018,4,All housing types,435602.4096,72580,3.873076923,35.70443313,34.91041316,93
920,Salmon Arm,2018,4,Condos,241772.7273,72580,3.873076923,19.8170579,18.83347001,12
920,Salmon Arm,2018,4,Single-detached,460687.5,72580,3.873076923,37.76054877,37.57179298,69
920,Salmon Arm,2018,4,Townhouses,308156.25,72580,3.873076923,25.25822626,27.50382689,12
934,Squamish,2018,4,All housing types,713750,91860,3.873076923,45.4955291,35.74275125,96
934,Squamish,2018,4,Condos,474092.1053,91860,3.873076923,30.70330416,24.02183276,12
934,Squamish,2018,4,Single-detached,1049643.65,91860,3.873076923,65.76544778,52.39203906,21
934,Squamish,2018,4,Townhouses,687104.7535,91860,3.873076923,43.86074262,35.812071,63
965,Terrace,2018,4,All housing types,344577.8894,80460,3.873076923,25.47746484,22.28508389,100
965,Terrace,2018,4,Condos,133131.5789,80460,3.873076923,9.843507741,9.171153832,11
965,Terrace,2018,4,Single-detached,358833.006,80460,3.873076923,26.53146233,22.91057037,81
933,Vancouver,2018,4,All housing types,655530.0145,78740,3.873076923,48.90899058,46.34979114,9818
933,Vancouver,2018,4,Condos,512817.3721,78740,3.873076923,38.69407519,33.52101857,5602
933,Vancouver,2018,4,Single-detached,1276692.057,78740,3.873076923,91.16926077,73.63157159,2346
933,Vancouver,2018,4,Townhouses,653236.2278,78740,3.873076923,48.74480865,42.89966917,1870
918,Vernon,2018,4,All housing types,429322.9462,75770,3.873076923,33.70820654,33.47993893,280
918,Vernon,2018,4,Condos,210277.7778,75770,3.873076923,16.5099183,17.73657873,49
918,Vernon,2018,4,Single-detached,520050.6024,75770,3.873076923,40.74881433,38.42228469,158
918,Vernon,2018,4,Townhouses,361116.5697,75770,3.873076923,28.35299633,28.34301195,73
935,Victoria,2018,4,All housing types,625106.5574,86090,3.873076923,42.74164939,38.89023417,1425
935,Victoria,2018,4,Condos,414591.3706,86090,3.873076923,28.64945621,25.16453563,538
935,Victoria,2018,4,Single-detached,800782.5802,86090,3.873076923,54.24243532,48.24432339,644
935,Victoria,2018,4,Townhouses,556580.4846,86090,3.873076923,38.25552954,34.92562688,243
950,Williams Lake,2018,4,All housing types,279666.6667,77630,3.873076923,21.43186439,21.01542762,48
950,Williams Lake,2018,4,Single-detached,284068.1818,77630,3.873076923,21.76916835,22.05009043,42
932,Abbotsford - Mission,2019,1,All housing types,486336.8215,73192.5,3.95,39.85069684,39.8580484,729
932,Abbotsford - Mission,2019,1,Condos,333264.0902,73192.5,3.95,27.30783613,20.09532322,313
932,Abbotsford - Mission,2019,1,Single-detached,726941.0646,73192.5,3.95,58.58721648,49.93104757,232
932,Abbotsford - Mission,2019,1,Townhouses,495836.4084,73192.5,3.95,40.62909803,32.71122748,184
944,Campbell River,2019,1,All housing types,403204.1033,75022.5,3.95,32.23285395,28.83969156,117
944,Campbell River,2019,1,Condos,250053.35,75022.5,3.95,19.98971003,18.33500271,26
944,Campbell River,2019,1,Single-detached,444360.7981,75022.5,3.95,35.52299341,31.14048371,74
944,Campbell River,2019,1,Townhouses,347625,75022.5,3.95,27.78976147,23.04827448,17
930,Chilliwack,2019,1,All housing types,514403.9735,74467.5,3.95,41.36779527,35.74923238,384
930,Chilliwack,2019,1,Condos,232422.3242,74467.5,3.95,18.71873151,17.71905455,61
930,Chilliwack,2019,1,Single-detached,636544.7154,74467.5,3.95,50.68698242,42.84775906,208
930,Chilliwack,2019,1,Townhouses,437227.2727,74467.5,3.95,35.21322642,29.51804433,115
943,Courtenay,2019,1,All housing types,438667.992,75022.5,3.95,35.06790036,33.29529423,218
943,Courtenay,2019,1,Condos,246996.6292,75022.5,3.95,19.74535033,18.06257235,36
943,Courtenay,2019,1,Single-detached,540571.7481,75022.5,3.95,43.04356397,37.46374731,124
943,Courtenay,2019,1,Townhouses,356351.3889,75022.5,3.95,28.48736453,25.7004721,58
905,Cranbrook,2019,1,All housing types,314685.906,81167.5,3.95,23.25200845,23.32692088,56
905,Cranbrook,2019,1,Single-detached,351852.7273,81167.5,3.95,25.99824914,24.79879355,46
975,Dawson Creek,2019,1,All housing types,270297.4684,86365,3.95,18.77022809,17.42873376,23
975,Dawson Creek,2019,1,Single-detached,270381.5789,86365,3.95,18.77606897,17.4035768,22
937,Duncan,2019,1,All housing types,424907,71672.5,3.95,35.55549112,33.65613231,127
937,Duncan,2019,1,Condos,213180,71672.5,3.95,17.83853784,15.67225183,24
937,Duncan,2019,1,Single-detached,491393.956,71672.5,3.95,41.1190059,37.87860121,73
937,Duncan,2019,1,Townhouses,367308.8235,71672.5,3.95,30.73577421,27.87876391,30
977,Fort St. John,2019,1,All housing types,346433.121,99445,3.95,20.89304808,19.8313746,56
977,Fort St. John,2019,1,Single-detached,374685.7143,99445,3.95,22.59693478,21.34312718,44
977,Fort St. John,2019,1,Townhouses,303167.6471,99445,3.95,18.28374899,16.34879797,11
925,Kamloops,2019,1,All housing types,424748.2205,82025,3.95,31.05636901,29.18144185,329
925,Kamloops,2019,1,Condos,236855.3922,82025,3.95,17.31818547,18.56500138,49
925,Kamloops,2019,1,Single-detached,477060.4374,82025,3.95,34.88128794,32.08712104,207
925,Kamloops,2019,1,Townhouses,364951.1429,82025,3.95,26.68417857,25.397242,73
915,Kelowna,2019,1,All housing types,495926.4857,79387.5,3.95,37.46541319,38.09482147,783
915,Kelowna,2019,1,Condos,307134.6012,79387.5,3.95,23.20288404,24.28880262,319
915,Kelowna,2019,1,Single-detached,649594.0224,79387.5,3.95,48.47962371,44.76537722,326
915,Kelowna,2019,1,Townhouses,485956,79387.5,3.95,36.71217985,32.85366574,138
938,Nanaimo,2019,1,All housing types,473057.211,74835,3.95,37.91178679,33.9915153,334
938,Nanaimo,2019,1,Condos,290988.1579,74835,3.95,23.32039497,21.40189008,74
938,Nanaimo,2019,1,Single-detached,540330.0546,74835,3.95,43.13305979,37.66249954,211
938,Nanaimo,2019,1,Townhouses,390164.7826,74835,3.95,31.26861553,27.46191196,49
907,Nelson,2019,1,All housing types,445238.0952,72100,3.95,37.03585719,41.74276472,31
907,Nelson,2019,1,Single-detached,463153.8462,72100,3.95,38.52612767,43.98100233,22
939,Parksville,2019,1,All housing types,507867.7778,72780,3.95,41.81669527,38.92321274,114
939,Parksville,2019,1,Condos,304148.3871,72780,3.95,25.06333251,25.29799068,14
939,Parksville,2019,1,Single-detached,567156.9892,72780,3.95,46.44527636,41.08315087,76
939,Parksville,2019,1,Townhouses,439669.8113,72780,3.95,36.23096864,35.70802608,24
913,Penticton,2019,1,All housing types,403735.8381,69760,3.95,34.71012512,34.46883108,175
913,Penticton,2019,1,Condos,325140.7381,69760,3.95,27.95311844,24.64960116,48
913,Penticton,2019,1,Single-detached,529669.8113,69760,3.95,45.40271494,41.62561139,73
913,Penticton,2019,1,Townhouses,373663.3663,69760,3.95,32.12472358,28.09446494,54
940,Port Alberni,2019,1,All housing types,296012.9032,66582.5,3.95,26.66342247,24.91984493,72
940,Port Alberni,2019,1,Single-detached,307690.6475,66582.5,3.95,27.71529766,25.47459468,66
945,Powell River,2019,1,All housing types,362007.874,68955,3.95,31.48600815,28.39881449,54
945,Powell River,2019,1,Single-detached,365614.0351,68955,3.95,31.79965773,29.06419653,49
970,Prince George,2019,1,All housing types,322503.006,85810,3.95,22.54037901,20.86631918,192
970,Prince George,2019,1,Condos,128250,85810,3.95,8.963648569,12.39060086,21
970,Prince George,2019,1,Single-detached,338329.9031,85810,3.95,23.64655245,21.62037066,150
970,Prince George,2019,1,Townhouses,229590.9091,85810,3.95,16.04656705,15.88118112,21
955,Prince Rupert,2019,1,All housing types,303467.7419,79602.5,3.95,22.86394544,20.96060583,32
955,Prince Rupert,2019,1,Single-detached,307094.3396,79602.5,3.95,23.1371815,21.3614414,25
952,Quesnel,2019,1,All housing types,223025,74590,3.95,17.93239474,19.12777887,34
952,Quesnel,2019,1,Single-detached,232892.8571,74590,3.95,18.72582287,19.38116486,27
920,Salmon Arm,2019,1,All housing types,441553.2787,73170,3.95,36.19223542,34.91041316,29
920,Salmon Arm,2019,1,Single-detached,451375,73170,3.95,36.99727995,37.57179298,23
934,Squamish,2019,1,All housing types,648796.2791,92737.5,3.95,41.4518779,35.74275125,119
934,Squamish,2019,1,Condos,464629.0323,92737.5,3.95,30.04805105,24.02183276,19
934,Squamish,2019,1,Single-detached,986786.0795,92737.5,3.95,62.15960649,52.39203906,23
934,Squamish,2019,1,Townhouses,639705,92737.5,3.95,40.89487961,35.812071,77
965,Terrace,2019,1,All housing types,362405.5944,81992.5,3.95,26.50855862,22.28508389,43
965,Terrace,2019,1,Single-detached,383456.3571,81992.5,3.95,28.04833998,22.91057037,31
933,Vancouver,2019,1,All housing types,634802.52,79367.5,3.95,47.4329429,46.34979114,7583
933,Vancouver,2019,1,Condos,510652.8759,79367.5,3.95,38.54529109,33.52101857,4308
933,Vancouver,2019,1,Single-detached,1228784.746,79367.5,3.95,88.1352618,73.63157159,1725
933,Vancouver,2019,1,Townhouses,645191.3743,79367.5,3.95,48.17666246,42.89966917,1550
918,Vernon,2019,1,All housing types,422922.3377,76317.5,3.95,33.23547102,33.47993893,213
918,Vernon,2019,1,Condos,192784.0909,76317.5,3.95,15.14999208,17.73657873,39
918,Vernon,2019,1,Single-detached,515453.2374,76317.5,3.95,40.4431222,38.42228469,120
918,Vernon,2019,1,Townhouses,363059.8425,76317.5,3.95,28.53115998,28.34301195,54
935,Victoria,2019,1,All housing types,618429.4004,86765,3.95,42.31666762,38.89023417,1160
935,Victoria,2019,1,Condos,422236.3289,86765,3.95,29.18612077,25.16453563,508
935,Victoria,2019,1,Single-detached,784362.1766,86765,3.95,53.18272169,48.24432339,477
935,Victoria,2019,1,Townhouses,557561.805,86765,3.95,38.33077287,34.92562688,175
950,Williams Lake,2019,1,All housing types,295670.8861,77752.5,3.95,22.80654773,21.01542762,31
950,Williams Lake,2019,1,Single-detached,298150,77752.5,3.95,22.99777396,22.05009043,28
932,Abbotsford - Mission,2019,2,All housing types,520262.3626,73555,3.95,42.33352403,39.8580484,909
932,Abbotsford - Mission,2019,2,Condos,322898.0322,73555,3.95,26.32804114,20.09532322,246
932,Abbotsford - Mission,2019,2,Single-detached,735415.6201,73555,3.95,58.95310155,49.93104757,405
932,Abbotsford - Mission,2019,2,Townhouses,498591.1946,73555,3.95,40.65348244,32.71122748,258
944,Campbell River,2019,2,All housing types,403311.8571,75355,3.95,32.09920419,28.83969156,233
944,Campbell River,2019,2,Condos,246268.6567,75355,3.95,19.60028637,18.33500271,41
944,Campbell River,2019,2,Single-detached,443461.1354,75355,3.95,35.29464676,31.14048371,155
944,Campbell River,2019,2,Townhouses,308388.2037,75355,3.95,24.54432158,23.04827448,37
930,Chilliwack,2019,2,All housing types,529161.1058,75035,3.95,42.17236013,35.74923238,665
930,Chilliwack,2019,2,Condos,234669.0211,75035,3.95,18.7567342,17.71905455,105
930,Chilliwack,2019,2,Single-detached,640908.3333,75035,3.95,50.63405039,42.84775906,368
930,Chilliwack,2019,2,Townhouses,447814.3322,75035,3.95,35.79311135,29.51804433,192
943,Courtenay,2019,2,All housing types,480226.7135,75675,3.95,38.05916314,33.29529423,351
943,Courtenay,2019,2,Condos,251292.5532,75675,3.95,19.91556073,18.06257235,58
943,Courtenay,2019,2,Single-detached,585850.2202,75675,3.95,46.07199207,37.46374731,203
943,Courtenay,2019,2,Townhouses,376078.3784,75675,3.95,29.80514818,25.7004721,90
905,Cranbrook,2019,2,All housing types,322232.6087,81595,3.95,23.68488551,23.32692088,128
905,Cranbrook,2019,2,Condos,96350,81595,3.95,7.08196085,10.88601116,14
905,Cranbrook,2019,2,Single-detached,342697.8811,81595,3.95,25.18913313,24.79879355,97
905,Cranbrook,2019,2,Townhouses,218347.7143,81595,3.95,16.04909148,18.84060012,17
975,Dawson Creek,2019,2,All housing types,267847.2222,86520,3.95,18.56675409,17.42873376,49
975,Dawson Creek,2019,2,Single-detached,270500,86520,3.95,18.75064053,17.4035768,44
937,Duncan,2019,2,All housing types,453535.6913,72045,3.95,37.7548695,33.65613231,184
937,Duncan,2019,2,Condos,198215.2174,72045,3.95,16.5005529,15.67225183,22
937,Duncan,2019,2,Single-detached,514738.9267,72045,3.95,42.7851957,37.87860121,118
937,Duncan,2019,2,Townhouses,388013.5135,72045,3.95,32.30043379,27.87876391,44
977,Fort St. John,2019,2,All housing types,352879.1139,99870,3.95,21.19123432,19.8313746,102
977,Fort St. John,2019,2,Single-detached,384354.8387,99870,3.95,23.08142684,21.34312718,80
977,Fort St. John,2019,2,Townhouses,296019.8,99870,3.95,17.7766966,16.34879797,19
925,Kamloops,2019,2,All housing types,435961.5385,82580,3.95,31.66202207,29.18144185,581
925,Kamloops,2019,2,Condos,243128.2051,82580,3.95,17.65736176,18.56500138,68
925,Kamloops,2019,2,Single-detached,486270.8688,82580,3.95,35.31577358,32.08712104,380
925,Kamloops,2019,2,Townhouses,377163.5922,82580,3.95,27.3917787,25.397242,133
915,Kelowna,2019,2,All housing types,542307.449,79995,3.95,40.49125126,38.09482147,1177
915,Kelowna,2019,2,Condos,352872.5118,79995,3.95,26.45576569,24.28880262,314
915,Kelowna,2019,2,Single-detached,656148.2277,79995,3.95,48.57698189,44.76537722,605
915,Kelowna,2019,2,Townhouses,486034.697,79995,3.95,36.43927942,32.85366574,258
938,Nanaimo,2019,2,All housing types,475423.4483,75420,3.95,37.80588587,33.9915153,536
938,Nanaimo,2019,2,Condos,283913.5593,75420,3.95,22.5769336,21.40189008,103
938,Nanaimo,2019,2,Single-detached,543615.1079,75420,3.95,43.0459755,37.66249954,345
938,Nanaimo,2019,2,Townhouses,406351.8248,75420,3.95,32.31327939,27.46191196,88
907,Nelson,2019,2,All housing types,472781.6092,72620,3.95,39.04538229,41.74276472,56
907,Nelson,2019,2,Single-detached,492448.2759,72620,3.95,40.66958362,43.98100233,36
907,Nelson,2019,2,Townhouses,399961.1111,72620,3.95,33.03139162,35.55310394,11
939,Parksville,2019,2,All housing types,519211.7057,73290,3.95,42.40514069,38.92321274,185
939,Parksville,2019,2,Condos,293015.7895,73290,3.95,23.97792796,25.29799068,24
939,Parksville,2019,2,Single-detached,547836.7925,73290,3.95,44.62428907,41.08315087,136
939,Parksville,2019,2,Townhouses,483571.4286,73290,3.95,39.57138589,35.70802608,25
913,Penticton,2019,2,All housing types,425142.2159,70630,3.95,36.10026375,34.46883108,265
913,Penticton,2019,2,Condos,305297.5207,70630,3.95,25.92384526,24.64960116,73
913,Penticton,2019,2,Single-detached,525482.6733,70630,3.95,44.50662616,41.62561139,129
913,Penticton,2019,2,Townhouses,371153.8462,70630,3.95,31.51592864,28.09446494,63
940,Port Alberni,2019,2,All housing types,325382.9787,67025,3.95,29.11543997,24.91984493,116
940,Port Alberni,2019,2,Single-detached,331952.6627,67025,3.95,29.70329875,25.47459468,103
945,Powell River,2019,2,All housing types,364187.5,69120,3.95,31.59996891,28.39881449,74
945,Powell River,2019,2,Single-detached,369531.25,69120,3.95,32.06363758,29.06419653,63
970,Prince George,2019,2,All housing types,337271.7391,86300,3.95,23.43875318,20.86631918,360
970,Prince George,2019,2,Condos,177829.5455,86300,3.95,12.35829256,12.39060086,23
970,Prince George,2019,2,Single-detached,351456.25,86300,3.95,24.42450802,21.62037066,298
970,Prince George,2019,2,Townhouses,239925,86300,3.95,16.67362605,15.88118112,39
955,Prince Rupert,2019,2,All housing types,292966.4179,80655,3.95,21.78471561,20.96060583,35
955,Prince Rupert,2019,2,Single-detached,295745.5357,80655,3.95,21.99136828,21.3614414,31
952,Quesnel,2019,2,All housing types,259545.4545,74830,3.95,20.80190131,19.12777887,65
952,Quesnel,2019,2,Single-detached,263954.5455,74830,3.95,21.15527861,19.38116486,61
920,Salmon Arm,2019,2,All housing types,420516,73760,3.95,34.19219377,34.91041316,96
920,Salmon Arm,2019,2,Condos,233588.2353,73760,3.95,18.99308041,18.83347001,13
920,Salmon Arm,2019,2,Single-detached,466882.3529,73760,3.95,37.9622461,37.57179298,62
920,Salmon Arm,2019,2,Townhouses,334891.3043,73760,3.95,27.23004207,27.50382689,21
934,Squamish,2019,2,All housing types,650107.6923,93615,3.95,41.14292245,35.74275125,102
934,Squamish,2019,2,Condos,452588.8889,93615,3.95,28.99504556,24.02183276,26
934,Squamish,2019,2,Single-detached,1044999.344,93615,3.95,64.80663216,52.39203906,25
934,Squamish,2019,2,Townhouses,641874.6094,93615,3.95,40.64323171,35.812071,51
965,Terrace,2019,2,All housing types,353830.3571,83525,3.95,25.40644823,22.28508389,69
965,Terrace,2019,2,Single-detached,362138.8889,83525,3.95,26.00303436,22.91057037,59
933,Vancouver,2019,2,All housing types,643400.912,79995,3.95,47.67158259,46.34979114,10674
933,Vancouver,2019,2,Condos,500710.7721,79995,3.95,37.53677812,33.52101857,5755
933,Vancouver,2019,2,Single-detached,1200000,79995,3.95,85.62658813,73.63157159,2699
933,Vancouver,2019,2,Townhouses,644941.1141,79995,3.95,47.780978,42.89966917,2220
918,Vernon,2019,2,All housing types,443980.232,76865,3.95,34.64179216,33.47993893,358
918,Vernon,2019,2,Condos,229428.5714,76865,3.95,17.90128549,17.73657873,52
918,Vernon,2019,2,Single-detached,537314.8148,76865,3.95,41.77103501,38.42228469,204
918,Vernon,2019,2,Townhouses,378558.5577,76865,3.95,29.53723145,28.34301195,102
935,Victoria,2019,2,All housing types,603282.9625,87440,3.95,41.00579792,38.89023417,1851
935,Victoria,2019,2,Condos,405798.2853,87440,3.95,27.83334533,25.16453563,775
935,Victoria,2019,2,Single-detached,779947.6606,87440,3.95,52.48532191,48.24432339,784
935,Victoria,2019,2,Townhouses,564772.7516,87440,3.95,38.5034367,34.92562688,292
950,Williams Lake,2019,2,All housing types,282260.8696,77875,3.95,21.73791893,21.01542762,84
950,Williams Lake,2019,2,Single-detached,306833.3333,77875,3.95,23.63033224,22.05009043,56
950,Williams Lake,2019,2,Townhouses,200500,77875,3.95,15.44122199,15.65666588,21
932,Abbotsford - Mission,2019,3,All housing types,568863.0653,73917.5,3.95,45.86168037,39.8580484,882
932,Abbotsford - Mission,2019,3,Condos,297111.5974,73917.5,3.95,24.10669558,20.09532322,211
932,Abbotsford - Mission,2019,3,Single-detached,744896.4308,73917.5,3.95,59.39274522,49.93104757,433
932,Abbotsford - Mission,2019,3,Townhouses,492137.2984,73917.5,3.95,39.93046431,32.71122748,238
944,Campbell River,2019,3,All housing types,415827.4428,75687.5,3.95,32.94991787,28.83969156,248
944,Campbell River,2019,3,Condos,250302.6316,75687.5,3.95,19.83383082,18.33500271,35
944,Campbell River,2019,3,Single-detached,464635.6707,75687.5,3.95,36.81745265,31.14048371,173
944,Campbell River,2019,3,Townhouses,331622.8961,75687.5,3.95,26.27759995,23.04827448,40
930,Chilliwack,2019,3,All housing types,530003.639,75602.5,3.95,41.91911814,35.74923238,709
930,Chilliwack,2019,3,Condos,283117.6471,75602.5,3.95,22.45929568,17.71905455,133
930,Chilliwack,2019,3,Single-detached,640575,75602.5,3.95,50.22892159,42.84775906,368
930,Chilliwack,2019,3,Townhouses,445860,75602.5,3.95,35.36940094,29.51804433,208
943,Courtenay,2019,3,All housing types,485565.1659,76327.5,3.95,38.15327603,33.29529423,493
943,Courtenay,2019,3,Condos,271338.7097,76327.5,3.95,21.32043527,18.06257235,66
943,Courtenay,2019,3,Single-detached,585757.4553,76327.5,3.95,45.67123161,37.46374731,300
943,Courtenay,2019,3,Townhouses,387678.8018,76327.5,3.95,30.46185637,25.7004721,127
905,Cranbrook,2019,3,All housing types,330573.2794,82022.5,3.95,24.17130471,23.32692088,119
905,Cranbrook,2019,3,Single-detached,348781.803,82022.5,3.95,25.5027002,24.79879355,101
905,Cranbrook,2019,3,Townhouses,253111.1111,82022.5,3.95,18.50732099,18.84060012,10
975,Dawson Creek,2019,3,All housing types,280227.2727,86675,3.95,19.39018261,17.42873376,72
975,Dawson Creek,2019,3,Single-detached,282052.6316,86675,3.95,19.51648738,17.4035768,70
937,Duncan,2019,3,All housing types,468944.5545,72417.5,3.95,38.83678925,33.65613231,220
937,Duncan,2019,3,Condos,203820,72417.5,3.95,16.87985138,15.67225183,23
937,Duncan,2019,3,Single-detached,524482.0189,72417.5,3.95,43.32954755,37.87860121,147
937,Duncan,2019,3,Townhouses,373747.3404,72417.5,3.95,30.95279934,27.87876391,50
977,Fort St. John,2019,3,All housing types,357784.1748,100295,3.95,21.39474891,19.8313746,104
977,Fort St. John,2019,3,Single-detached,395367.8344,100295,3.95,23.64217352,21.34312718,77
977,Fort St. John,2019,3,Townhouses,288209.5,100295,3.95,17.23432818,16.34879797,27
925,Kamloops,2019,3,All housing types,451368.336,83135,3.95,32.5621099,29.18144185,657
925,Kamloops,2019,3,Condos,255417.3759,83135,3.95,18.4260348,18.56500138,73
925,Kamloops,2019,3,Single-detached,496809.2025,83135,3.95,35.84025409,32.08712104,435
925,Kamloops,2019,3,Townhouses,378952.8369,83135,3.95,27.33799192,25.397242,149
915,Kelowna,2019,3,All housing types,539952.5929,80602.5,3.95,40.02007227,38.09482147,1542
915,Kelowna,2019,3,Condos,356163.7019,80602.5,3.95,26.50125822,24.28880262,518
915,Kelowna,2019,3,Single-detached,665360.4294,80602.5,3.95,48.86023821,44.76537722,699
915,Kelowna,2019,3,Townhouses,486430.9605,80602.5,3.95,36.19412204,32.85366574,325
938,Nanaimo,2019,3,All housing types,494291.8077,76005,3.95,39.00377106,33.9915153,587
938,Nanaimo,2019,3,Condos,300448.6911,76005,3.95,23.70792269,21.40189008,88
938,Nanaimo,2019,3,Single-detached,556323.3288,76005,3.95,43.66466365,37.66249954,388
938,Nanaimo,2019,3,Townhouses,404422.1106,76005,3.95,31.91229789,27.46191196,111
907,Nelson,2019,3,All housing types,492744.6043,73140,3.95,40.40473574,41.74276472,83
907,Nelson,2019,3,Single-detached,511973.2143,73140,3.95,41.929795738555804,43.98100233,69
939,Parksville,2019,3,All housing types,542222.2222,73800,3.95,43.88365048,38.92321274,256
939,Parksville,2019,3,Condos,280037.7358,73800,3.95,22.75755207,25.29799068,29
939,Parksville,2019,3,Single-detached,578312.9338,73800,3.95,46.66223323,41.08315087,181
939,Parksville,2019,3,Townhouses,483809.8592,73800,3.95,39.3173014,35.70802608,46
913,Penticton,2019,3,All housing types,431099.4264,71500,3.95,36.16069364,34.46883108,258
913,Penticton,2019,3,Condos,289750,71500,3.95,24.30427957,24.64960116,61
913,Penticton,2019,3,Single-detached,535186.5672,71500,3.95,44.73620106,41.62561139,139
913,Penticton,2019,3,Townhouses,367603.3058,71500,3.95,30.83462818,28.09446494,58
940,Port Alberni,2019,3,All housing types,323619.6911,67467.5,3.95,28.76773508,24.91984493,143
940,Port Alberni,2019,3,Single-detached,330000,67467.5,3.95,29.33490401,25.47459468,123
940,Port Alberni,2019,3,Townhouses,209500,67467.5,3.95,18.62321937,17.79705682,13
945,Powell River,2019,3,All housing types,357736.1963,69285,3.95,30.96627833,28.39881449,89
945,Powell River,2019,3,Single-detached,369325,69285,3.95,31.96942569,29.06419653,77
970,Prince George,2019,3,All housing types,344116.3995,86790,3.95,23.7794076,20.86631918,451
970,Prince George,2019,3,Condos,169410.2564,86790,3.95,11.7067235,12.39060086,16
970,Prince George,2019,3,Single-detached,355683.9884,86790,3.95,24.57876041,21.62037066,389
970,Prince George,2019,3,Townhouses,267117.6471,86790,3.95,18.45857802,15.88118112,46
955,Prince Rupert,2019,3,All housing types,318577.8302,81707.5,3.95,23.38400939,20.96060583,71
955,Prince Rupert,2019,3,Single-detached,322182.9897,81707.5,3.95,23.64863259,21.3614414,66
952,Quesnel,2019,3,All housing types,275000,75070,3.95,21.97007944,19.12777887,94
952,Quesnel,2019,3,Single-detached,279702.7027,75070,3.95,22.345784,19.38116486,87
920,Salmon Arm,2019,3,All housing types,433955.2239,74350,3.95,35.00493674,34.91041316,105
920,Salmon Arm,2019,3,Condos,233250,74350,3.95,18.81507825,18.83347001,15
920,Salmon Arm,2019,3,Single-detached,476368.6131,74350,3.95,38.42620679,37.57179298,75
920,Salmon Arm,2019,3,Townhouses,339750,74350,3.95,27.40588569,27.50382689,15
934,Squamish,2019,3,All housing types,688755.3846,94492.5,3.95,43.08471349,35.74275125,93
934,Squamish,2019,3,Condos,476882.9787,94492.5,3.95,30.26772863,24.02183276,21
934,Squamish,2019,3,Single-detached,1049705.882,94492.5,3.95,64.4563653,52.39203906,26
934,Squamish,2019,3,Townhouses,667013.9175,94492.5,3.95,41.77741199,35.812071,46
965,Terrace,2019,3,All housing types,366191.4894,85057.5,3.95,25.82028206,22.28508389,72
965,Terrace,2019,3,Single-detached,373750,85057.5,3.95,26.35323513,22.91057037,59
933,Vancouver,2019,3,All housing types,646649.6584,80622.5,3.95,47.52949741,46.34979114,13040
933,Vancouver,2019,3,Condos,504380.7608,80622.5,3.95,37.50326058,33.52101857,7047
933,Vancouver,2019,3,Single-detached,1196165.855,80622.5,3.95,84.71995641,73.63157159,3460
933,Vancouver,2019,3,Townhouses,647617.9255,80622.5,3.95,47.59773492,42.89966917,2533
918,Vernon,2019,3,All housing types,450000,77412.5,3.95,34.86316169,33.47993893,438
918,Vernon,2019,3,Condos,241190.1408,77412.5,3.95,18.68589084,17.73657873,90
918,Vernon,2019,3,Single-detached,548067.7966,77412.5,3.95,42.26483657,38.42228469,268
918,Vernon,2019,3,Townhouses,380688.6538,77412.5,3.95,29.49335576,28.34301195,80
935,Victoria,2019,3,All housing types,611541.4445,88115,3.95,41.22419373,38.89023417,2275
935,Victoria,2019,3,Condos,405253.8226,88115,3.95,27.58307142,25.16453563,860
935,Victoria,2019,3,Single-detached,781997.2693,88115,3.95,52.21542268,48.24432339,1047
935,Victoria,2019,3,Townhouses,560333.7455,88115,3.95,37.92224999,34.92562688,368
950,Williams Lake,2019,3,All housing types,276862.069,77997.5,3.95,21.28865023,21.01542762,90
950,Williams Lake,2019,3,Single-detached,298643.4109,77997.5,3.95,22.9634747,22.05009043,73
950,Williams Lake,2019,3,Townhouses,194516.129,77997.5,3.95,14.95685505,15.65666588,10
932,Abbotsford - Mission,2019,4,All housing types,581355.2632,74280,3.95,46.59341212,39.8580484,714
932,Abbotsford - Mission,2019,4,Condos,289908.1365,74280,3.95,23.40743675,20.09532322,170
932,Abbotsford - Mission,2019,4,Single-detached,741877.8104,74280,3.95,58.87199939,49.93104757,353
932,Abbotsford - Mission,2019,4,Townhouses,486592.0746,74280,3.95,39.28787011,32.71122748,191
944,Campbell River,2019,4,All housing types,429250,76020,3.95,33.8647433,28.83969156,155
944,Campbell River,2019,4,Condos,242000,76020,3.95,19.09206262,18.33500271,28
944,Campbell River,2019,4,Single-detached,485233.0961,76020,3.95,38.28140766,31.14048371,108
944,Campbell River,2019,4,Townhouses,349544.0678,76020,3.95,27.57651748,23.04827448,19
930,Chilliwack,2019,4,All housing types,517377.9586,76170,3.95,40.66501007,35.74923238,643
930,Chilliwack,2019,4,Condos,279493.7759,76170,3.95,22.00662965,17.71905455,108
930,Chilliwack,2019,4,Single-detached,636138.8889,76170,3.95,49.52378951,42.84775906,352
930,Chilliwack,2019,4,Townhouses,438006.9054,76170,3.95,34.48755064,29.51804433,183
943,Courtenay,2019,4,All housing types,465369.3046,76980,3.95,36.2564415,33.29529423,341
943,Courtenay,2019,4,Condos,289957.9618,76980,3.95,22.5903251,18.06257235,91
943,Courtenay,2019,4,Single-detached,562147.3029,76980,3.95,43.54148205,37.46374731,182
943,Courtenay,2019,4,Townhouses,390761.5385,76980,3.95,30.44382756,25.7004721,68
905,Cranbrook,2019,4,All housing types,321730.4348,82450,3.95,23.40274687,23.32692088,111
905,Cranbrook,2019,4,Condos,157833.3333,82450,3.95,11.48083348,10.88601116,16
905,Cranbrook,2019,4,Single-detached,342696.6292,82450,3.95,24.92783274,24.79879355,77
905,Cranbrook,2019,4,Townhouses,269053.5714,82450,3.95,19.57101954,18.84060012,18
975,Dawson Creek,2019,4,All housing types,284730.4348,86830,3.95,19.66660701,17.42873376,43
975,Dawson Creek,2019,4,Single-detached,284750,86830,3.95,19.6679584,17.4035768,42
937,Duncan,2019,4,All housing types,461898,72790,3.95,38.0574523,33.65613231,155
937,Duncan,2019,4,Condos,229511.1111,72790,3.95,18.91025327,15.67225183,22
937,Duncan,2019,4,Single-detached,519211.7409,72790,3.95,42.69642754,37.87860121,100
937,Duncan,2019,4,Townhouses,369406.6265,72790,3.95,30.43675242,27.87876391,33
977,Fort St. John,2019,4,All housing types,348640,100720,3.95,20.75997591,19.8313746,72
977,Fort St. John,2019,4,Single-detached,377308.1395,100720,3.95,22.46703731,21.34312718,52
977,Fort St. John,2019,4,Townhouses,297327.0217,100720,3.95,17.70451413,16.34879797,19
925,Kamloops,2019,4,All housing types,448337.3598,83690,3.95,32.12896323,29.18144185,502
925,Kamloops,2019,4,Condos,264248.8281,83690,3.95,18.93672409,18.56500138,55
925,Kamloops,2019,4,Single-detached,497929.5213,83690,3.95,35.68286008,32.08712104,317
925,Kamloops,2019,4,Townhouses,378533.8172,83690,3.95,27.12666885,25.397242,130
915,Kelowna,2019,4,All housing types,529315.5172,81210,3.95,38.97648533,38.09482147,1097
915,Kelowna,2019,4,Condos,344758.1636,81210,3.95,25.46070339,24.28880262,347
915,Kelowna,2019,4,Single-detached,675272.9529,81210,3.95,49.18825399,44.76537722,510
915,Kelowna,2019,4,Townhouses,479037.6106,81210,3.95,35.37736247,32.85366574,240
938,Nanaimo,2019,4,All housing types,492687.793,76590,3.95,38.58025395,33.9915153,437
938,Nanaimo,2019,4,Condos,314397.5904,76590,3.95,24.61911793,21.40189008,78
938,Nanaimo,2019,4,Single-detached,553922.3881,76590,3.95,43.15303759,37.66249954,282
938,Nanaimo,2019,4,Townhouses,397911.1702,76590,3.95,31.15870581,27.46191196,77
907,Nelson,2019,4,All housing types,476740.1316,73660,3.95,38.81640825,41.74276472,69
907,Nelson,2019,4,Single-detached,492926.5625,73660,3.95,40.13431515,43.98100233,51
907,Nelson,2019,4,Townhouses,439166.6667,73660,3.95,35.75715886,35.55310394,12
939,Parksville,2019,4,All housing types,531843.2671,74310,3.95,42.78889096,38.92321274,197
939,Parksville,2019,4,Condos,306351.5625,74310,3.95,24.72510746,25.29799068,35
939,Parksville,2019,4,Single-detached,590083.3333,74310,3.95,47.24195409,41.08315087,119
939,Parksville,2019,4,Townhouses,451278.0899,74310,3.95,36.4218781,35.70802608,43
913,Penticton,2019,4,All housing types,447569.1244,72370,3.95,37.09085937,34.46883108,176
913,Penticton,2019,4,Condos,285769.6078,72370,3.95,23.68224205,24.64960116,41
913,Penticton,2019,4,Single-detached,546127.6596,72370,3.95,45.05738887,41.62561139,96
913,Penticton,2019,4,Townhouses,383822.3247,72370,3.95,31.80804728,28.09446494,39
940,Port Alberni,2019,4,All housing types,321547.619,67910,3.95,28.39729134,24.91984493,88
940,Port Alberni,2019,4,Single-detached,329236.1809,67910,3.95,29.07630221,25.47459468,76
945,Powell River,2019,4,All housing types,363096.4789,69450,3.95,31.355601521731302,28.39881449,53
945,Powell River,2019,4,Single-detached,375727.2727,69450,3.95,32.44634782,29.06419653,44
970,Prince George,2019,4,All housing types,349772.4476,87280,3.95,24.03456177,20.86631918,313
970,Prince George,2019,4,Condos,141392.8571,87280,3.95,9.71578917,12.39060086,12
970,Prince George,2019,4,Single-detached,358971.2557,87280,3.95,24.6666565,21.62037066,272
970,Prince George,2019,4,Townhouses,274000,87280,3.95,18.82786929,15.88118112,29
955,Prince Rupert,2019,4,All housing types,312408.2937,82760,3.95,22.63953081,20.96060583,55
955,Prince Rupert,2019,4,Single-detached,322743.4783,82760,3.95,23.38849854,21.3614414,49
952,Quesnel,2019,4,All housing types,265340.1961,75310,3.95,21.13079066,19.12777887,59
952,Quesnel,2019,4,Single-detached,270342.5532,75310,3.95,21.52916136,19.38116486,54
920,Salmon Arm,2019,4,All housing types,446739.3365,74940,3.95,35.75245391,34.91041316,106
920,Salmon Arm,2019,4,Condos,219800,74940,3.95,17.59054717,18.83347001,17
920,Salmon Arm,2019,4,Single-detached,482568.9655,74940,3.95,38.61989149,37.57179298,70
920,Salmon Arm,2019,4,Townhouses,364044.1176,74940,3.95,29.13437317,27.50382689,19
934,Squamish,2019,4,All housing types,645750,95370,3.95,40.1261953,35.74275125,167
934,Squamish,2019,4,Condos,441869.5652,95370,3.95,27.78738359,24.02183276,71
934,Squamish,2019,4,Single-detached,1040965.703,95370,3.95,63.40045184,52.39203906,38
934,Squamish,2019,4,Townhouses,691782.6923,95370,3.95,42.86864611,35.812071,58
965,Terrace,2019,4,All housing types,392691.7293,86590,3.95,27.19877624,22.28508389,61
965,Terrace,2019,4,Single-detached,408123.338,86590,3.95,28.26760667,22.91057037,49
933,Vancouver,2019,4,All housing types,678425.6445,81250,3.95,49.38450462,46.34979114,10970
933,Vancouver,2019,4,Condos,525340.7461,81250,3.95,38.67934285,33.52101857,5499
933,Vancouver,2019,4,Single-detached,1206830.806,81250,3.95,84.72858698,73.63157159,3167
933,Vancouver,2019,4,Townhouses,653215.216,81250,3.95,47.62155009,42.89966917,2304
918,Vernon,2019,4,All housing types,446160.3376,77960,3.95,34.32293983,33.47993893,273
918,Vernon,2019,4,Condos,220909.0909,77960,3.95,16.99444975,17.73657873,42
918,Vernon,2019,4,Single-detached,542528.5714,77960,3.95,41.5643152,38.42228469,152
918,Vernon,2019,4,Townhouses,379778.4591,77960,3.95,29.21620795,28.34301195,79
935,Victoria,2019,4,All housing types,622548.1121,88790,3.95,41.61512863,38.89023417,1830
935,Victoria,2019,4,Condos,431745.7024,88790,3.95,29.16280653,25.16453563,827
935,Victoria,2019,4,Single-detached,787521.5664,88790,3.95,52.17197656,48.24432339,715
935,Victoria,2019,4,Townhouses,548140.6585,88790,3.95,36.85370702,34.92562688,288
950,Williams Lake,2019,4,All housing types,270219.1781,78120,3.95,20.74527916,21.01542762,56
950,Williams Lake,2019,4,Single-detached,284350.4274,78120,3.95,21.83016408,22.05009043,44
932,Abbotsford - Mission,2020,1,All housing types,572130.9811,75805,3.757692308,44.06112005,39.8580484,685
932,Abbotsford - Mission,2020,1,Condos,295501.4749,75805,3.757692308,22.90926094,20.09532322,169
932,Abbotsford - Mission,2020,1,Single-detached,748921.0526,75805,3.757692308,57.04570888,49.93104757,312
932,Abbotsford - Mission,2020,1,Townhouses,484951.6456,75805,3.757692308,37.5967118,32.71122748,204
944,Campbell River,2020,1,All housing types,437526.3636,77410,3.757692308,33.21669644,28.83969156,120
944,Campbell River,2020,1,Condos,232638.2979,77410,3.757692308,17.66173736,18.33500271,19
944,Campbell River,2020,1,Single-detached,488865.9794,77410,3.757692308,37.11436427,31.14048371,86
944,Campbell River,2020,1,Townhouses,330679.4118,77410,3.757692308,25.10495036,23.04827448,15
930,Chilliwack,2020,1,All housing types,519567.0194,77587.5,3.757692308,39.27691945,35.74923238,491
930,Chilliwack,2020,1,Condos,240404.2553,77587.5,3.757692308,18.20956916,17.71905455,80
930,Chilliwack,2020,1,Single-detached,642870.9677,77587.5,3.757692308,48.12508841,42.84775906,268
930,Chilliwack,2020,1,Townhouses,429390.7975,77587.5,3.757692308,32.5244718,29.51804433,143
943,Courtenay,2020,1,All housing types,453754.5788,78127.5,3.757692308,34.1323642,33.29529423,205
943,Courtenay,2020,1,Condos,300772.9927,78127.5,3.757692308,22.62477076,18.06257235,46
943,Courtenay,2020,1,Single-detached,555389.4737,78127.5,3.757692308,41.55826253,37.46374731,122
943,Courtenay,2020,1,Townhouses,390220.9524,78127.5,3.757692308,29.35323253,25.7004721,37
905,Cranbrook,2020,1,All housing types,296456.1404,83547.5,3.757692308,20.85337097,23.32692088,60
905,Cranbrook,2020,1,Condos,147153.8462,83547.5,3.757692308,10.35112223,10.88601116,10
905,Cranbrook,2020,1,Single-detached,318262.7119,83547.5,3.757692308,22.38729273,24.79879355,41
975,Dawson Creek,2020,1,All housing types,292506.8493,87470,3.757692308,19.65287951,17.42873376,30
975,Dawson Creek,2020,1,Single-detached,292458.3333,87470,3.757692308,19.64961983,17.4035768,30
937,Duncan,2020,1,All housing types,441721.5302,74200,3.757692308,34.98597172,33.65613231,126
937,Duncan,2020,1,Condos,233488.3721,74200,3.757692308,18.49313883,15.67225183,21
937,Duncan,2020,1,Single-detached,506285.7143,74200,3.757692308,40.07349012,37.87860121,75
937,Duncan,2020,1,Townhouses,385309.5238,74200,3.757692308,30.51793309,27.87876391,30
977,Fort St. John,2020,1,All housing types,334000,101150,3.757692308,19.40572433,19.8313746,54
977,Fort St. John,2020,1,Single-detached,353809.5238,101150,3.757692308,20.5566769,21.34312718,32
977,Fort St. John,2020,1,Townhouses,309554,101150,3.757692308,17.985388,16.34879797,19
925,Kamloops,2020,1,All housing types,440728.5969,85032.5,3.757692308,30.46039713,29.18144185,339
925,Kamloops,2020,1,Condos,268073.5632,85032.5,3.757692308,18.52756379,18.56500138,32
925,Kamloops,2020,1,Single-detached,504103.352,85032.5,3.757692308,34.82553661,32.08712104,220
925,Kamloops,2020,1,Townhouses,378801.5438,85032.5,3.757692308,26.18038752,25.397242,87
915,Kelowna,2020,1,All housing types,534201.6002,82512.5,3.757692308,37.92004253,38.09482147,934
915,Kelowna,2020,1,Condos,342032.3268,82512.5,3.757692308,24.36108836,24.28880262,337
915,Kelowna,2020,1,Single-detached,676974.8359,82512.5,3.757692308,47.55378957,44.76537722,404
915,Kelowna,2020,1,Townhouses,489109.3533,82512.5,3.757692308,34.83657902,32.85366574,193
938,Nanaimo,2020,1,All housing types,476628.9382,77920,3.757692308,35.94849729,33.9915153,420
938,Nanaimo,2020,1,Condos,307467,77920,3.757692308,23.18989833,21.40189008,117
938,Nanaimo,2020,1,Single-detached,549410.0386,77920,3.757692308,41.24168431,37.66249954,236
938,Nanaimo,2020,1,Townhouses,397272.9167,77920,3.757692308,29.96327588,27.46191196,67
907,Nelson,2020,1,All housing types,505917.4312,75232.5,3.757692308,39.49626176,41.74276472,40
907,Nelson,2020,1,Single-detached,524800,75232.5,3.757692308,40.8936715,43.98100233,34
939,Parksville,2020,1,All housing types,529761.5607,75242.5,3.757692308,41.25536945,38.92321274,149
939,Parksville,2020,1,Condos,318265.3846,75242.5,3.757692308,24.85853138,25.29799068,17
939,Parksville,2020,1,Single-detached,603564.693,75242.5,3.757692308,46.71646481,41.08315087,109
939,Parksville,2020,1,Townhouses,440049.2424,75242.5,3.757692308,34.37061782,35.70802608,23
913,Penticton,2020,1,All housing types,428724.0356,73720,3.757692308,34.17761739,34.46883108,161
913,Penticton,2020,1,Condos,294192.3077,73720,3.757692308,23.45283048,24.64960116,37
913,Penticton,2020,1,Single-detached,557730.8047,73720,3.757692308,44.21973352,41.62561139,73
913,Penticton,2020,1,Townhouses,382452.95,73720,3.757692308,30.4889148,28.09446494,51
940,Port Alberni,2020,1,All housing types,334285.7143,69452.5,3.757692308,28.2864999,24.91984493,80
940,Port Alberni,2020,1,Single-detached,339000,69452.5,3.757692308,28.68541208,25.47459468,76
945,Powell River,2020,1,All housing types,362093.5484,70517.5,3.757692308,30.17679813,28.39881449,40
945,Powell River,2020,1,Single-detached,365040,70517.5,3.757692308,30.42235477,29.06419653,31
970,Prince George,2020,1,All housing types,355179.2585,88587.5,3.757692308,23.56266607,20.86631918,186
970,Prince George,2020,1,Condos,167375,88587.5,3.757692308,11.1036924,12.39060086,12
970,Prince George,2020,1,Single-detached,360200,88587.5,3.757692308,23.89574311,21.62037066,153
970,Prince George,2020,1,Townhouses,306519.76,88587.5,3.757692308,20.3345848,15.88118112,21
955,Prince Rupert,2020,1,All housing types,279494.0323,84777.5,3.757692308,19.37497772,20.96060583,38
955,Prince Rupert,2020,1,Single-detached,290445.122,84777.5,3.757692308,20.13412495,21.3614414,33
952,Quesnel,2020,1,All housing types,248041.7808,76050,3.757692308,19.16791613,19.12777887,14
952,Quesnel,2020,1,Single-detached,253473.4375,76050,3.757692308,19.58765807,19.38116486,10
920,Salmon Arm,2020,1,All housing types,453600.4342,76097.5,3.757692308,35.03098511,34.91041316,46
920,Salmon Arm,2020,1,Single-detached,487199.0291,76097.5,3.757692308,37.6257619,37.57179298,33
934,Squamish,2020,1,All housing types,647693.2927,96742.5,3.757692308,38.87385671,35.74275125,79
934,Squamish,2020,1,Condos,432446.8085,96742.5,3.757692308,26.27027798,24.02183276,23
934,Squamish,2020,1,Single-detached,1048996.905,96742.5,3.757692308,61.65586264,52.39203906,25
934,Squamish,2020,1,Townhouses,716292.1348,96742.5,3.757692308,42.82177051,35.812071,31
965,Terrace,2020,1,All housing types,384897.9592,87892.5,3.757692308,25.73611976,22.28508389,37
965,Terrace,2020,1,Single-detached,403193.7727,87892.5,3.757692308,26.95946542,22.91057037,28
933,Vancouver,2020,1,All housing types,684955.8302,82782.5,3.757692308,47.93545812,46.34979114,12061
933,Vancouver,2020,1,Condos,542684.7475,82782.5,3.757692308,38.3669048,33.52101857,7035
933,Vancouver,2020,1,Single-detached,1238283.714,82782.5,3.757692308,83.36929716,73.63157159,2786
933,Vancouver,2020,1,Townhouses,661063.3803,82782.5,3.757692308,46.32855265,42.89966917,2240
918,Vernon,2020,1,All housing types,447784.2105,79142.5,3.757692308,33.25127394,33.47993893,221
918,Vernon,2020,1,Condos,207530.2632,79142.5,3.757692308,15.41064975,17.73657873,34
918,Vernon,2020,1,Single-detached,542051.8519,79142.5,3.757692308,40.08698974,38.42228469,118
918,Vernon,2020,1,Townhouses,379791.8243,79142.5,3.757692308,28.20233875,28.34301195,69
935,Victoria,2020,1,All housing types,635620.0658,90047.5,3.757692308,41.01763137,38.89023417,1210
935,Victoria,2020,1,Condos,439390.3135,90047.5,3.757692308,28.67662893,25.16453563,409
935,Victoria,2020,1,Single-detached,800000,90047.5,3.757692308,51.18117895,48.24432339,577
935,Victoria,2020,1,Townhouses,560156.25,90047.5,3.757692308,36.35173291,34.92562688,224
950,Williams Lake,2020,1,All housing types,267755.814,79400,3.757692308,19.81835873,21.01542762,30
950,Williams Lake,2020,1,Single-detached,283877.1739,79400,3.757692308,21.01160601,22.05009043,25
932,Abbotsford - Mission,2020,2,All housing types,594059.0041,77330,2.45,38.79967385,39.8580484,658
932,Abbotsford - Mission,2020,2,Condos,293604.4304,77330,2.45,19.33727922,20.09532322,147
932,Abbotsford - Mission,2020,2,Single-detached,763253.3835,77330,2.45,49.35660282,49.93104757,353
932,Abbotsford - Mission,2020,2,Townhouses,483079.558,77330,2.45,31.81642827,32.71122748,158
944,Campbell River,2020,2,All housing types,446037.931,78800,2.45,28.82878564,28.83969156,141
944,Campbell River,2020,2,Condos,226437.5,78800,2.45,14.63534308,18.33500271,13
944,Campbell River,2020,2,Single-detached,490297.9275,78800,2.45,31.68944358,31.14048371,107
944,Campbell River,2020,2,Townhouses,312191.6667,78800,2.45,20.17789522,23.04827448,21
930,Chilliwack,2020,2,All housing types,525044.9541,79005,2.45,33.76221983,35.74923238,599
930,Chilliwack,2020,2,Condos,248058.2524,79005,2.45,15.99115659,17.71905455,126
930,Chilliwack,2020,2,Single-detached,651598.4634,79005,2.45,41.49114839,42.84775906,319
930,Chilliwack,2020,2,Townhouses,432729.6296,79005,2.45,27.89605749,29.51804433,154
943,Courtenay,2020,2,All housing types,493026.3158,79275,2.45,31.67485416,33.29529423,251
943,Courtenay,2020,2,Condos,283012.8205,79275,2.45,18.18237592,18.06257235,32
943,Courtenay,2020,2,Single-detached,587846.2094,79275,2.45,37.46959169,37.46374731,155
943,Courtenay,2020,2,Townhouses,389069.3069,79275,2.45,24.99605631,25.7004721,64
905,Cranbrook,2020,2,All housing types,333421.5686,84645,2.45,20.06195051,23.32692088,93
905,Cranbrook,2020,2,Single-detached,351159.292,84645,2.45,21.12922799,24.79879355,72
905,Cranbrook,2020,2,Townhouses,240893.7143,84645,2.45,14.49455653,18.84060012,12
975,Dawson Creek,2020,2,All housing types,270983.6066,88110,2.45,15.66385272,17.42873376,31
975,Dawson Creek,2020,2,Single-detached,271250,88110,2.45,15.67925125,17.4035768,30
937,Duncan,2020,2,All housing types,461154.5455,75610,2.45,31.06333136,33.65613231,149
937,Duncan,2020,2,Condos,213243.2432,75610,2.45,14.36404691,15.67225183,16
937,Duncan,2020,2,Single-detached,522918.0984,75610,2.45,35.1424685,37.87860121,108
937,Duncan,2020,2,Townhouses,385761.3636,75610,2.45,25.98485298,27.87876391,25
977,Fort St. John,2020,2,All housing types,339846.1538,101580,2.45,17.03942458,19.8313746,63
977,Fort St. John,2020,2,Single-detached,377848.1013,101580,2.45,18.94479061,21.34312718,47
977,Fort St. John,2020,2,Townhouses,309470.375,101580,2.45,15.51642428,16.34879797,13
925,Kamloops,2020,2,All housing types,448359.6774,86375,2.45,26.43743162,29.18144185,436
925,Kamloops,2020,2,Condos,294300,86375,2.45,17.35333599,18.56500138,76
925,Kamloops,2020,2,Single-detached,515143.4511,86375,2.45,30.32832609,32.08712104,261
925,Kamloops,2020,2,Townhouses,383587.4194,86375,2.45,22.6181494,25.397242,99
915,Kelowna,2020,2,All housing types,552727.332,83815,2.45,33.41827092,38.09482147,1060
915,Kelowna,2020,2,Condos,369606.9869,83815,2.45,22.45945414,24.28880262,350
915,Kelowna,2020,2,Single-detached,678515.1217,83815,2.45,40.65956882,44.76537722,516
915,Kelowna,2020,2,Townhouses,502236.0465,83815,2.45,30.5116101,32.85366574,194
938,Nanaimo,2020,2,All housing types,493944.9575,79250,2.45,31.74388368,33.9915153,403
938,Nanaimo,2020,2,Condos,300239.0057,79250,2.45,19.2951703,21.40189008,59
938,Nanaimo,2020,2,Single-detached,559640.7045,79250,2.45,35.76415875,37.66249954,275
938,Nanaimo,2020,2,Townhouses,420294.1176,79250,2.45,27.01063627,27.46191196,69
907,Nelson,2020,2,All housing types,512434.3434,76805,2.45,33.93708288,41.74276472,59
907,Nelson,2020,2,Single-detached,530981.4815,76805,2.45,35.10224696,43.98100233,47
907,Nelson,2020,2,Townhouses,400266.6667,76805,2.45,26.54243148,35.55310394,11
939,Parksville,2020,2,All housing types,575161.3718,76175,2.45,38.19097089,38.92321274,128
939,Parksville,2020,2,Single-detached,620224.1784,76175,2.45,41.04530923,41.08315087,104
939,Parksville,2020,2,Townhouses,444047.619,76175,2.45,29.68915634,35.70802608,19
913,Penticton,2020,2,All housing types,420425.5319,75070,2.45,28.52354107,34.46883108,168
913,Penticton,2020,2,Condos,277534.2466,75070,2.45,18.8291597,24.64960116,36
913,Penticton,2020,2,Single-detached,541268.2517,75070,2.45,36.57469047,41.62561139,78
913,Penticton,2020,2,Townhouses,378000,75070,2.45,25.64520398,28.09446494,54
940,Port Alberni,2020,2,All housing types,350943.5484,70995,2.45,25.1762054,24.91984493,75
940,Port Alberni,2020,2,Single-detached,352556.338,70995,2.45,25.29190471,25.47459468,66
945,Powell River,2020,2,All housing types,390645.1613,71585,2.45,27.79336903,28.39881449,53
945,Powell River,2020,2,Single-detached,392649.3506,71585,2.45,27.93596179,29.06419653,46
970,Prince George,2020,2,All housing types,369121.5278,89895,2.45,20.9129169,20.86631918,246
970,Prince George,2020,2,Condos,209400,89895,2.45,11.86374803,12.39060086,13
970,Prince George,2020,2,Single-detached,377544.9438,89895,2.45,21.39015322,21.62037066,203
970,Prince George,2020,2,Townhouses,360537.7059,89895,2.45,20.42659264,15.88118112,30
955,Prince Rupert,2020,2,All housing types,306898.5507,86795,2.45,18.00863948,20.96060583,31
955,Prince Rupert,2020,2,Single-detached,309590.1639,86795,2.45,18.16658187,21.3614414,28
952,Quesnel,2020,2,All housing types,274375,76790,2.45,18.19787358,19.12777887,50
952,Quesnel,2020,2,Single-detached,289943.3962,76790,2.45,19.23044472,19.38116486,43
920,Salmon Arm,2020,2,All housing types,460182.5766,77255,2.45,30.33781847,34.91041316,65
920,Salmon Arm,2020,2,Condos,265681.8182,77255,2.45,17.51523674,18.83347001,17
920,Salmon Arm,2020,2,Single-detached,481352.1127,77255,2.45,31.73343311,37.57179298,38
920,Salmon Arm,2020,2,Townhouses,349087.1111,77255,2.45,23.0137818,27.50382689,10
934,Squamish,2020,2,All housing types,592401.9573,98115,2.45,30.49873602,35.74275125,202
934,Squamish,2020,2,Condos,431620.7407,98115,2.45,22.40514048,24.02183276,112
934,Squamish,2020,2,Single-detached,1023023.81,98115,2.45,51.54973069,52.39203906,17
934,Squamish,2020,2,Townhouses,706949.0385,98115,2.45,36.13184686,35.812071,73
965,Terrace,2020,2,All housing types,368392.8571,89195,2.45,21.03543343,22.28508389,47
965,Terrace,2020,2,Single-detached,377480,89195,2.45,21.55431425,22.91057037,42
933,Vancouver,2020,2,All housing types,675754.336,84315,2.45,40.26046252,46.34979114,10079
933,Vancouver,2020,2,Condos,538407.5872,84315,2.45,32.40063136,33.52101857,5094
933,Vancouver,2020,2,Single-detached,1258278.066,84315,2.45,71.95382406,73.63157159,2735
933,Vancouver,2020,2,Townhouses,679280.6236,84315,2.45,40.46225853,42.89966917,2250
918,Vernon,2020,2,All housing types,461250.8929,80325,2.45,29.24605278,33.47993893,227
918,Vernon,2020,2,Condos,228725,80325,2.45,14.50252677,17.73657873,34
918,Vernon,2020,2,Single-detached,547195.122,80325,2.45,34.53793114,38.42228469,128
918,Vernon,2020,2,Townhouses,387792.6493,80325,2.45,24.58836278,28.34301195,65
935,Victoria,2020,2,All housing types,643394.8339,91305,2.45,35.46821589,38.89023417,1500
935,Victoria,2020,2,Condos,436920.9021,91305,2.45,24.3718802,25.16453563,597
935,Victoria,2020,2,Single-detached,820387.0968,91305,2.45,44.82139818,48.24432339,632
935,Victoria,2020,2,Townhouses,583084.6465,91305,2.45,32.28111511,34.92562688,271
950,Williams Lake,2020,2,All housing types,306359.1549,80680,2.45,19.33952251,21.01542762,41
950,Williams Lake,2020,2,Single-detached,314868.8596,80680,2.45,19.87671431,22.05009043,32
932,Abbotsford - Mission,2020,3,All housing types,628475.6787,78855,2.45,40.15522334,39.8580484,1110
932,Abbotsford - Mission,2020,3,Condos,300208,78855,2.45,19.38982096,20.09532322,228
932,Abbotsford - Mission,2020,3,Single-detached,784791.9851,78855,2.45,49.71999764,49.93104757,589
932,Abbotsford - Mission,2020,3,Townhouses,489435.4767,78855,2.45,31.61163681,32.71122748,293
944,Campbell River,2020,3,All housing types,474694.2029,80190,2.45,30.14910945,28.83969156,273
944,Campbell River,2020,3,Condos,255951.2195,80190,2.45,16.25615245,18.33500271,28
944,Campbell River,2020,3,Single-detached,514366.9872,80190,2.45,32.62080942,31.14048371,205
944,Campbell River,2020,3,Townhouses,343260.6557,80190,2.45,21.80141029,23.04827448,40
930,Chilliwack,2020,3,All housing types,548524.9042,80422.5,2.45,34.57584075,35.74923238,967
930,Chilliwack,2020,3,Condos,281136.2277,80422.5,2.45,17.8040997,17.71905455,177
930,Chilliwack,2020,3,Single-detached,677566.1898,80422.5,2.45,42.31779837,42.84775906,524
930,Chilliwack,2020,3,Townhouses,446333.3333,80422.5,2.45,28.26588103,29.51804433,266
943,Courtenay,2020,3,All housing types,536892.7649,80422.5,2.45,33.87795922,33.29529423,523
943,Courtenay,2020,3,Condos,274500,80422.5,2.45,17.38383348,18.06257235,64
943,Courtenay,2020,3,Single-detached,608298.9691,80422.5,2.45,38.16204399,37.46374731,330
943,Courtenay,2020,3,Townhouses,404305.6995,80422.5,2.45,25.60430949,25.7004721,129
905,Cranbrook,2020,3,All housing types,360535.8974,85742.5,2.45,21.41574289,23.32692088,141
905,Cranbrook,2020,3,Condos,172653.8462,85742.5,2.45,10.25559564,10.88601116,17
905,Cranbrook,2020,3,Single-detached,373721.3115,85742.5,2.45,22.19895321,24.79879355,111
905,Cranbrook,2020,3,Townhouses,251618.72,85742.5,2.45,14.94608956,18.84060012,13
975,Dawson Creek,2020,3,All housing types,283779.0698,88750,2.45,16.28518786,17.42873376,55
975,Dawson Creek,2020,3,Single-detached,283734.9398,88750,2.45,16.28265538,17.4035768,53
937,Duncan,2020,3,All housing types,501007.7647,77020,2.45,33.126514,33.65613231,276
937,Duncan,2020,3,Condos,261805.5556,77020,2.45,17.31235375,15.67225183,20
937,Duncan,2020,3,Single-detached,545626.9615,77020,2.45,35.92174634,37.87860121,204
937,Duncan,2020,3,Townhouses,397413.961,77020,2.45,26.27969855,27.87876391,52
977,Fort St. John,2020,3,All housing types,347954.5455,102010,2.45,17.3724288,19.8313746,135
977,Fort St. John,2020,3,Single-detached,370261.2179,102010,2.45,18.48614059,21.34312718,109
977,Fort St. John,2020,3,Townhouses,294177.5135,102010,2.45,14.68748713,16.34879797,24
925,Kamloops,2020,3,All housing types,474014.6654,87717.5,2.45,27.52240027,29.18144185,655
925,Kamloops,2020,3,Condos,295375,87717.5,2.45,17.15016343,18.56500138,76
925,Kamloops,2020,3,Single-detached,526500,87717.5,2.45,30.48883988,32.08712104,435
925,Kamloops,2020,3,Townhouses,397990.3704,87717.5,2.45,23.10825187,25.397242,144
915,Kelowna,2020,3,All housing types,600810.3814,85117.5,2.45,35.63255912,38.09482147,1772
915,Kelowna,2020,3,Condos,360071.1328,85117.5,2.45,21.54518459,24.28880262,471
915,Kelowna,2020,3,Single-detached,721041.496,85117.5,2.45,42.44805865,44.76537722,976
915,Kelowna,2020,3,Townhouses,523183.3333,85117.5,2.45,31.23214155,32.85366574,325
938,Nanaimo,2020,3,All housing types,531211.77,80580,2.45,33.47157143,33.9915153,710
938,Nanaimo,2020,3,Condos,301481.7647,80580,2.45,19.05524598,21.40189008,111
938,Nanaimo,2020,3,Single-detached,585431.701,80580,2.45,36.71819081,37.66249954,501
938,Nanaimo,2020,3,Townhouses,432752.6946,80580,2.45,27.35226475,27.46191196,98
907,Nelson,2020,3,All housing types,509211.9205,78377.5,2.45,33.05782113,41.74276472,92
907,Nelson,2020,3,Single-detached,520520.8333,78377.5,2.45,33.75401329,43.98100233,73
907,Nelson,2020,3,Townhouses,395111.1111,78377.5,2.45,25.67489108,35.55310394,16
939,Parksville,2020,3,All housing types,571988.4337,77107.5,2.45,37.53056055,38.92321274,287
939,Parksville,2020,3,Condos,329203.5714,77107.5,2.45,21.74446313,25.29799068,23
939,Parksville,2020,3,Single-detached,594950,77107.5,2.45,38.96738783,41.08315087,201
939,Parksville,2020,3,Townhouses,465564.0244,77107.5,2.45,30.751306,35.70802608,63
913,Penticton,2020,3,All housing types,471875,76420,2.45,31.44855603,34.46883108,360
913,Penticton,2020,3,Condos,297972.973,76420,2.45,19.85869083,24.64960116,75
913,Penticton,2020,3,Single-detached,562677.7778,76420,2.45,37.28033942,41.62561139,192
913,Penticton,2020,3,Townhouses,416615.5408,76420,2.45,27.76573706,28.09446494,93
940,Port Alberni,2020,3,All housing types,364496.9512,72537.5,2.45,25.59246337,24.91984493,171
940,Port Alberni,2020,3,Single-detached,375351.3514,72537.5,2.45,26.35458452,25.47459468,156
940,Port Alberni,2020,3,Townhouses,279777.7778,72537.5,2.45,19.64406699,17.79705682,10
945,Powell River,2020,3,All housing types,416787.8788,72652.5,2.45,29.21765057,28.39881449,112
945,Powell River,2020,3,Single-detached,422125,72652.5,2.45,29.59179327,29.06419653,98
970,Prince George,2020,3,All housing types,379019.4915,91202.5,2.45,21.16584324,20.86631918,462
970,Prince George,2020,3,Condos,298310,91202.5,2.45,16.65872821,12.39060086,34
970,Prince George,2020,3,Single-detached,394850.0852,91202.5,2.45,22.04988185,21.62037066,384
970,Prince George,2020,3,Townhouses,326235.6081,91202.5,2.45,18.21819694,15.88118112,44
955,Prince Rupert,2020,3,All housing types,348694.7368,88812.5,2.45,19.99641175,20.96060583,64
955,Prince Rupert,2020,3,Single-detached,349377.7778,88812.5,2.45,20.03558173,21.3614414,62
952,Quesnel,2020,3,All housing types,282709.2199,77530,2.45,18.57167017,19.12777887,91
952,Quesnel,2020,3,Single-detached,288071.4286,77530,2.45,18.92392317,19.38116486,83
920,Salmon Arm,2020,3,All housing types,476387.4346,78412.5,2.45,30.94252646,34.91041316,126
920,Salmon Arm,2020,3,Condos,271835.4839,78412.5,2.45,17.65637807,18.83347001,14
920,Salmon Arm,2020,3,Single-detached,507358.2677,78412.5,2.45,32.92900306,37.57179298,89
920,Salmon Arm,2020,3,Townhouses,365000,78412.5,2.45,23.70764076,27.50382689,23
934,Squamish,2020,3,All housing types,632014.6766,99487.5,2.45,31.99915461,35.74275125,200
934,Squamish,2020,3,Condos,454035.0515,99487.5,2.45,23.24350606,24.02183276,82
934,Squamish,2020,3,Single-detached,1086227.66,99487.5,2.45,53.56328775,52.39203906,30
934,Squamish,2020,3,Townhouses,742613.0435,99487.5,2.45,37.36304475,35.812071,88
965,Terrace,2020,3,All housing types,375641.2214,90497.5,2.45,21.14060617,22.28508389,84
965,Terrace,2020,3,Single-detached,386250,90497.5,2.45,21.73765463,22.91057037,70
933,Vancouver,2020,3,All housing types,727382.8418,85847.5,2.45,42.44351661,46.34979114,14166
933,Vancouver,2020,3,Condos,543590.8405,85847.5,2.45,32.11355678,33.52101857,6828
933,Vancouver,2020,3,Single-detached,1268975.771,85847.5,2.45,71.20379969,73.63157159,4302
933,Vancouver,2020,3,Townhouses,682374.5743,85847.5,2.45,39.91384398,42.89966917,3036
918,Vernon,2020,3,All housing types,499557.8231,81507.5,2.45,31.2154044,33.47993893,508
918,Vernon,2020,3,Condos,227010.3093,81507.5,2.45,14.18498175,17.73657873,63
918,Vernon,2020,3,Single-detached,584790.9417,81507.5,2.45,36.26243149,38.42228469,318
918,Vernon,2020,3,Townhouses,394142.9115,81507.5,2.45,24.628441,28.34301195,127
935,Victoria,2020,3,All housing types,657843.7706,92562.5,2.45,35.73954841,38.89023417,2463
935,Victoria,2020,3,Condos,444195.4178,92562.5,2.45,24.44104508,25.16453563,887
935,Victoria,2020,3,Single-detached,843567.8944,92562.5,2.45,45.42083152,48.24432339,1187
935,Victoria,2020,3,Townhouses,573919.5455,92562.5,2.45,31.36481148,34.92562688,389
950,Williams Lake,2020,3,All housing types,313430.2326,81960,2.45,19.47689437,21.01542762,88
950,Williams Lake,2020,3,Single-detached,321407.4074,81960,2.45,19.97260466,22.05009043,76
950,Williams Lake,2020,3,Townhouses,225789.4737,81960,2.45,14.03080262,15.65666588,12
932,Abbotsford - Mission,2020,4,All housing types,638846.1154,80380,2.45,40.01589655,39.8580484,1295
932,Abbotsford - Mission,2020,4,Condos,323158.4507,80380,2.45,20.47614938,20.09532322,340
932,Abbotsford - Mission,2020,4,Single-detached,816857.8479,80380,2.45,50.70153076,49.93104757,647
932,Abbotsford - Mission,2020,4,Townhouses,501015.9734,80380,2.45,31.74227066,32.71122748,308
944,Campbell River,2020,4,All housing types,487717.7694,81580,2.45,30.4484824,28.83969156,256
944,Campbell River,2020,4,Condos,280222.2222,81580,2.45,17.4944239,18.33500271,35
944,Campbell River,2020,4,Single-detached,529316.4557,81580,2.45,32.94918221,31.14048371,190
944,Campbell River,2020,4,Townhouses,350633.8028,81580,2.45,21.89025671,23.04827448,31
930,Chilliwack,2020,4,All housing types,572188.6592,81840,2.45,35.37211377,35.74923238,920
930,Chilliwack,2020,4,Condos,281386.0097,81840,2.45,17.51127039,17.71905455,132
930,Chilliwack,2020,4,Single-detached,693961.4644,81840,2.45,42.55145124,42.84775906,514
930,Chilliwack,2020,4,Townhouses,460148.1481,81840,2.45,28.63603151,29.51804433,274
943,Courtenay,2020,4,All housing types,563179.4662,81570,2.45,34.95628538,33.29529423,395
943,Courtenay,2020,4,Condos,359248.1752,81570,2.45,22.43080616,18.06257235,73
943,Courtenay,2020,4,Single-detached,625608.6957,81570,2.45,38.64909731,37.46374731,245
943,Courtenay,2020,4,Townhouses,420569.4175,81570,2.45,26.25959359,25.7004721,77
905,Cranbrook,2020,4,All housing types,353941.8006,86840,2.45,20.75834927,23.32692088,170
905,Cranbrook,2020,4,Condos,208822.7273,86840,2.45,12.24725393,10.88601116,38
905,Cranbrook,2020,4,Single-detached,385000,86840,2.45,22.57988307,24.79879355,111
905,Cranbrook,2020,4,Townhouses,287794.1176,86840,2.45,16.87885071,18.84060012,21
975,Dawson Creek,2020,4,All housing types,279298.2456,89390,2.45,15.91329245,17.42873376,59
975,Dawson Creek,2020,4,Single-detached,280733.945,89390,2.45,15.99509283,17.4035768,56
937,Duncan,2020,4,All housing types,510279.3103,78430,2.45,33.10135866,33.65613231,246
937,Duncan,2020,4,Condos,252719.2982,78430,2.45,16.41107256,15.67225183,37
937,Duncan,2020,4,Single-detached,565058.3784,78430,2.45,36.47137574,37.87860121,166
937,Duncan,2020,4,Townhouses,416754.4316,78430,2.45,27.06317746,27.87876391,43
977,Fort St. John,2020,4,All housing types,348215.859,102440,2.45,17.31249857,19.8313746,92
977,Fort St. John,2020,4,Single-detached,361244.5355,102440,2.45,17.96025466,21.34312718,74
977,Fort St. John,2020,4,Townhouses,286315.8462,102440,2.45,14.23497107,16.34879797,15
925,Kamloops,2020,4,All housing types,487521.1701,89060,2.45,27.8799225,29.18144185,644
925,Kamloops,2020,4,Condos,287878.7879,89060,2.45,16.46295338,18.56500138,89
925,Kamloops,2020,4,Single-detached,541624.5487,89060,2.45,30.84865435,32.08712104,396
925,Kamloops,2020,4,Townhouses,405869.3069,89060,2.45,23.21048914,25.397242,159
915,Kelowna,2020,4,All housing types,625781.0766,86420,2.45,36.48968538,38.09482147,1832
915,Kelowna,2020,4,Condos,366966.8731,86420,2.45,21.62685523,24.28880262,498
915,Kelowna,2020,4,Single-detached,750196.5868,86420,2.45,43.43608782,44.76537722,943
915,Kelowna,2020,4,Townhouses,536340.9916,86420,2.45,31.4960409,32.85366574,391
938,Nanaimo,2020,4,All housing types,548188.8726,81910,2.45,33.92814298,33.9915153,656
938,Nanaimo,2020,4,Condos,302628.169,81910,2.45,18.81712189,21.40189008,102
938,Nanaimo,2020,4,Single-detached,609128.8279,81910,2.45,37.51789859,37.66249954,446
938,Nanaimo,2020,4,Townhouses,427309.2233,81910,2.45,26.56966721,27.46191196,108
907,Nelson,2020,4,All housing types,541481.4815,79950,2.45,34.35510761,41.74276472,70
907,Nelson,2020,4,Single-detached,554104.4776,79950,2.45,35.11691233,43.98100233,61
939,Parksville,2020,4,All housing types,585578.0446,78040,2.45,37.92232095,38.92321274,296
939,Parksville,2020,4,Condos,389889.3939,78040,2.45,25.44514526,25.29799068,43
939,Parksville,2020,4,Single-detached,620171.798,78040,2.45,40.06116984,41.08315087,205
939,Parksville,2020,4,Townhouses,472533.7838,78040,2.45,30.83872235,35.70802608,48
913,Penticton,2020,4,All housing types,483456.6145,77770,2.45,31.66111326,34.46883108,343
913,Penticton,2020,4,Condos,295650.8876,77770,2.45,19.36189506,24.64960116,94
913,Penticton,2020,4,Single-detached,597343.2394,77770,2.45,38.78391797,41.62561139,163
913,Penticton,2020,4,Townhouses,427089.0475,77770,2.45,27.96965498,28.09446494,86
940,Port Alberni,2020,4,All housing types,373308.8235,74080,2.45,25.66540106,24.91984493,135
940,Port Alberni,2020,4,Single-detached,384259.2857,74080,2.45,26.41825764,25.47459468,124
940,Port Alberni,2020,4,Townhouses,274761.9048,74080,2.45,18.89018967,17.79705682,11
945,Powell River,2020,4,All housing types,430038.0531,73720,2.45,29.70997828,28.39881449,114
945,Powell River,2020,4,Single-detached,442319.5876,73720,2.45,30.55847092,29.06419653,96
945,Powell River,2020,4,Townhouses,374781.25,73720,2.45,25.89245932,24.20168568,10
970,Prince George,2020,4,All housing types,379657.8947,92510,2.45,20.90184044,20.86631918,374
970,Prince George,2020,4,Condos,291723.3333,92510,2.45,16.06065526,12.39060086,29
970,Prince George,2020,4,Single-detached,397041.1765,92510,2.45,21.85886671,21.62037066,296
970,Prince George,2020,4,Townhouses,243572.5806,92510,2.45,13.4097441,15.88118112,49
955,Prince Rupert,2020,4,All housing types,360077.5194,90830,2.45,20.1905183,20.96060583,65
955,Prince Rupert,2020,4,Single-detached,364730.0667,90830,2.45,20.45139918,21.3614414,58
952,Quesnel,2020,4,All housing types,278837.3494,78270,2.45,18.14413989,19.12777887,75
952,Quesnel,2020,4,Single-detached,282684.8684,78270,2.45,18.39450063,19.38116486,69
920,Salmon Arm,2020,4,All housing types,490647.4104,79570,2.45,31.40515395,34.91041316,125
920,Salmon Arm,2020,4,Condos,264348.1481,79570,2.45,16.92028555,18.83347001,13
920,Salmon Arm,2020,4,Single-detached,518743.0168,79570,2.45,33.14034391,37.57179298,90
920,Salmon Arm,2020,4,Townhouses,360397.7778,79570,2.45,23.06819002,27.50382689,22
934,Squamish,2020,4,All housing types,668786.445,100860,2.45,33.32283007,35.74275125,191
934,Squamish,2020,4,Condos,488083.7989,100860,2.45,24.64655377,24.02183276,97
934,Squamish,2020,4,Single-detached,1176950,100860,2.45,56.69222429,52.39203906,36
934,Squamish,2020,4,Townhouses,759897.9452,100860,2.45,37.68149929,35.812071,58
965,Terrace,2020,4,All housing types,392370.3704,91800,2.45,21.76879036,22.28508389,78
965,Terrace,2020,4,Single-detached,403333.3333,91800,2.45,22.37701784,22.91057037,71
933,Vancouver,2020,4,All housing types,769856.1129,87380,2.45,44.04445455,46.34979114,15002
933,Vancouver,2020,4,Condos,560690.7669,87380,2.45,32.49457724,33.52101857,6315
933,Vancouver,2020,4,Single-detached,1299174.914,87380,2.45,71.4372816,73.63157159,4994
933,Vancouver,2020,4,Townhouses,688494.8729,87380,2.45,39.55177755,42.89966917,3693
918,Vernon,2020,4,All housing types,516644.0501,82690,2.45,31.76743978,33.47993893,450
918,Vernon,2020,4,Condos,241750,82690,2.45,14.88998515,17.73657873,63
918,Vernon,2020,4,Single-detached,613145.8151,82690,2.45,37.39839331,38.42228469,277
918,Vernon,2020,4,Townhouses,400750.7975,82690,2.45,24.68324063,28.34301195,110
935,Victoria,2020,4,All housing types,674263.7151,93820,2.45,36.10497349,38.89023417,2571
935,Victoria,2020,4,Condos,432689.147,93820,2.45,23.48882797,25.16453563,1018
935,Victoria,2020,4,Single-detached,872501.9305,93820,2.45,46.30007674,48.24432339,1144
935,Victoria,2020,4,Townhouses,575324.6867,93820,2.45,31.01668307,34.92562688,409
950,Williams Lake,2020,4,All housing types,317894.4099,83240,2.45,19.45053688,21.01542762,73
950,Williams Lake,2020,4,Single-detached,326632.3529,83240,2.45,19.98517252,22.05009043,60
932,Abbotsford - Mission,2021,1,All housing types,679723.7642,80825,2.45,42.23586134,39.8580484,1167
932,Abbotsford - Mission,2021,1,Condos,331666.6667,80825,2.45,20.89954766,20.09532322,272
932,Abbotsford - Mission,2021,1,Single-detached,865233.5809,80825,2.45,53.31027804,49.93104757,632
932,Abbotsford - Mission,2021,1,Townhouses,522423.2925,80825,2.45,32.84546355,32.71122748,263
944,Campbell River,2021,1,All housing types,503969.4013,82155,2.45,31.22992007,28.83969156,195
944,Campbell River,2021,1,Condos,298709.6774,82155,2.45,18.51808472,18.33500271,27
944,Campbell River,2021,1,Single-detached,543409.0909,82155,2.45,33.54624331,31.14048371,140
944,Campbell River,2021,1,Townhouses,384152.5424,82155,2.45,23.8149945,23.04827448,28
930,Chilliwack,2021,1,All housing types,592651.7572,82412.5,2.45,36.32445048,35.74923238,958
930,Chilliwack,2021,1,Condos,259820.5805,82412.5,2.45,16.05688266,17.71905455,247
930,Chilliwack,2021,1,Single-detached,725188.2411,82412.5,2.45,44.08409872,42.84775906,498
930,Chilliwack,2021,1,Townhouses,481809.0349,82412.5,2.45,29.77574419,29.51804433,213
943,Courtenay,2021,1,All housing types,581630.6138,82322.5,2.45,35.71819939,33.29529423,273
943,Courtenay,2021,1,Condos,383445.9459,82322.5,2.45,23.72282327,18.06257235,75
943,Courtenay,2021,1,Single-detached,653844.2211,82322.5,2.45,39.95073058,37.46374731,153
943,Courtenay,2021,1,Townhouses,428092.623,82322.5,2.45,26.48499937,25.7004721,45
905,Cranbrook,2021,1,All housing types,349388.4892,87562.5,2.45,20.32222306,23.32692088,108
905,Cranbrook,2021,1,Condos,204994.898,87562.5,2.45,11.92355264,10.88601116,11
905,Cranbrook,2021,1,Single-detached,395614.3617,87562.5,2.45,23.01095644,24.79879355,77
905,Cranbrook,2021,1,Townhouses,291802.6829,87562.5,2.45,16.97273779,18.84060012,20
975,Dawson Creek,2021,1,All housing types,262312.5,90022.5,2.45,14.84050539,17.42873376,37
975,Dawson Creek,2021,1,Single-detached,263846.1538,90022.5,2.45,14.92727288,17.4035768,35
937,Duncan,2021,1,All housing types,516217,79107.5,2.45,33.18002803,33.65613231,189
937,Duncan,2021,1,Condos,240513.1579,79107.5,2.45,15.48467,15.67225183,39
937,Duncan,2021,1,Single-detached,595543.4783,79107.5,2.45,38.01841046,37.87860121,110
937,Duncan,2021,1,Townhouses,445152.6627,79107.5,2.45,28.65972965,27.87876391,40
977,Fort St. John,2021,1,All housing types,360107.5269,103307.5,2.45,17.75338294,19.8313746,94
977,Fort St. John,2021,1,Single-detached,375228.943,103307.5,2.45,18.49887219,21.34312718,75
977,Fort St. John,2021,1,Townhouses,288804.6875,103307.5,2.45,14.23813675,16.34879797,17
925,Kamloops,2021,1,All housing types,486673.4043,89935,2.45,27.56066221,29.18144185,484
925,Kamloops,2021,1,Condos,292544.0106,89935,2.45,16.56697611,18.56500138,99
925,Kamloops,2021,1,Single-detached,562295.082,89935,2.45,31.65749732,32.08712104,275
925,Kamloops,2021,1,Townhouses,409680.2974,89935,2.45,23.20048762,25.397242,110
915,Kelowna,2021,1,All housing types,631910.9324,87095,2.45,36.54647598,38.09482147,1525
915,Kelowna,2021,1,Condos,367412.5874,87095,2.45,21.48530787,24.28880262,503
915,Kelowna,2021,1,Single-detached,771298.5321,87095,2.45,44.26849014,44.76537722,726
915,Kelowna,2021,1,Townhouses,541585.1528,87095,2.45,31.54246593,32.85366574,296
936,Ladysmith,2021,1,All housing types,615457.1429,84280,2.45,36.82517038,58.88969957,39
936,Ladysmith,2021,1,Single-detached,649000,84280,2.45,38.74549744,61.26599014,32
938,Nanaimo,2021,1,All housing types,539106.7961,82715,2.45,33.06816096,33.9915153,683
938,Nanaimo,2021,1,Condos,320689.1892,82715,2.45,19.74607669,21.40189008,231
938,Nanaimo,2021,1,Single-detached,638275,82715,2.45,38.85295434,37.66249954,354
938,Nanaimo,2021,1,Townhouses,442675.2427,82715,2.45,27.25723094,27.46191196,98
907,Nelson,2021,1,All housing types,552983.6066,80932.5,2.45,34.62377794,41.74276472,52
907,Nelson,2021,1,Single-detached,589921.5686,80932.5,2.45,36.82594192,43.98100233,41
939,Parksville,2021,1,All housing types,616858.0645,78800,2.45,39.47188887,38.92321274,169
939,Parksville,2021,1,Condos,425752.3077,78800,2.45,27.51766422,25.29799068,22
939,Parksville,2021,1,Single-detached,664491.7933,78800,2.45,42.38856388,41.08315087,124
939,Parksville,2021,1,Townhouses,479929.5775,78800,2.45,31.01930565,35.70802608,23
913,Penticton,2021,1,All housing types,454365.8957,78370,2.45,29.5281782,34.46883108,328
913,Penticton,2021,1,Condos,308322.5225,78370,2.45,20.03716053,24.64960116,128
913,Penticton,2021,1,Single-detached,631595.8182,78370,2.45,40.59582609,41.62561139,112
913,Penticton,2021,1,Townhouses,424922.1552,78370,2.45,27.61469829,28.09446494,88
940,Port Alberni,2021,1,All housing types,387679.3893,74425,2.45,26.52984076,24.91984493,127
940,Port Alberni,2021,1,Single-detached,400906.4103,74425,2.45,27.43499787,25.47459468,110
940,Port Alberni,2021,1,Townhouses,248547.381,74425,2.45,17.00870002,17.79705682,10
945,Powell River,2021,1,All housing types,426554.0816,74345,2.45,29.22154068,28.39881449,82
945,Powell River,2021,1,Single-detached,444303.7975,74345,2.45,30.43750383,29.06419653,62
945,Powell River,2021,1,Townhouses,373540,74345,2.45,25.58975468,24.20168568,15
970,Prince George,2021,1,All housing types,382166.129,93025,2.45,20.92344966,20.86631918,246
970,Prince George,2021,1,Condos,226390,93025,2.45,12.39476607,12.39060086,21
970,Prince George,2021,1,Single-detached,404404.9587,93025,2.45,22.14101709,21.62037066,188
970,Prince George,2021,1,Townhouses,222537.7907,93025,2.45,12.18385908,15.88118112,37
955,Prince Rupert,2021,1,All housing types,369537.1901,90787.5,2.45,20.73064758,20.96060583,56
955,Prince Rupert,2021,1,Single-detached,380268.0388,90787.5,2.45,21.33263691,21.3614414,45
952,Quesnel,2021,1,All housing types,269787.6106,78877.5,2.45,17.42005967,19.12777887,38
952,Quesnel,2021,1,Single-detached,286575.5319,78877.5,2.45,18.50404789,19.38116486,25
920,Salmon Arm,2021,1,All housing types,489216.0194,80095,2.45,31.10828275,34.91041316,81
920,Salmon Arm,2021,1,Condos,279293.1034,80095,2.45,17.75969814,18.83347001,16
920,Salmon Arm,2021,1,Single-detached,531063.8298,80095,2.45,33.66534004,37.57179298,51
920,Salmon Arm,2021,1,Townhouses,364663.8889,80095,2.45,23.18825818,27.50382689,14
934,Squamish,2021,1,All housing types,578920.5196,101520,2.45,28.83505904,35.74275125,294
934,Squamish,2021,1,Condos,482775.2443,101520,2.45,24.22000101,24.02183276,210
934,Squamish,2021,1,Single-detached,1291357.143,101520,2.45,61.15701273,52.39203906,27
934,Squamish,2021,1,Townhouses,732335.6522,101520,2.45,36.12654877,35.812071,57
965,Terrace,2021,1,All housing types,416852.459,92047.5,2.45,23.06487705,22.28508389,44
965,Terrace,2021,1,Single-detached,420121.7593,92047.5,2.45,23.24577081,22.91057037,37
910,Trail,2021,1,All housing types,261413.3445,87030,2.45,15.29817215,24.92893931,36
910,Trail,2021,1,Single-detached,262401.8692,87030,2.45,15.35602161,24.78545253,31
933,Vancouver,2021,1,All housing types,780814.6607,87917.5,2.45,44.37659987,46.34979114,14867
933,Vancouver,2021,1,Condos,567649.9249,87917.5,2.45,32.67784319,33.52101857,7000
933,Vancouver,2021,1,Single-detached,1363443.132,87917.5,2.45,74.13575696,73.63157159,4660
933,Vancouver,2021,1,Townhouses,713897,87917.5,2.45,40.70407201,42.89966917,3207
918,Vernon,2021,1,All housing types,526976.7442,83245,2.45,32.1545452,33.47993893,324
918,Vernon,2021,1,Condos,266250,83245,2.45,16.28966798,17.73657873,63
918,Vernon,2021,1,Single-detached,638180.4671,83245,2.45,38.60010805,38.42228469,194
918,Vernon,2021,1,Townhouses,433488.7006,83245,2.45,26.52164134,28.34301195,67
935,Victoria,2021,1,All housing types,671949.3675,94610,2.45,35.6854648,38.89023417,1889
935,Victoria,2021,1,Condos,432332.5215,94610,2.45,23.27349664,25.16453563,840
935,Victoria,2021,1,Single-detached,920357.1429,94610,2.45,48.35404138,48.24432339,760
935,Victoria,2021,1,Townhouses,598222.2063,94610,2.45,31.92544486,34.92562688,289
950,Williams Lake,2021,1,All housing types,327374.1007,83965,2.45,19.8576019,21.01542762,66
950,Williams Lake,2021,1,Single-detached,334522.7273,83965,2.45,20.2912177,22.05009043,50
950,Williams Lake,2021,1,Townhouses,237818.1818,83965,2.45,14.42538909,15.65666588,13
932,Abbotsford - Mission,2021,2,All housing types,688071.7972,81270,2.45,42.50022112,39.8580484,1846
932,Abbotsford - Mission,2021,2,Condos,348711.4914,81270,2.45,21.8532872,20.09532322,656
932,Abbotsford - Mission,2021,2,Single-detached,968950.6008,81270,2.45,59.17608667,49.93104757,866
932,Abbotsford - Mission,2021,2,Townhouses,567553.1516,81270,2.45,35.3449901,32.71122748,324
944,Campbell River,2021,2,All housing types,546668.4211,82730,2.45,33.50317869,28.83969156,299
944,Campbell River,2021,2,Condos,402268.5393,82730,2.45,24.76474258,18.33500271,62
944,Campbell River,2021,2,Single-detached,611265.047,82730,2.45,37.27061993,31.14048371,179
944,Campbell River,2021,2,Townhouses,469988.3721,82730,2.45,28.9337592,23.04827448,58
930,Chilliwack,2021,2,All housing types,673781.0094,82985,2.45,40.79098084,35.74923238,1380
930,Chilliwack,2021,2,Condos,276536.6876,82985,2.45,16.97203552,17.71905455,230
930,Chilliwack,2021,2,Single-detached,807542.0736,82985,2.45,48.56829773,42.84775906,833
930,Chilliwack,2021,2,Townhouses,533484.9057,82985,2.45,32.63369483,29.51804433,317
943,Courtenay,2021,2,All housing types,634916.5593,83075,2.45,38.48952818,33.29529423,503
943,Courtenay,2021,2,Condos,355734.6939,83075,2.45,21.8090449,18.06257235,72
943,Courtenay,2021,2,Single-detached,721010.5263,83075,2.45,43.48989711,37.46374731,322
943,Courtenay,2021,2,Townhouses,479676.9481,83075,2.45,29.40757896,25.7004721,109
905,Cranbrook,2021,2,All housing types,369131.9398,88285,2.45,21.29489374,23.32692088,191
905,Cranbrook,2021,2,Condos,127629.0323,88285,2.45,7.3628055103189904,10.88601116,20
905,Cranbrook,2021,2,Single-detached,398828.2609,88285,2.45,23.00804813,24.79879355,153
905,Cranbrook,2021,2,Townhouses,284839.7368,88285,2.45,16.43215142,18.84060012,18
975,Dawson Creek,2021,2,All housing types,285536,90655,2.45,16.04168126,17.42873376,88
975,Dawson Creek,2021,2,Single-detached,284705.8824,90655,2.45,15.99504447,17.4035768,84
937,Duncan,2021,2,All housing types,553307.2234,79785,2.45,35.14132191,33.65613231,281
937,Duncan,2021,2,Condos,252476.7442,79785,2.45,16.11687752,15.67225183,47
937,Duncan,2021,2,Single-detached,663321.4286,79785,2.45,41.79447005,37.87860121,170
937,Duncan,2021,2,Townhouses,451311.6923,79785,2.45,28.80952577,27.87876391,64
977,Fort St. John,2021,2,All housing types,358375,104175,2.45,17.52084189,19.8313746,186
977,Fort St. John,2021,2,Single-detached,386535.0336,104175,2.45,18.89757715,21.34312718,148
977,Fort St. John,2021,2,Townhouses,302162.037,104175,2.45,14.77260768,16.34879797,37
925,Kamloops,2021,2,All housing types,531071.5034,90810,2.45,29.69345266,29.18144185,853
925,Kamloops,2021,2,Condos,314971.2706,90810,2.45,17.66517892,18.56500138,156
925,Kamloops,2021,2,Single-detached,624803.3449,90810,2.45,34.67372568,32.08712104,489
925,Kamloops,2021,2,Townhouses,437893.0818,90810,2.45,24.55925463,25.397242,208
915,Kelowna,2021,2,All housing types,683256.5823,87770,2.45,39.08806463,38.09482147,2349
915,Kelowna,2021,2,Condos,391535.9741,87770,2.45,22.71989638,24.28880262,734
915,Kelowna,2021,2,Single-detached,838174.3167,87770,2.45,47.60443845,44.76537722,1213
915,Kelowna,2021,2,Townhouses,581795.0946,87770,2.45,33.51036907,32.85366574,402
936,Ladysmith,2021,2,All housing types,667180.6122,84280,2.45,39.78633668,58.88969957,59
936,Ladysmith,2021,2,Single-detached,706430.3797,84280,2.45,42.03338411,61.26599014,47
936,Ladysmith,2021,2,Townhouses,432533.3333,84280,2.45,26.13820917,39.99687592,11
938,Nanaimo,2021,2,All housing types,588422.7966,83520,2.45,35.59846659,33.9915153,826
938,Nanaimo,2021,2,Condos,347358.871,83520,2.45,21.18208384,21.40189008,141
938,Nanaimo,2021,2,Single-detached,692245.9283,83520,2.45,41.59642317,37.66249954,567
938,Nanaimo,2021,2,Townhouses,468171.7593,83520,2.45,28.54930242,27.46191196,118
907,Nelson,2021,2,All housing types,582112,81915,2.45,35.92424062,41.74276472,73
907,Nelson,2021,2,Single-detached,653608.6957,81915,2.45,40.13559912,43.98100233,51
907,Nelson,2021,2,Townhouses,438863.6364,81915,2.45,27.28644362,35.55310394,14
939,Parksville,2021,2,All housing types,680298.5222,79560,2.45,42.9422664,38.92321274,237
939,Parksville,2021,2,Condos,427731,79560,2.45,27.38146789,25.29799068,23
939,Parksville,2021,2,Single-detached,740170.9571,79560,2.45,46.57331301,41.08315087,179
939,Parksville,2021,2,Townhouses,546853.4483,79560,2.45,34.84930535,35.70802608,35
913,Penticton,2021,2,All housing types,475986.8126,78970,2.45,30.6982456,34.46883108,467
913,Penticton,2021,2,Condos,364168.5254,78970,2.45,23.48664824,24.64960116,167
913,Penticton,2021,2,Single-detached,668947.3684,78970,2.45,42.56954667,41.62561139,192
913,Penticton,2021,2,Townhouses,422873.8878,78970,2.45,27.27278597,28.09446494,108
940,Port Alberni,2021,2,All housing types,426388.0866,74770,2.45,29.04413556,24.91984493,150
940,Port Alberni,2021,2,Single-detached,437836.0324,74770,2.45,29.82393147,25.47459468,137
940,Port Alberni,2021,2,Townhouses,312586.7391,74770,2.45,21.292367,17.79705682,13
945,Powell River,2021,2,All housing types,454234.0426,74970,2.45,30.85836717,28.39881449,106
945,Powell River,2021,2,Condos,312963.1579,74970,2.45,21.26113662,18.58894411,14
945,Powell River,2021,2,Single-detached,478080,74970,2.45,32.47834111,29.06419653,88
970,Prince George,2021,2,All housing types,416668.6747,93540,2.45,22.68685313,20.86631918,501
970,Prince George,2021,2,Condos,229750,93540,2.45,12.50947053,12.39060086,21
970,Prince George,2021,2,Single-detached,437373.955,93540,2.45,23.81421806,21.62037066,434
970,Prince George,2021,2,Townhouses,276072.2892,93540,2.45,15.0316351,15.88118112,46
955,Prince Rupert,2021,2,All housing types,400438.3562,90745,2.45,22.47469148,20.96060583,90
955,Prince Rupert,2021,2,Single-detached,422710.7438,90745,2.45,23.72473417,21.3614414,76
952,Quesnel,2021,2,All housing types,298010.7914,79485,2.45,19.09534837,19.12777887,101
952,Quesnel,2021,2,Condos,104222.2222,79485,2.45,6.678146225,7.449258462,10
952,Quesnel,2021,2,Single-detached,333814.1593,79485,2.45,21.38948604,19.38116486,88
920,Salmon Arm,2021,2,All housing types,534586.8182,80620,2.45,33.65695761,34.91041316,139
920,Salmon Arm,2021,2,Condos,274174.2857,80620,2.45,17.32067053,18.83347001,19
920,Salmon Arm,2021,2,Single-detached,583904.6053,80620,2.45,36.60857775,37.57179298,101
920,Salmon Arm,2021,2,Townhouses,411651.5152,80620,2.45,26.0056491,27.50382689,19
934,Squamish,2021,2,All housing types,643295.0843,102180,2.45,31.68862945,35.74275125,204
934,Squamish,2021,2,Condos,518287.1,102180,2.45,25.78564645,24.02183276,90
934,Squamish,2021,2,Single-detached,1512014.286,102180,2.45,70.02387007,52.39203906,43
934,Squamish,2021,2,Townhouses,791886.7188,102180,2.45,38.70525239,35.812071,71
965,Terrace,2021,2,All housing types,420826.3764,92295,2.45,23.22231716,22.28508389,134
965,Terrace,2021,2,Condos,140977.2727,92295,2.45,7.779500344,9.171153832,39
965,Terrace,2021,2,Single-detached,454707.5397,92295,2.45,25.09196974,22.91057037,89
910,Trail,2021,2,All housing types,292164,87030,2.45,17.09773147,24.92893931,81
910,Trail,2021,2,Single-detached,295442.3077,87030,2.45,17.28958134,24.78545253,73
933,Vancouver,2021,2,All housing types,788740.4723,88455,2.45,44.53927949,46.34979114,22104
933,Vancouver,2021,2,Condos,578400.7059,88455,2.45,33.06570662,33.52101857,10121
933,Vancouver,2021,2,Single-detached,1476307.535,88455,2.45,79.15771777,73.63157159,7072
933,Vancouver,2021,2,Townhouses,754158.5735,88455,2.45,42.65291277,42.89966917,4911
918,Vernon,2021,2,All housing types,556444.8052,83800,2.45,33.63829693,33.47993893,600
918,Vernon,2021,2,Condos,272802.5,83800,2.45,16.58002195,17.73657873,117
918,Vernon,2021,2,Single-detached,652126.3538,83800,2.45,39.14743751,38.42228469,360
918,Vernon,2021,2,Townhouses,461016.4684,83800,2.45,28.01903635,28.34301195,123
935,Victoria,2021,2,All housing types,712266.868,95400,2.45,37.42908618,38.89023417,2913
935,Victoria,2021,2,Condos,459656.0976,95400,2.45,24.5394839,25.16453563,1210
935,Victoria,2021,2,Single-detached,988570.0935,95400,2.45,51.40361771,48.24432339,1273
935,Victoria,2021,2,Townhouses,648873.4353,95400,2.45,34.22284955,34.92562688,430
950,Williams Lake,2021,2,All housing types,338596.4912,84690,2.45,20.36249986,21.01542762,105
950,Williams Lake,2021,2,Single-detached,351399.2537,84690,2.45,21.13243179,22.05009043,84
950,Williams Lake,2021,2,Townhouses,263800,84690,2.45,15.86439199,15.65666588,16
932,Abbotsford - Mission,2021,3,All housing types,718569.4049,81715,2.45,44.06956773,39.8580484,1523
932,Abbotsford - Mission,2021,3,Condos,367010.7958,81715,2.45,22.87482752,20.09532322,480
932,Abbotsford - Mission,2021,3,Single-detached,1034119.804,81715,2.45,62.47802208,49.93104757,770
932,Abbotsford - Mission,2021,3,Townhouses,601432.1608,81715,2.45,37.152964,32.71122748,273
944,Campbell River,2021,3,All housing types,593779.0738,83305,2.45,36.00057749,28.83969156,284
944,Campbell River,2021,3,Condos,397677.2277,83305,2.45,24.31310511,18.33500271,39
944,Campbell River,2021,3,Single-detached,664752.0566,83305,2.45,40.11133318,31.14048371,210
944,Campbell River,2021,3,Townhouses,494075.2688,83305,2.45,30.20666789,23.04827448,35
930,Chilliwack,2021,3,All housing types,725000,83557.5,2.45,43.46913823,35.74923238,1045
930,Chilliwack,2021,3,Condos,307461.8736,83557.5,2.45,18.74073439,17.71905455,229
930,Chilliwack,2021,3,Single-detached,849016.1871,83557.5,2.45,50.63045055,42.84775906,557
930,Chilliwack,2021,3,Townhouses,569611.1589,83557.5,2.45,34.4962126,29.51804433,259
943,Courtenay,2021,3,All housing types,678674.6894,83827.5,2.45,40.6626904,33.29529423,463
943,Courtenay,2021,3,Condos,376272.7273,83827.5,2.45,22.86109354,18.06257235,60
943,Courtenay,2021,3,Single-detached,759273.6156,83827.5,2.45,45.30188317,37.46374731,292
943,Courtenay,2021,3,Townhouses,507421.5909,83827.5,2.45,30.80553504,25.7004721,111
905,Cranbrook,2021,3,All housing types,402129.5918,89007.5,2.45,23.01018996,23.32692088,152
905,Cranbrook,2021,3,Condos,144088.8889,89007.5,2.45,8.244886154,10.88601116,25
905,Cranbrook,2021,3,Single-detached,422190.6934,89007.5,2.45,24.15810289,24.79879355,121
975,Dawson Creek,2021,3,All housing types,290555.5556,91287.5,2.45,16.21058336,17.42873376,92
975,Dawson Creek,2021,3,Single-detached,291741.1765,91287.5,2.45,16.27673115,17.4035768,86
937,Duncan,2021,3,All housing types,604007.3529,80462.5,2.45,37.88572096,33.65613231,263
937,Duncan,2021,3,Condos,288167.4157,80462.5,2.45,18.24030615,15.67225183,42
937,Duncan,2021,3,Single-detached,720301.2048,80462.5,2.45,44.85941535,37.87860121,162
937,Duncan,2021,3,Townhouses,468182.2439,80462.5,2.45,29.63481295,27.87876391,59
977,Fort St. John,2021,3,All housing types,356563.0769,105042.5,2.45,17.28829216,19.8313746,139
977,Fort St. John,2021,3,Single-detached,388865.5642,105042.5,2.45,18.85450828,21.34312718,109
977,Fort St. John,2021,3,Townhouses,294566.4063,105042.5,2.45,14.28232597,16.34879797,27
925,Kamloops,2021,3,All housing types,556219.988,91685,2.45,30.73353911,29.18144185,813
925,Kamloops,2021,3,Condos,337900,91685,2.45,18.77027676,18.56500138,169
925,Kamloops,2021,3,Single-detached,651855.3776,91685,2.45,35.76645903,32.08712104,479
925,Kamloops,2021,3,Townhouses,459670.8579,91685,2.45,25.53462333,25.397242,165
915,Kelowna,2021,3,All housing types,729025.8065,88445,2.45,41.28664299,38.09482147,2146
915,Kelowna,2021,3,Condos,428237.0978,88445,2.45,24.65992632,24.28880262,789
915,Kelowna,2021,3,Single-detached,892593.7641,88445,2.45,50.20992508,44.76537722,1000
915,Kelowna,2021,3,Townhouses,616466.3715,88445,2.45,35.14607851,32.85366574,357
936,Ladysmith,2021,3,All housing types,740419.0083,84280,2.45,43.97923157,58.88969957,62
936,Ladysmith,2021,3,Single-detached,774807.6923,84280,2.45,45.94798219,61.26599014,57
938,Nanaimo,2021,3,All housing types,652143.3101,84325,2.45,38.90467925,33.9915153,751
938,Nanaimo,2021,3,Condos,378441.573,84325,2.45,22.85721235,21.40189008,126
938,Nanaimo,2021,3,Single-detached,732226.5193,84325,2.45,43.48699274,37.66249954,519
938,Nanaimo,2021,3,Townhouses,496058.0357,84325,2.45,29.96104198,27.46191196,106
907,Nelson,2021,3,All housing types,613734.5679,82897.5,2.45,37.33904991,41.74276472,89
907,Nelson,2021,3,Single-detached,659285.7143,82897.5,2.45,39.99034188,43.98100233,68
907,Nelson,2021,3,Townhouses,508500,82897.5,2.45,31.21390079,35.55310394,16
939,Parksville,2021,3,All housing types,731378.5714,80320,2.45,45.60444836,38.92321274,239
939,Parksville,2021,3,Condos,452237.9762,80320,2.45,28.67636522,25.29799068,19
939,Parksville,2021,3,Single-detached,784825.1404,80320,2.45,48.81511938,41.08315087,177
939,Parksville,2021,3,Townhouses,582758.9744,80320,2.45,36.67649202,35.70802608,43
913,Penticton,2021,3,All housing types,531211.1237,79570,2.45,33.89639447,34.46883108,382
913,Penticton,2021,3,Condos,382193.2253,79570,2.45,24.46326389,24.64960116,126
913,Penticton,2021,3,Single-detached,698664.8352,79570,2.45,44.05058008,41.62561139,172
913,Penticton,2021,3,Townhouses,446892.0938,79570,2.45,28.60448197,28.09446494,84
940,Port Alberni,2021,3,All housing types,450131.7035,75115,2.45,30.52064478,24.91984493,167
940,Port Alberni,2021,3,Single-detached,469223.2759,75115,2.45,31.81512614,25.47459468,153
940,Port Alberni,2021,3,Townhouses,351500,75115,2.45,23.83303943,17.79705682,13
945,Powell River,2021,3,All housing types,503299.5392,75595,2.45,33.89724162,28.39881449,111
945,Powell River,2021,3,Condos,309475,75595,2.45,20.85034637,18.58894411,14
945,Powell River,2021,3,Single-detached,530946.9274,75595,2.45,35.6619003,29.06419653,91
970,Prince George,2021,3,All housing types,420426.9036,94055,2.45,22.76613911,20.86631918,484
970,Prince George,2021,3,Condos,235735.2941,94055,2.45,12.76507867,12.39060086,30
970,Prince George,2021,3,Single-detached,436945.3461,94055,2.45,23.66061365,21.62037066,404
970,Prince George,2021,3,Townhouses,311656.25,94055,2.45,16.87620246,15.88118112,50
955,Prince Rupert,2021,3,All housing types,411538.4615,90702.5,2.45,23.10851012,20.96060583,66
955,Prince Rupert,2021,3,Single-detached,435880.597,90702.5,2.45,24.47535802,21.3614414,58
952,Quesnel,2021,3,All housing types,329527.027,80092.5,2.45,20.95462842,19.12777887,84
952,Quesnel,2021,3,Single-detached,351432.5153,80092.5,2.45,22.347598739701098,19.38116486,75
920,Salmon Arm,2021,3,All housing types,564791.0853,81145,2.45,35.23519999,34.91041316,119
920,Salmon Arm,2021,3,Condos,276488.2353,81145,2.45,17.35384307,18.83347001,15
920,Salmon Arm,2021,3,Single-detached,609537.4332,81145,2.45,37.89589753,37.57179298,86
920,Salmon Arm,2021,3,Townhouses,420824.3243,81145,2.45,26.41312849,27.50382689,18
934,Squamish,2021,3,All housing types,807527.027,102840,2.45,39.19066109,35.74275125,166
934,Squamish,2021,3,Condos,594517.169,102840,2.45,29.19670786,24.02183276,52
934,Squamish,2021,3,Single-detached,1473009.195,102840,2.45,67.94777943,52.39203906,44
934,Squamish,2021,3,Townhouses,859929.078,102840,2.45,41.64924987,35.812071,70
965,Terrace,2021,3,All housing types,440584.4328,92542.5,2.45,24.24759638,22.28508389,104
965,Terrace,2021,3,Condos,131882.3529,92542.5,2.45,7.25815491,9.171153832,12
965,Terrace,2021,3,Single-detached,474953.7572,92542.5,2.45,26.13911466,22.91057037,84
910,Trail,2021,3,All housing types,311600,87030,2.45,18.23514577,24.92893931,69
910,Trail,2021,3,Single-detached,312746.3768,87030,2.45,18.30223289,24.78545253,65
933,Vancouver,2021,3,All housing types,811675.3472,88992.5,2.45,45.51376061,46.34979114,19368
933,Vancouver,2021,3,Condos,600282.1335,88992.5,2.45,34.05237004,33.52101857,9212
933,Vancouver,2021,3,Single-detached,1533820.636,88992.5,2.45,81.45140957,73.63157159,6041
933,Vancouver,2021,3,Townhouses,779118.1033,88992.5,2.45,43.74856066,42.89966917,4115
918,Vernon,2021,3,All housing types,578538.5322,84355,2.45,34.68071951,33.47993893,457
918,Vernon,2021,3,Condos,282971.6837,84355,2.45,17.08491895,17.73657873,79
918,Vernon,2021,3,Single-detached,671550,84355,2.45,40.00088751,38.42228469,280
918,Vernon,2021,3,Townhouses,462210.086,84355,2.45,27.90675644,28.34301195,98
935,Victoria,2021,3,All housing types,764321.2271,96190,2.45,39.73280455,38.89023417,2759
935,Victoria,2021,3,Condos,491221.7865,96190,2.45,26.00928834,25.16453563,1085
935,Victoria,2021,3,Single-detached,1037470.164,96190,2.45,53.22550133,48.24432339,1224
935,Victoria,2021,3,Townhouses,695454.5455,96190,2.45,36.27835455,34.92562688,450
950,Williams Lake,2021,3,All housing types,345250,85415,2.45,20.58639568,21.01542762,105
950,Williams Lake,2021,3,Single-detached,376054.2169,85415,2.45,22.42317424,22.05009043,82
950,Williams Lake,2021,3,Townhouses,226150,85415,2.45,13.48475998,15.65666588,14
932,Abbotsford - Mission,2021,4,All housing types,716699.963,82160,2.45,43.72108838,39.8580484,1180
932,Abbotsford - Mission,2021,4,Condos,390011.8012,82160,2.45,24.17675957,20.09532322,486
932,Abbotsford - Mission,2021,4,Single-detached,1090835.641,82160,2.45,65.10030204,49.93104757,482
932,Abbotsford - Mission,2021,4,Townhouses,624835.0515,82160,2.45,38.32611994,32.71122748,212
944,Campbell River,2021,4,All housing types,627072.5263,83880,2.45,37.66893048,28.83969156,191
944,Campbell River,2021,4,Condos,338421.1268,83880,2.45,20.54848554,18.33500271,32
944,Campbell River,2021,4,Single-detached,677771.261,83880,2.45,40.58527198,31.14048371,131
944,Campbell River,2021,4,Townhouses,517422.2222,83880,2.45,31.36151999,23.04827448,28
930,Chilliwack,2021,4,All housing types,745480.226,84130,2.45,44.34791567,35.74923238,725
930,Chilliwack,2021,4,Condos,323005.8309,84130,2.45,19.55420875,17.71905455,114
930,Chilliwack,2021,4,Single-detached,897965.7114,84130,2.45,53.09326769,42.84775906,420
930,Chilliwack,2021,4,Townhouses,598095.5056,84130,2.45,35.89510287,29.51804433,191
943,Courtenay,2021,4,All housing types,706556.962,84580,2.45,41.89151544,33.29529423,327
943,Courtenay,2021,4,Condos,380405.4054,84580,2.45,22.90655466,18.06257235,51
943,Courtenay,2021,4,Single-detached,800641.8511,84580,2.45,47.25876605,37.46374731,205
943,Courtenay,2021,4,Townhouses,517376.3736,84580,2.45,31.09935062,25.7004721,71
905,Cranbrook,2021,4,All housing types,423140.9396,89730,2.45,24.01751951,23.32692088,146
905,Cranbrook,2021,4,Condos,167034.8837,89730,2.45,9.480915702,10.88601116,18
905,Cranbrook,2021,4,Single-detached,445276.0684,89730,2.45,25.2739115,24.79879355,113
905,Cranbrook,2021,4,Townhouses,336428.5714,89730,2.45,19.09571734,18.84060012,15
975,Dawson Creek,2021,4,All housing types,278708.6093,91920,2.45,15.4426256,17.42873376,59
975,Dawson Creek,2021,4,Single-detached,281732.3944,91920,2.45,15.61016682,17.4035768,56
937,Duncan,2021,4,All housing types,652669.6035,81140,2.45,40.46310646,33.65613231,191
937,Duncan,2021,4,Condos,310777.9412,81140,2.45,19.50724577,15.67225183,26
937,Duncan,2021,4,Single-detached,759931.0345,81140,2.45,46.8414552,37.87860121,128
937,Duncan,2021,4,Townhouses,513125,81140,2.45,32.16502448,27.87876391,37
977,Fort St. John,2021,4,All housing types,369883.2117,105910,2.45,17.7872343,19.8313746,135
977,Fort St. John,2021,4,Single-detached,395125,105910,2.45,19.00108123,21.34312718,109
977,Fort St. John,2021,4,Townhouses,288690,105910,2.45,13.88275138,16.34879797,23
925,Kamloops,2021,4,All housing types,576526.8342,92560,2.45,31.50157303,29.18144185,659
925,Kamloops,2021,4,Condos,322956.6978,92560,2.45,17.77058495,18.56500138,152
925,Kamloops,2021,4,Single-detached,669480.0578,92560,2.45,36.34709746,32.08712104,386
925,Kamloops,2021,4,Townhouses,488420.3846,92560,2.45,26.87516932,25.397242,121
915,Kelowna,2021,4,All housing types,757911.641,89120,2.45,42.53783716,38.09482147,1419
915,Kelowna,2021,4,Condos,443949.711,89120,2.45,25.37110447,24.28880262,422
915,Kelowna,2021,4,Single-detached,930632.1839,89120,2.45,51.88906191,44.76537722,740
915,Kelowna,2021,4,Townhouses,630650.6515,89120,2.45,35.64782806,32.85366574,257
936,Ladysmith,2021,4,All housing types,800321.7391,84280,2.45,47.40866023,58.88969957,53
936,Ladysmith,2021,4,Single-detached,816732.6733,84280,2.45,48.34818547,61.26599014,44
938,Nanaimo,2021,4,All housing types,676731.2161,85130,2.45,39.93039316,33.9915153,540
938,Nanaimo,2021,4,Condos,393265.4867,85130,2.45,23.52794382,21.40189008,100
938,Nanaimo,2021,4,Single-detached,775127.0161,85130,2.45,45.50730277,37.66249954,349
938,Nanaimo,2021,4,Townhouses,558671.5736,85130,2.45,33.23896979,27.46191196,91
907,Nelson,2021,4,All housing types,628576.9231,83880,2.45,37.75546785,41.74276472,93
907,Nelson,2021,4,Single-detached,656232.9932,83880,2.45,39.34632697,43.98100233,79
939,Parksville,2021,4,All housing types,750572.5624,81080,2.45,46.31920081,38.92321274,202
939,Parksville,2021,4,Condos,460508.3333,81080,2.45,28.92707538,25.29799068,17
939,Parksville,2021,4,Single-detached,808172.9607,81080,2.45,49.74696885,41.08315087,154
939,Parksville,2021,4,Townhouses,600264.8649,81080,2.45,37.37447237,35.70802608,31
913,Penticton,2021,4,All housing types,575004.9527,80170,2.45,36.27843933,34.46883108,273
913,Penticton,2021,4,Condos,364148.7805,80170,2.45,23.1338412,24.64960116,79
913,Penticton,2021,4,Single-detached,732536.2776,80170,2.45,45.75945185,41.62561139,145
913,Penticton,2021,4,Townhouses,470789.4737,80170,2.45,29.90856899,28.09446494,49
940,Port Alberni,2021,4,All housing types,461083.3333,75460,2.45,31.12027292,24.91984493,130
940,Port Alberni,2021,4,Single-detached,494493.2432,75460,2.45,33.37523518,25.47459468,106
940,Port Alberni,2021,4,Townhouses,297896.5517,75460,2.45,20.10617457,17.79705682,16
945,Powell River,2021,4,All housing types,525023.5294,76220,2.45,34.99450017,28.39881449,59
945,Powell River,2021,4,Single-detached,554024.8227,76220,2.45,36.83039627,29.06419653,50
970,Prince George,2021,4,All housing types,416418.4397,94570,2.45,22.42628502,20.86631918,362
970,Prince George,2021,4,Condos,205131.8182,94570,2.45,11.04740852,12.39060086,14
970,Prince George,2021,4,Single-detached,431337.3626,94570,2.45,23.22974612,21.62037066,324
970,Prince George,2021,4,Townhouses,289527.027,94570,2.45,15.59252667,15.88118112,24
955,Prince Rupert,2021,4,All housing types,424218.75,90660,2.45,23.83169428,20.96060583,62
955,Prince Rupert,2021,4,Single-detached,437905.4054,90660,2.45,24.60058106,21.3614414,53
952,Quesnel,2021,4,All housing types,333671.0526,80700,2.45,21.05841938,19.12777887,68
952,Quesnel,2021,4,Single-detached,339938.8489,80700,2.45,21.45398826,19.38116486,64
920,Salmon Arm,2021,4,All housing types,582390.1345,81670,2.45,36.04844101,34.91041316,104
920,Salmon Arm,2021,4,Condos,281433.8235,81670,2.45,17.55070269,18.83347001,19
920,Salmon Arm,2021,4,Single-detached,653487.5,81670,2.45,40.24884082,37.57179298,74
920,Salmon Arm,2021,4,Townhouses,431310.3448,81670,2.45,26.89726321,27.50382689,11
934,Squamish,2021,4,All housing types,849931.7881,103500,2.45,40.91760069,35.74275125,136
934,Squamish,2021,4,Condos,566986.0108,103500,2.45,27.7270616,24.02183276,41
934,Squamish,2021,4,Single-detached,1402185.714,103500,2.45,64.57965164,52.39203906,33
934,Squamish,2021,4,Townhouses,870000,103500,2.45,41.85315285,35.812071,62
965,Terrace,2021,4,All housing types,446812.5,92790,2.45,24.52476833,22.28508389,88
965,Terrace,2021,4,Condos,135434.7826,92790,2.45,7.433781881,9.171153832,11
965,Terrace,2021,4,Single-detached,469941.1765,92790,2.45,25.79426153,22.91057037,69
910,Trail,2021,4,All housing types,294182.6923,87030,2.45,17.21586738,24.92893931,87
910,Trail,2021,4,Single-detached,294114.5833,87030,2.45,17.21188158,24.78545253,79
933,Vancouver,2021,4,All housing types,811738.8405,89530,2.45,45.2439372,46.34979114,16319
933,Vancouver,2021,4,Condos,618984,89530,2.45,34.85583087,33.52101857,9163
933,Vancouver,2021,4,Single-detached,1582174.171,89530,2.45,83.27877396,73.63157159,4064
933,Vancouver,2021,4,Townhouses,819989.0107,89530,2.45,45.68856232,42.89966917,3092
918,Vernon,2021,4,All housing types,562028.4325,84910,2.45,33.51584538,33.47993893,469
918,Vernon,2021,4,Condos,246788.9328,84910,2.45,14.80292753,17.73657873,174
918,Vernon,2021,4,Single-detached,721371.4286,84910,2.45,42.57054016,38.42228469,210
918,Vernon,2021,4,Townhouses,495419.6721,84910,2.45,29.71633054,28.34301195,85
935,Victoria,2021,4,All housing types,798061.4453,96980,2.45,41.08781096,38.89023417,1863
935,Victoria,2021,4,Condos,527154.6053,96980,2.45,27.60943803,25.16453563,739
935,Victoria,2021,4,Single-detached,1098076.923,96980,2.45,55.47224212,48.24432339,765
935,Victoria,2021,4,Townhouses,717218.7886,96980,2.45,37.0656627,34.92562688,359
950,Williams Lake,2021,4,All housing types,343350.8287,86140,2.45,20.30083991,21.01542762,76
950,Williams Lake,2021,4,Single-detached,380639.1594,86140,2.45,22.50553658,22.05009043,56
950,Williams Lake,2021,4,Townhouses,198050,86140,2.45,11.70983439,15.65666588,12
932,Abbotsford - Mission,2022,1,All housing types,742988.1005,82217.5,2.526923077,45.62714326,39.8580484,1089
932,Abbotsford - Mission,2022,1,Condos,410493.154,82217.5,2.526923077,25.65002616,20.09532322,332
932,Abbotsford - Mission,2022,1,Single-detached,1229925.477,82217.5,2.526923077,72.94012226,49.93104757,508
932,Abbotsford - Mission,2022,1,Townhouses,695293.9262,82217.5,2.526923077,42.80378408,32.71122748,249
944,Campbell River,2022,1,All housing types,646011.8214,84442.5,2.526923077,38.83544494,28.83969156,159
944,Campbell River,2022,1,Condos,339170.9091,84442.5,2.526923077,20.63496202,18.33500271,23
944,Campbell River,2022,1,Single-detached,699726.8908,84442.5,2.526923077,41.93143903,31.14048371,107
944,Campbell River,2022,1,Townhouses,531975.4386,84442.5,2.526923077,32.26269037,23.04827448,29
930,Chilliwack,2022,1,All housing types,813482.2028,84465,2.526923077,48.47507707,35.74923238,764
930,Chilliwack,2022,1,Condos,343558.1395,84465,2.526923077,20.89631068,17.71905455,144
930,Chilliwack,2022,1,Single-detached,983541.958,84465,2.526923077,58.27425917,42.84775906,438
930,Chilliwack,2022,1,Townhouses,658217.0241,84465,2.526923077,39.52838797,29.51804433,182
943,Courtenay,2022,1,All housing types,715059.1406,85255,2.526923077,42.4071109,33.29529423,313
943,Courtenay,2022,1,Condos,388963.7168,85255,2.526923077,23.4388011,18.06257235,62
943,Courtenay,2022,1,Single-detached,833739.9464,85255,2.526923077,49.18236663,37.46374731,168
943,Courtenay,2022,1,Townhouses,563805.1948,85255,2.526923077,33.77231813,25.7004721,83
905,Cranbrook,2022,1,All housing types,426510.917,90330,2.526923077,24.25740295,23.32692088,83
905,Cranbrook,2022,1,Condos,180410,90330,2.526923077,10.26064725,10.88601116,12
905,Cranbrook,2022,1,Single-detached,461445.1705,90330,2.526923077,26.2442554,24.79879355,63
975,Dawson Creek,2022,1,All housing types,271908.9286,92890,2.526923077,15.03836656,17.42873376,53
975,Dawson Creek,2022,1,Single-detached,273146.6667,92890,2.526923077,15.10682168,17.4035768,49
937,Duncan,2022,1,All housing types,676113.7026,81712.5,2.526923077,41.92588857,33.65613231,152
937,Duncan,2022,1,Condos,303921.5686,81712.5,2.526923077,19.10817389,15.67225183,25
937,Duncan,2022,1,Single-detached,789218.0095,81712.5,2.526923077,48.66272045,37.87860121,83
937,Duncan,2022,1,Townhouses,536531.9259,81712.5,2.526923077,33.61197914,27.87876391,44
977,Fort St. John,2022,1,All housing types,369656.25,106817.5,2.526923077,17.77877382,19.8313746,89
977,Fort St. John,2022,1,Single-detached,388928.5714,106817.5,2.526923077,18.70568428,21.34312718,66
977,Fort St. John,2022,1,Townhouses,286837.2093,106817.5,2.526923077,13.795557,16.34879797,20
925,Kamloops,2022,1,All housing types,613175.9344,93115,2.526923077,33.50210416,29.18144185,438
925,Kamloops,2022,1,Condos,314752.7778,93115,2.526923077,17.36585157,18.56500138,82
925,Kamloops,2022,1,Single-detached,712083.7359,93115,2.526923077,38.67193063,32.08712104,235
925,Kamloops,2022,1,Townhouses,523500,93115,2.526923077,28.81481951,25.397242,121
915,Kelowna,2022,1,All housing types,759659.8014,89672.5,2.526923077,42.73876065,38.09482147,1300
915,Kelowna,2022,1,Condos,440854.1436,89672.5,2.526923077,25.25700268,24.28880262,483
915,Kelowna,2022,1,Single-detached,968716.372,89672.5,2.526923077,54.08546161,44.76537722,561
915,Kelowna,2022,1,Townhouses,656714.425,89672.5,2.526923077,37.15132373,32.85366574,256
936,Ladysmith,2022,1,All housing types,801114.9425,84560,2.526923077,47.70879155,58.88969957,34
936,Ladysmith,2022,1,Single-detached,824571.4286,84560,2.526923077,49.05888256,61.26599014,26
938,Nanaimo,2022,1,All housing types,729997.9695,85602.5,2.526923077,43.08432747,33.9915153,445
938,Nanaimo,2022,1,Condos,411284.153,85602.5,2.526923077,24.68321288,21.40189008,83
938,Nanaimo,2022,1,Single-detached,838285.1014,85602.5,2.526923077,49.24113345,37.66249954,292
938,Nanaimo,2022,1,Townhouses,606778.2609,85602.5,2.526923077,36.07851038,27.46191196,70
907,Nelson,2022,1,All housing types,644069.3182,84362.5,2.526923077,38.76020525,41.74276472,39
907,Nelson,2022,1,Single-detached,672974.2991,84362.5,2.526923077,40.42779152,43.98100233,28
939,Parksville,2022,1,All housing types,772690.1198,81592.5,2.526923077,47.7483913,38.92321274,132
939,Parksville,2022,1,Condos,475832.5,81592.5,2.526923077,29.9605666,25.29799068,23
939,Parksville,2022,1,Single-detached,847912.3932,81592.5,2.526923077,52.23544512,41.08315087,80
939,Parksville,2022,1,Townhouses,648798.3333,81592.5,2.526923077,40.35817176,35.70802608,29
913,Penticton,2022,1,All housing types,622645.2906,80780,2.526923077,39.18836569,34.46883108,226
913,Penticton,2022,1,Condos,349978.5714,80780,2.526923077,22.25787843,24.64960116,61
913,Penticton,2022,1,Single-detached,765737.0518,80780,2.526923077,47.80972698,41.62561139,106
913,Penticton,2022,1,Townhouses,534212.963,80780,2.526923077,33.86026685,28.09446494,59
940,Port Alberni,2022,1,All housing types,509476.1905,75692.5,2.526923077,34.545529,24.91984493,80
940,Port Alberni,2022,1,Single-detached,533722.3757,75692.5,2.526923077,36.10456317,25.47459468,75
945,Powell River,2022,1,All housing types,572841.2698,76495,2.526923077,38.21475829,28.39881449,67
945,Powell River,2022,1,Single-detached,592433.9623,76495,2.526923077,39.46135546,29.06419653,56
970,Prince George,2022,1,All housing types,431535.9477,94960,2.526923077,23.34653503,20.86631918,250
970,Prince George,2022,1,Condos,222780,94960,2.526923077,12.05262528,12.39060086,21
970,Prince George,2022,1,Single-detached,446600.5714,94960,2.526923077,24.16154654,21.62037066,201
970,Prince George,2022,1,Townhouses,289864.3846,94960,2.526923077,15.68195893,15.88118112,28
955,Prince Rupert,2022,1,All housing types,435714.2857,90732.5,2.526923077,24.6709051,20.96060583,50
955,Prince Rupert,2022,1,Single-detached,441805.2632,90732.5,2.526923077,25.0157869,21.3614414,42
952,Quesnel,2022,1,All housing types,339548.0769,80957.5,2.526923077,21.54717542,19.12777887,36
952,Quesnel,2022,1,Single-detached,339607.1429,80957.5,2.526923077,21.55092365,19.38116486,34
920,Salmon Arm,2022,1,All housing types,614529.7753,82375,2.526923077,37.95007744,34.91041316,74
920,Salmon Arm,2022,1,Condos,274663.7931,82375,2.526923077,17.12979425,18.83347001,10
920,Salmon Arm,2022,1,Single-detached,701944,82375,2.526923077,43.11485649,37.57179298,51
920,Salmon Arm,2022,1,Townhouses,453362.5,82375,2.526923077,28.27459076,27.50382689,13
934,Squamish,2022,1,All housing types,897415.7588,105487.5,2.526923077,42.68710036,35.74275125,121
934,Squamish,2022,1,Condos,655697.625,105487.5,2.526923077,31.534573,24.02183276,47
934,Squamish,2022,1,Single-detached,1548307.692,105487.5,2.526923077,69.90741568,52.39203906,32
934,Squamish,2022,1,Townhouses,909375,105487.5,2.526923077,43.23888257,35.812071,42
965,Terrace,2022,1,All housing types,426698.1132,93420,2.526923077,23.46534914,22.28508389,71
965,Terrace,2022,1,Condos,143666.6667,93420,2.526923077,7.90064073,9.171153832,10
965,Terrace,2022,1,Single-detached,465382.3305,93420,2.526923077,25.59270484,22.91057037,49
965,Terrace,2022,1,Townhouses,365290.4,93420,2.526923077,20.08836343,17.24808589,12
910,Trail,2022,1,All housing types,298156.7797,87917.5,2.526923077,17.42270245,24.92893931,31
910,Trail,2022,1,Single-detached,298188.0734,87917.5,2.526923077,17.42453109,24.78545253,30
933,Vancouver,2022,1,All housing types,831037.4266,89955,2.526923077,46.46644868,46.34979114,14675
933,Vancouver,2022,1,Condos,644579.6097,89955,2.526923077,36.37809377,33.52101857,8002
933,Vancouver,2022,1,Single-detached,1716509.27,89955,2.526923077,90.06772436,73.63157159,3973
933,Vancouver,2022,1,Townhouses,894908.6326,89955,2.526923077,49.92221902,42.89966917,2700
918,Vernon,2022,1,All housing types,547981.4753,85452.5,2.526923077,32.79300523,33.47993893,279
918,Vernon,2022,1,Condos,243990.5882,85452.5,2.526923077,14.66879577,17.73657873,81
918,Vernon,2022,1,Single-detached,753930.6358,85452.5,2.526923077,44.52306751,38.42228469,136
918,Vernon,2022,1,Townhouses,532302.0408,85452.5,2.526923077,31.89996569,28.34301195,62
935,Victoria,2022,1,All housing types,828120.963,97615,2.526923077,42.67474098,38.89023417,1543
935,Victoria,2022,1,Condos,579395.2484,97615,2.526923077,30.27338444,25.16453563,650
935,Victoria,2022,1,Single-detached,1195435.879,97615,2.526923077,59.90619843,48.24432339,623
935,Victoria,2022,1,Townhouses,742750.3975,97615,2.526923077,38.41820151,34.92562688,270
950,Williams Lake,2022,1,All housing types,341292.6829,86517.5,2.526923077,20.26605312,21.01542762,47
950,Williams Lake,2022,1,Single-detached,373182.0674,86517.5,2.526923077,22.15965352,22.05009043,33
950,Williams Lake,2022,1,Townhouses,176695.6522,86517.5,2.526923077,10.49223629,15.65666588,11
932,Abbotsford - Mission,2022,2,All housing types,910880.3707,82275,3.276923077,60.3259467,39.8580484,1285
932,Abbotsford - Mission,2022,2,Condos,465754.4582,82275,3.276923077,31.59619663,20.09532322,397
932,Abbotsford - Mission,2022,2,Single-detached,1327482.27,82275,3.276923077,84.7617103,49.93104757,620
932,Abbotsford - Mission,2022,2,Townhouses,768034.236,82275,3.276923077,51.14547101,32.71122748,268
944,Campbell River,2022,2,All housing types,688304.5716,85005,3.276923077,44.54337087,28.83969156,232
944,Campbell River,2022,2,Condos,385000,85005,3.276923077,25.2791191,18.33500271,26
944,Campbell River,2022,2,Single-detached,761370.5036,85005,3.276923077,49.08838292,31.14048371,171
944,Campbell River,2022,2,Townhouses,533203.125,85005,3.276923077,34.89540055,23.04827448,35
930,Chilliwack,2022,2,All housing types,876578.786,84800,3.276923077,56.39082199,35.74923238,867
930,Chilliwack,2022,2,Condos,389530.6122,84800,3.276923077,25.63842955,17.71905455,150
930,Chilliwack,2022,2,Single-detached,1062489.91,84800,3.276923077,67.5502936,42.84775906,454
930,Chilliwack,2022,2,Townhouses,718662.3708,84800,3.276923077,46.54400181,29.51804433,263
943,Courtenay,2022,2,All housing types,756950.9763,85930,3.276923077,48.28801321,33.29529423,404
943,Courtenay,2022,2,Condos,402649.1667,85930,3.276923077,26.15337079,18.06257235,58
943,Courtenay,2022,2,Single-detached,889859.8131,85930,3.276923077,56.46651264,37.46374731,260
943,Courtenay,2022,2,Townhouses,593437.8698,85930,3.276923077,38.22629061,25.7004721,86
905,Cranbrook,2022,2,All housing types,446330.6452,90930,3.276923077,27.39650694,23.32692088,165
905,Cranbrook,2022,2,Condos,193771.0526,90930,3.276923077,11.89398498,10.88601116,26
905,Cranbrook,2022,2,Single-detached,499346.1538,90930,3.276923077,30.65068581,24.79879355,119
905,Cranbrook,2022,2,Townhouses,359000,90930,3.276923077,22.03600873,18.84060012,20
975,Dawson Creek,2022,2,All housing types,287784.8276,93860,3.276923077,17.11327077,17.42873376,92
975,Dawson Creek,2022,2,Single-detached,286307.2464,93860,3.276923077,17.02540566,17.4035768,89
937,Duncan,2022,2,All housing types,710470.8122,82285,3.276923077,47.4402026,33.65613231,242
937,Duncan,2022,2,Condos,320460.3448,82285,3.276923077,21.73698474,15.67225183,33
937,Duncan,2022,2,Single-detached,825041.4847,82285,3.276923077,54.80256806,37.87860121,146
937,Duncan,2022,2,Townhouses,562767.1589,82285,3.276923077,37.94869617,27.87876391,63
977,Fort St. John,2022,2,All housing types,365334.6774,107725,3.276923077,18.92866882,19.8313746,159
977,Fort St. John,2022,2,Single-detached,400449.7207,107725,3.276923077,20.74804449,21.34312718,113
977,Fort St. John,2022,2,Townhouses,282983.871,107725,3.276923077,14.66192044,16.34879797,42
925,Kamloops,2022,2,All housing types,672454.7872,93670,3.276923077,39.52813884,29.18144185,690
925,Kamloops,2022,2,Condos,372646.0894,93670,3.276923077,22.20453721,18.56500138,97
925,Kamloops,2022,2,Single-detached,769253.0488,93670,3.276923077,44.99240217,32.08712104,421
925,Kamloops,2022,2,Townhouses,541283.2765,93670,3.276923077,32.12350508,25.397242,172
915,Kelowna,2022,2,All housing types,802084.5157,90225,3.276923077,48.63441806,38.09482147,1942
915,Kelowna,2022,2,Condos,469732.5383,90225,3.276923077,29.05824842,24.28880262,691
915,Kelowna,2022,2,Single-detached,1069740.854,90225,3.276923077,63.86639452,44.76537722,915
915,Kelowna,2022,2,Townhouses,700540.5405,90225,3.276923077,42.68339199,32.85366574,336
936,Ladysmith,2022,2,All housing types,820000,84840,3.276923077,52.83794897,58.88969957,63
936,Ladysmith,2022,2,Single-detached,857812.3288,84840,3.276923077,55.19461123,61.26599014,47
936,Ladysmith,2022,2,Townhouses,585984.5313,84840,3.276923077,38.25287995,39.99687592,11
938,Nanaimo,2022,2,All housing types,779931.4698,86075,3.276923077,49.6183829,33.9915153,664
938,Nanaimo,2022,2,Condos,446969.2308,86075,3.276923077,28.98319604,21.40189008,112
938,Nanaimo,2022,2,Single-detached,888117.5439,86075,3.276923077,56.2643611,37.66249954,449
938,Nanaimo,2022,2,Townhouses,605534.6821,86075,3.276923077,38.90501468,27.46191196,103
907,Nelson,2022,2,All housing types,719001.3514,84845,3.276923077,46.54044165,41.74276472,72
907,Nelson,2022,2,Single-detached,733961.5385,84845,3.276923077,47.47278388,43.98100233,63
939,Parksville,2022,2,All housing types,841414.4144,82105,3.276923077,55.97715132,38.92321274,201
939,Parksville,2022,2,Condos,511901.0417,82105,3.276923077,34.756045,25.29799068,25
939,Parksville,2022,2,Single-detached,919545.4545,82105,3.276923077,61.00889585,41.08315087,140
939,Parksville,2022,2,Townhouses,711923.0769,82105,3.276923077,47.63773426,35.70802608,36
913,Penticton,2022,2,All housing types,647769.0802,81390,3.276923077,43.88832561,34.46883108,285
913,Penticton,2022,2,Condos,359816.9014,81390,3.276923077,24.67494476,24.64960116,81
913,Penticton,2022,2,Single-detached,806694.5607,81390,3.276923077,54.21325444,41.62561139,133
913,Penticton,2022,2,Townhouses,613503.6538,81390,3.276923077,41.66219996,28.09446494,71
940,Port Alberni,2022,2,All housing types,587567.5676,75925,3.276923077,42.85472392,24.91984493,142
940,Port Alberni,2022,2,Single-detached,589666.2621,75925,3.276923077,43.00088408,25.47459468,131
945,Powell River,2022,2,All housing types,648876.8116,76770,3.276923077,46.60581142,28.39881449,71
945,Powell River,2022,2,Single-detached,656705.8824,76770,3.276923077,47.14505286,29.06419653,63
970,Prince George,2022,2,All housing types,459306.7847,95350,3.276923077,26.88610198,20.86631918,428
970,Prince George,2022,2,Condos,241647.0588,95350,3.276923077,14.14511538,12.39060086,30
970,Prince George,2022,2,Single-detached,487069.2586,95350,3.276923077,28.5112134,21.62037066,352
970,Prince George,2022,2,Townhouses,356702,95350,3.276923077,20.88000149,15.88118112,46
955,Prince Rupert,2022,2,All housing types,453724.7706,90805,3.276923077,27.88870865,20.96060583,59
955,Prince Rupert,2022,2,Single-detached,488666.6667,90805,3.276923077,30.036452,21.3614414,48
952,Quesnel,2022,2,All housing types,374094.8276,81215,3.276923077,25.70935216,19.12777887,80
952,Quesnel,2022,2,Single-detached,374068.1818,81215,3.276923077,25.70752095,19.38116486,76
920,Salmon Arm,2022,2,All housing types,621180,83080,3.276923077,41.30327951,34.91041316,111
920,Salmon Arm,2022,2,Condos,296700,83080,3.276923077,19.93272783,18.83347001,24
920,Salmon Arm,2022,2,Single-detached,711270.4918,83080,3.276923077,47.03713908,37.57179298,71
920,Salmon Arm,2022,2,Townhouses,490272.4138,83080,3.276923077,32.93719779,27.50382689,16
934,Squamish,2022,2,All housing types,975637.2031,107475,3.276923077,49.36711061,35.74275125,140
934,Squamish,2022,2,Condos,722536.0825,107475,3.276923077,36.91476412,24.02183276,50
934,Squamish,2022,2,Single-detached,1735000,107475,3.276923077,82.70914802,52.39203906,32
934,Squamish,2022,2,Townhouses,1006592,107475,3.276923077,50.85402305,35.812071,58
965,Terrace,2022,2,All housing types,459285.4335,94050,3.276923077,27.25646628,22.28508389,102
965,Terrace,2022,2,Condos,166086.9565,94050,3.276923077,9.856492715,9.171153832,13
965,Terrace,2022,2,Single-detached,486797.0385,94050,3.276923077,28.88915279,22.91057037,81
910,Trail,2022,2,All housing types,321669.9029,88805,3.276923077,20.21709201,24.92893931,72
910,Trail,2022,2,Single-detached,320322.5806,88805,3.276923077,20.13241223,24.78545253,63
933,Vancouver,2022,2,All housing types,893438.631,90380,3.276923077,53.89567438,46.34979114,16260
933,Vancouver,2022,2,Condos,670035.2831,90380,3.276923077,40.82548373,33.52101857,8333
933,Vancouver,2022,2,Single-detached,1855067.812,90380,3.276923077,104.5972876,73.63157159,4580
933,Vancouver,2022,2,Townhouses,962674.8801,90380,3.276923077,57.94633424,42.89966917,3347
918,Vernon,2022,2,All housing types,640400.8987,85995,3.276923077,41.08506643,33.47993893,437
918,Vernon,2022,2,Condos,313050,85995,3.276923077,20.31824466,17.73657873,99
918,Vernon,2022,2,Single-detached,818125,85995,3.276923077,52.01299149,38.42228469,248
918,Vernon,2022,2,Townhouses,562982.7303,85995,3.276923077,36.32476697,28.34301195,90
935,Victoria,2022,2,All housing types,867879.0259,98250,3.276923077,48.20295388,38.89023417,2276
935,Victoria,2022,2,Condos,601928.5254,98250,3.276923077,33.88988256,25.16453563,903
935,Victoria,2022,2,Single-detached,1265825.377,98250,3.276923077,68.03025794,48.24432339,969
935,Victoria,2022,2,Townhouses,804169.1395,98250,3.276923077,44.77417993,34.92562688,404
950,Williams Lake,2022,2,All housing types,395921.0526,86895,3.276923077,25.4307686,21.01542762,86
950,Williams Lake,2022,2,Condos,106519.2308,86895,3.276923077,6.8419345,7.241330327,10
950,Williams Lake,2022,2,Single-detached,430577.3196,86895,3.276923077,27.6568071,22.05009043,64
950,Williams Lake,2022,2,Townhouses,145391.3043,86895,3.276923077,9.338762343,15.65666588,12
932,Abbotsford - Mission,2022,3,All housing types,916586.9457,82332.5,4.719230769,70.55016752,39.8580484,722
932,Abbotsford - Mission,2022,3,Condos,481310.4056,82332.5,4.719230769,37.95461937,20.09532322,170
932,Abbotsford - Mission,2022,3,Single-detached,1298160.622,82332.5,4.719230769,96.58124706,49.93104757,345
932,Abbotsford - Mission,2022,3,Townhouses,743575.5789,82332.5,4.719230769,57.62509672,32.71122748,207
944,Campbell River,2022,3,All housing types,680852.0619,85567.5,4.719230769,50.93780059,28.83969156,156
944,Campbell River,2022,3,Condos,414351.0638,85567.5,4.719230769,31.43911461,18.33500271,21
944,Campbell River,2022,3,Single-detached,741854.0925,85567.5,4.719230769,55.32275462,31.14048371,110
944,Campbell River,2022,3,Townhouses,540000,85567.5,4.719230769,40.81305868,23.04827448,25
930,Chilliwack,2022,3,All housing types,868987.3418,85135,4.719230769,64.78883395,35.74923238,476
930,Chilliwack,2022,3,Condos,404523.3051,85135,4.719230769,30.84935575,17.71905455,86
930,Chilliwack,2022,3,Single-detached,1062376.22,85135,4.719230769,78.25992942,42.84775906,263
930,Chilliwack,2022,3,Townhouses,702917.3205,85135,4.719230769,52.79072787,29.51804433,127
943,Courtenay,2022,3,All housing types,788152.3342,86605,4.719230769,57.94815211,33.29529423,410
943,Courtenay,2022,3,Condos,404527.2727,86605,4.719230769,30.32602808,18.06257235,52
943,Courtenay,2022,3,Single-detached,923405.5118,86605,4.719230769,67.55396466,37.46374731,248
943,Courtenay,2022,3,Townhouses,603750,86605,4.719230769,44.85171854,25.7004721,110
905,Cranbrook,2022,3,All housing types,459387.8983,91530,4.719230769,32.58567939,23.32692088,130
905,Cranbrook,2022,3,Condos,208900,91530,4.719230769,14.81786623,10.88601116,19
905,Cranbrook,2022,3,Single-detached,497153.8462,91530,4.719230769,35.2645246,24.79879355,102
975,Dawson Creek,2022,3,All housing types,293597.561,94830,4.719230769,20.10098711,17.42873376,72
975,Dawson Creek,2022,3,Single-detached,292147.4359,94830,4.719230769,20.00170514,17.4035768,67
937,Duncan,2022,3,All housing types,732422.9977,82857.5,4.719230769,56.43208275,33.65613231,190
937,Duncan,2022,3,Condos,334624.1935,82857.5,4.719230769,26.22021233,15.67225183,29
937,Duncan,2022,3,Single-detached,833822.7612,82857.5,4.719230769,63.95930455,37.87860121,122
937,Duncan,2022,3,Townhouses,597597.9706,82857.5,4.719230769,46.42359903,27.87876391,39
977,Fort St. John,2022,3,All housing types,371320.4225,108632.5,4.719230769,22.19216915,19.8313746,125
977,Fort St. John,2022,3,Single-detached,403101.4493,108632.5,4.719230769,24.09157968,21.34312718,94
977,Fort St. John,2022,3,Townhouses,294000,108632.5,4.719230769,17.5710716,16.34879797,28
925,Kamloops,2022,3,All housing types,672504.2139,94225,4.719230769,45.71265107,29.18144185,544
925,Kamloops,2022,3,Condos,369161.3924,94225,4.719230769,25.43670314,18.56500138,61
925,Kamloops,2022,3,Single-detached,757471.3725,94225,4.719230769,51.25909395,32.08712104,344
925,Kamloops,2022,3,Townhouses,560464.3087,94225,4.719230769,38.39896721,25.397242,139
915,Kelowna,2022,3,All housing types,812931.3528,90777.5,4.719230769,56.96356251,38.09482147,1525
915,Kelowna,2022,3,Condos,477382.2844,90777.5,4.719230769,34.14277157,24.28880262,596
915,Kelowna,2022,3,Single-detached,1087369.789,90777.5,4.719230769,74.90080405,44.76537722,648
915,Kelowna,2022,3,Townhouses,699505.6726,90777.5,4.719230769,49.27822809,32.85366574,281
936,Ladysmith,2022,3,All housing types,861165.0485,85120,4.719230769,64.23501221,58.88969957,40
936,Ladysmith,2022,3,Single-detached,893485.1852,85120,4.719230769,66.57046541,61.26599014,34
938,Nanaimo,2022,3,All housing types,766734.5933,86547.5,4.719230769,56.46453199,33.9915153,553
938,Nanaimo,2022,3,Condos,458510.8108,86547.5,4.719230769,34.39582612,21.40189008,147
938,Nanaimo,2022,3,Single-detached,878147.1106,86547.5,4.719230769,64.38241455,37.66249954,347
938,Nanaimo,2022,3,Townhouses,601553.0864,86547.5,4.719230769,44.7253863,27.46191196,59
907,Nelson,2022,3,All housing types,698350,85327.5,4.719230769,52.34239925,41.74276472,88
907,Nelson,2022,3,Single-detached,721011.3636,85327.5,4.719230769,53.97592737,43.98100233,69
907,Nelson,2022,3,Townhouses,512164.7059,85327.5,4.719230769,38.92136607,35.55310394,11
939,Parksville,2022,3,All housing types,856845.3089,82617.5,4.719230769,65.8591038,38.92321274,236
939,Parksville,2022,3,Condos,534198.7179,82617.5,4.719230769,41.83846083,25.29799068,14
939,Parksville,2022,3,Single-detached,903782.3529,82617.5,4.719230769,69.35350915,41.08315087,183
939,Parksville,2022,3,Townhouses,753520,82617.5,4.719230769,58.16666128,35.70802608,39
913,Penticton,2022,3,All housing types,652297.2973,82000,4.719230769,51.0120295,34.46883108,233
913,Penticton,2022,3,Condos,379818.1818,82000,4.719230769,30.07271167,24.64960116,62
913,Penticton,2022,3,Single-detached,830790.5983,82000,4.719230769,64.40070653,41.62561139,101
913,Penticton,2022,3,Townhouses,602272.8723,82000,4.719230769,47.25972694,28.09446494,70
940,Port Alberni,2022,3,All housing types,579917.7215,76157.5,4.719230769,49.07981727,24.91984493,95
940,Port Alberni,2022,3,Single-detached,591214.2857,76157.5,4.719230769,49.99217108,25.47459468,79
940,Port Alberni,2022,3,Townhouses,383852.1739,76157.5,4.719230769,32.723671,17.79705682,15
945,Powell River,2022,3,All housing types,711433.121,77045,4.719230769,59.01378883,28.39881449,86
945,Powell River,2022,3,Single-detached,720468.0851,77045,4.719230769,59.73508158,29.06419653,78
970,Prince George,2022,3,All housing types,465276.6169,95740,4.719230769,31.55211645,20.86631918,376
970,Prince George,2022,3,Condos,235000,95740,4.719230769,15.9362132,12.39060086,25
970,Prince George,2022,3,Single-detached,493093.6073,95740,4.719230769,33.43848875,21.62037066,305
970,Prince George,2022,3,Townhouses,365771,95740,4.719230769,24.80427506,15.88118112,46
955,Prince Rupert,2022,3,All housing types,482542.0561,90877.5,4.719230769,34.47382648,20.96060583,48
955,Prince Rupert,2022,3,Single-detached,514579.7872,90877.5,4.719230769,36.70784822,21.3614414,46
952,Quesnel,2022,3,All housing types,363205.8824,81472.5,4.719230769,28.94359835,19.12777887,73
952,Quesnel,2022,3,Single-detached,364863.0137,81472.5,4.719230769,29.07565388,19.38116486,70
920,Salmon Arm,2022,3,All housing types,620706.9767,83785,4.719230769,47.60615354,34.91041316,104
920,Salmon Arm,2022,3,Condos,303116.6667,83785,4.719230769,23.48844329,18.83347001,12
920,Salmon Arm,2022,3,Single-detached,705126.7361,83785,4.719230769,53.80352363,37.57179298,73
920,Salmon Arm,2022,3,Townhouses,501102.1429,83785,4.719230769,38.82579895,27.50382689,19
934,Squamish,2022,3,All housing types,969058.3065,109462.5,4.719230769,56.01289044,35.74275125,108
934,Squamish,2022,3,Condos,711044.1176,109462.5,4.719230769,41.51489953,24.02183276,18
934,Squamish,2022,3,Single-detached,1689827.119,109462.5,4.719230769,92.20650284,52.39203906,27
934,Squamish,2022,3,Townhouses,954249.5868,109462.5,4.719230769,55.18077851,35.812071,63
965,Terrace,2022,3,All housing types,473670.814,94680,4.719230769,32.48097586,22.28508389,70
965,Terrace,2022,3,Single-detached,481861.7021,94680,4.719230769,33.04264872,22.91057037,60
910,Trail,2022,3,All housing types,334875.8389,89692.5,4.719230769,24.24032161,24.92893931,77
910,Trail,2022,3,Single-detached,332595.4198,89692.5,4.719230769,24.0752512,24.78545253,68
933,Vancouver,2022,3,All housing types,895010.3153,90805,4.719230769,62.50601556,46.34979114,12731
933,Vancouver,2022,3,Condos,666166.8683,90805,4.719230769,47.00506559,33.52101857,6879
933,Vancouver,2022,3,Single-detached,1845704.914,90805,4.719230769,120.5373401,73.63157159,3194
933,Vancouver,2022,3,Townhouses,958442.1316,90805,4.719230769,66.8026359,42.89966917,2658
918,Vernon,2022,3,All housing types,680000,86537.5,4.719230769,50.30627663,33.47993893,371
918,Vernon,2022,3,Condos,332149.0683,86537.5,4.719230769,24.91950356,17.73657873,62
918,Vernon,2022,3,Single-detached,824021.2766,86537.5,4.719230769,60.54278647,38.42228469,222
918,Vernon,2022,3,Townhouses,568708.8983,86537.5,4.719230769,42.39610889,28.34301195,87
935,Victoria,2022,3,All housing types,891026.5226,98885,4.719230769,57.15078469,38.89023417,1796
935,Victoria,2022,3,Condos,580964.2147,98885,4.719230769,37.86451863,25.16453563,606
935,Victoria,2022,3,Single-detached,1240552.863,98885,4.719230769,77.22924208,48.24432339,847
935,Victoria,2022,3,Townhouses,821326.6399,98885,4.719230769,52.8153642,34.92562688,343
950,Williams Lake,2022,3,All housing types,427700,87272.5,4.719230769,31.81797422,21.01542762,79
950,Williams Lake,2022,3,Single-detached,451007.9365,87272.5,4.719230769,33.55192634,22.05009043,62
950,Williams Lake,2022,3,Townhouses,224230.7692,87272.5,4.719230769,16.68124581,15.65666588,14
932,Abbotsford - Mission,2022,4,All housing types,793231.664,82390,5.911538462,68.90719026,39.8580484,516
932,Abbotsford - Mission,2022,4,Condos,421587.3016,82390,5.911538462,37.34951847,20.09532322,145
932,Abbotsford - Mission,2022,4,Single-detached,1135625,82390,5.911538462,96.37943177,49.93104757,207
932,Abbotsford - Mission,2022,4,Townhouses,658801.0782,82390,5.911538462,57.62445283,32.71122748,164
944,Campbell River,2022,4,All housing types,661417.7606,86130,5.911538462,55.33232293,28.83969156,103
944,Campbell River,2022,4,Condos,366953.125,86130,5.911538462,31.09769015,18.33500271,11
944,Campbell River,2022,4,Single-detached,688823.5294,86130,5.911538462,57.53260539,31.14048371,77
944,Campbell River,2022,4,Townhouses,519375,86130,5.911538462,43.92836649,23.04827448,15
930,Chilliwack,2022,4,All housing types,766521.7391,85470,5.911538462,64.26307271,35.74923238,329
930,Chilliwack,2022,4,Condos,362441.358,85470,5.911538462,30.95252148,17.71905455,76
930,Chilliwack,2022,4,Single-detached,964293.1235,85470,5.911538462,80.26383386,42.84775906,166
930,Chilliwack,2022,4,Townhouses,614468.6916,85470,5.911538462,51.96116915,29.51804433,87
943,Courtenay,2022,4,All housing types,746149.6894,87280,5.911538462,61.31636709,33.29529423,234
943,Courtenay,2022,4,Condos,412963.8554,87280,5.911538462,34.53578189,18.06257235,31
943,Courtenay,2022,4,Single-detached,865076.7263,87280,5.911538462,70.73866331,37.46374731,143
943,Courtenay,2022,4,Townhouses,600205.8824,87280,5.911538462,49.7535987,25.7004721,60
905,Cranbrook,2022,4,All housing types,463822.8384,92130,5.911538462,36.74709794,23.32692088,99
905,Cranbrook,2022,4,Condos,214750,92130,5.911538462,17.01390839,10.88601116,13
905,Cranbrook,2022,4,Single-detached,497052.0231,92130,5.911538462,39.37973265,24.79879355,71
905,Cranbrook,2022,4,Townhouses,295100,92130,5.911538462,23.37976422,18.84060012,15
975,Dawson Creek,2022,4,All housing types,297142.8571,95800,5.911538462,22.6397577,17.42873376,54
975,Dawson Creek,2022,4,Single-detached,298168.1034,95800,5.911538462,22.71787275,17.4035768,49
937,Duncan,2022,4,All housing types,687854.4328,83430,5.911538462,59.31417978,33.65613231,145
937,Duncan,2022,4,Condos,324958.3333,83430,5.911538462,28.43003692,15.67225183,19
937,Duncan,2022,4,Single-detached,803109.4527,83430,5.911538462,68.8669317,37.87860121,79
937,Duncan,2022,4,Townhouses,563969.4535,83430,5.911538462,49.04614569,27.87876391,47
977,Fort St. John,2022,4,All housing types,373485.7143,109540,5.911538462,24.88704006,19.8313746,85
977,Fort St. John,2022,4,Single-detached,399730.8917,109540,5.911538462,26.63587478,21.34312718,63
977,Fort St. John,2022,4,Townhouses,300937.5,109540,5.911538462,20.05282487,16.34879797,20
925,Kamloops,2022,4,All housing types,626284.4749,94780,5.911538462,47.71921319,29.18144185,332
925,Kamloops,2022,4,Condos,383909.322,94780,5.911538462,29.56541245,18.56500138,57
925,Kamloops,2022,4,Single-detached,707581.2155,94780,5.911538462,53.65047811,32.08712104,199
925,Kamloops,2022,4,Townhouses,570992.5581,94780,5.911538462,43.68521375,25.397242,76
915,Kelowna,2022,4,All housing types,760811.0926,91330,5.911538462,59.70738882,38.09482147,873
915,Kelowna,2022,4,Condos,460760.4402,91330,5.911538462,36.82423348,24.28880262,290
915,Kelowna,2022,4,Single-detached,1023464.475,91330,5.911538462,79.39658461,44.76537722,380
915,Kelowna,2022,4,Townhouses,675000,91330,5.911538462,53.21026914,32.85366574,203
936,Ladysmith,2022,4,All housing types,860067.5676,85400,5.911538462,71.89030801,58.88969957,34
936,Ladysmith,2022,4,Single-detached,889355.9322,85400,5.911538462,74.2618354,61.26599014,25
938,Nanaimo,2022,4,All housing types,675424.7659,87020,5.911538462,55.87946596,33.9915153,408
938,Nanaimo,2022,4,Condos,457433.557,87020,5.911538462,38.36903978,21.40189008,151
938,Nanaimo,2022,4,Single-detached,831261.2613,87020,5.911538462,68.2628969,37.66249954,208
938,Nanaimo,2022,4,Townhouses,590871.2963,87020,5.911538462,49.16048752,27.46191196,49
907,Nelson,2022,4,All housing types,646625,85810,5.911538462,54.34659526,41.74276472,40
907,Nelson,2022,4,Single-detached,687235.2941,85810,5.911538462,57.61916662,43.98100233,33
939,Parksville,2022,4,All housing types,797808.1218,83130,5.911538462,68.67447994,38.92321274,158
939,Parksville,2022,4,Condos,499926.4706,83130,5.911538462,43.89553443,25.29799068,20
939,Parksville,2022,4,Single-detached,851380.8219,83130,5.911538462,73.1308028,41.08315087,109
939,Parksville,2022,4,Townhouses,719058.8235,83130,5.911538462,62.12389918,35.70802608,29
913,Penticton,2022,4,All housing types,634264.7059,82610,5.911538462,55.41714271,34.46883108,175
913,Penticton,2022,4,Condos,377342.1053,82610,5.911538462,33.34069393,24.64960116,52
913,Penticton,2022,4,Single-detached,844977.4457,82610,5.911538462,73.0551316,41.62561139,83
913,Penticton,2022,4,Townhouses,565136.3636,82610,5.911538462,49.63066329,28.09446494,40
940,Port Alberni,2022,4,All housing types,521811.3772,76390,5.911538462,49.74993722,24.91984493,72
940,Port Alberni,2022,4,Single-detached,548971.4286,76390,5.911538462,52.20852076,25.47459468,61
945,Powell River,2022,4,All housing types,665053.3333,77320,5.911538462,61.96214285,28.39881449,64
945,Powell River,2022,4,Condos,358240,77320,5.911538462,33.81849056,18.58894411,22
945,Powell River,2022,4,Single-detached,694666.6667,77320,5.911538462,64.6105597,29.06419653,39
970,Prince George,2022,4,All housing types,463473.9566,96130,5.911538462,35.19154888,20.86631918,223
970,Prince George,2022,4,Condos,247567.5676,96130,5.911538462,18.7977901,12.39060086,12
970,Prince George,2022,4,Single-detached,487680.6982,96130,5.911538462,37.02956527,21.62037066,182
970,Prince George,2022,4,Townhouses,339072.4267,96130,5.911538462,25.7457484,15.88118112,29
955,Prince Rupert,2022,4,All housing types,469036.58536585403,90950,5.911538462,37.64228727,20.96060583,34
955,Prince Rupert,2022,4,Single-detached,470585.5263,90950,5.911538462,37.76659672,21.3614414,30
952,Quesnel,2022,4,All housing types,360548.7395,81730,5.911538462,32.19989617,19.12777887,46
952,Quesnel,2022,4,Single-detached,369386.7925,81730,5.911538462,32.98920524,19.38116486,36
920,Salmon Arm,2022,4,All housing types,626797.3856,84490,5.911538462,53.57289375,34.91041316,49
920,Salmon Arm,2022,4,Single-detached,679574.3243,84490,5.911538462,57.89235695,37.57179298,38
934,Squamish,2022,4,All housing types,873082.1053,111450,5.911538462,55.89437025,35.74275125,82
934,Squamish,2022,4,Condos,658465.5172,111450,5.911538462,42.57836045,24.02183276,40
934,Squamish,2022,4,Single-detached,1501319.512,111450,5.911538462,91.41764887,52.39203906,14
934,Squamish,2022,4,Townhouses,876923.0769,111450,5.911538462,56.13268555,35.812071,28
965,Terrace,2022,4,All housing types,461764.7059,95310,5.911538462,35.36341963,22.28508389,49
965,Terrace,2022,4,Single-detached,476550,95310,5.911538462,36.49572479,22.91057037,40
910,Trail,2022,4,All housing types,348070.5645,90580,5.911538462,28.04832751,24.92893931,47
910,Trail,2022,4,Single-detached,343590.9091,90580,5.911538462,27.68734657,24.78545253,42
933,Vancouver,2022,4,All housing types,847468.0052,91230,5.911538462,66.34118809,46.34979114,8835
933,Vancouver,2022,4,Condos,646027.6801,91230,5.911538462,51.07257354,33.52101857,5117
933,Vancouver,2022,4,Single-detached,1726407.867,91230,5.911538462,126.8446338,73.63157159,2003
933,Vancouver,2022,4,Townhouses,925000,91230,5.911538462,72.21789695,42.89966917,1715
918,Vernon,2022,4,All housing types,665281.0903,87080,5.911538462,55.03545957,33.47993893,216
918,Vernon,2022,4,Condos,313803.7383,87080,5.911538462,26.3033874,17.73657873,45
918,Vernon,2022,4,Single-detached,806561.9469,87080,5.911538462,66.25450204,38.42228469,117
918,Vernon,2022,4,Townhouses,559655.3191,87080,5.911538462,46.64776969,28.34301195,54
935,Victoria,2022,4,All housing types,837566.834,99520,5.911538462,60.1270116,38.89023417,1391
935,Victoria,2022,4,Condos,535528.9337,99520,5.911538462,39.14041725,25.16453563,646
935,Victoria,2022,4,Single-detached,1171402.484,99520,5.911538462,81.99972865,48.24432339,522
935,Victoria,2022,4,Townhouses,784692.5795,99520,5.911538462,56.45313316,34.92562688,223
950,Williams Lake,2022,4,All housing types,416181.1594,87650,5.911538462,34.65791913,21.01542762,59
950,Williams Lake,2022,4,Single-detached,435166.6667,87650,5.911538462,36.238957,22.05009043,46
932,Abbotsford - Mission,2023,1,All housing types,714357.1928,83615,6.623076923,65.60311455,39.8580484,485
932,Abbotsford - Mission,2023,1,Condos,387076.5306,83615,6.623076923,36.11765101,20.09532322,149
932,Abbotsford - Mission,2023,1,Single-detached,1010122.85,83615,6.623076923,91.64872786,49.93104757,200
932,Abbotsford - Mission,2023,1,Townhouses,636793.3333,83615,6.623076923,58.74663836,32.71122748,136
944,Campbell River,2023,1,All housing types,646642.2414,87597.5,6.623076923,56.90684353,28.83969156,129
944,Campbell River,2023,1,Condos,483250,87597.5,6.623076923,43.04146079,18.33500271,33
944,Campbell River,2023,1,Single-detached,688500,87597.5,6.623076923,60.43875666,31.14048371,77
944,Campbell River,2023,1,Townhouses,471029.4118,87597.5,6.623076923,41.95301388,23.04827448,19
930,Chilliwack,2023,1,All housing types,684322.0089,85857.5,6.623076923,61.30393793,35.74923238,348
930,Chilliwack,2023,1,Condos,335255.0336,85857.5,6.623076923,30.46519204,17.71905455,73
930,Chilliwack,2023,1,Single-detached,892417.4174,85857.5,6.623076923,79.21865753,42.84775906,167
930,Chilliwack,2023,1,Townhouses,572724.6154,85857.5,6.623076923,51.69663315,29.51804433,108
943,Courtenay,2023,1,All housing types,702034.0426,88900,6.623076923,60.6785072,33.29529423,189
943,Courtenay,2023,1,Condos,419155.1724,88900,6.623076923,36.78577586,18.06257235,27
943,Courtenay,2023,1,Single-detached,774913.9167,88900,6.623076923,66.73793491,37.46374731,121
943,Courtenay,2023,1,Townhouses,568316.8317,88900,6.623076923,49.56090055,25.7004721,41
905,Cranbrook,2023,1,All housing types,438056.6038,93620,6.623076923,36.5063528,23.32692088,60
905,Cranbrook,2023,1,Condos,215185.1852,93620,6.623076923,17.93290232,10.88601116,14
905,Cranbrook,2023,1,Single-detached,489189.1892,93620,6.623076923,40.76759253,24.79879355,40
975,Dawson Creek,2023,1,All housing types,294529.4118,97145,6.623076923,23.65457061,17.42873376,31
975,Dawson Creek,2023,1,Single-detached,294700,97145,6.623076923,23.66827108,17.4035768,26
937,Duncan,2023,1,All housing types,627810.0775,84895,6.623076923,57.0787617,33.65613231,113
937,Duncan,2023,1,Condos,316175,84895,6.623076923,29.05709987,15.67225183,21
937,Duncan,2023,1,Single-detached,736122.449,84895,6.623076923,66.50897916,37.87860121,68
937,Duncan,2023,1,Townhouses,532341.3521,84895,6.623076923,48.76677639,27.87876391,24
977,Fort St. John,2023,1,All housing types,372586.9565,110662.5,6.623076923,26.26842423,19.8313746,53
977,Fort St. John,2023,1,Single-detached,416516.8269,110662.5,6.623076923,29.36560316,21.34312718,41
977,Fort St. John,2023,1,Townhouses,303656.25,110662.5,6.623076923,21.40861631,16.34879797,12
925,Kamloops,2023,1,All housing types,589879.1315,96110,6.623076923,47.5011892,29.18144185,261
925,Kamloops,2023,1,Condos,405735.9914,96110,6.623076923,32.93683077,18.56500138,59
925,Kamloops,2023,1,Single-detached,653376.506,96110,6.623076923,52.38448404,32.08712104,133
925,Kamloops,2023,1,Townhouses,533983.9621,96110,6.623076923,43.20254544,25.397242,69
915,Kelowna,2023,1,All housing types,739517.4194,92752.5,6.623076923,61.14523399,38.09482147,677
915,Kelowna,2023,1,Condos,464003.3784,92752.5,6.623076923,39.03034319,24.28880262,228
915,Kelowna,2023,1,Single-detached,964053.2544,92752.5,6.623076923,79.03834243,44.76537722,296
915,Kelowna,2023,1,Townhouses,665994.059,92752.5,6.623076923,55.28620725,32.85366574,153
936,Ladysmith,2023,1,All housing types,784750,86960,6.623076923,69.06284131,58.88969957,34
936,Ladysmith,2023,1,Single-detached,824583.3333,86960,6.623076923,72.44857563,61.26599014,26
938,Nanaimo,2023,1,All housing types,618334.1108,88425,6.623076923,54.00804034,33.9915153,278
938,Nanaimo,2023,1,Condos,444538.2629,88425,6.623076923,39.22301113,21.40189008,62
938,Nanaimo,2023,1,Single-detached,768105.6701,88425,6.623076923,66.52734011,37.66249954,180
938,Nanaimo,2023,1,Townhouses,578729.4118,88425,6.623076923,50.69751129,27.46191196,36
907,Nelson,2023,1,All housing types,640177.2152,87357.5,6.623076923,56.51617476,41.74276472,39
907,Nelson,2023,1,Single-detached,700700,87357.5,6.623076923,61.63705314,43.98100233,27
939,Parksville,2023,1,All housing types,715830.2583,84562.5,6.623076923,64.9968061,38.92321274,113
939,Parksville,2023,1,Condos,436617.6471,84562.5,6.623076923,40.28378992,25.29799068,14
939,Parksville,2023,1,Single-detached,792258.3333,84562.5,6.623076923,71.67718142,41.08315087,71
939,Parksville,2023,1,Townhouses,625794.7368,84562.5,6.623076923,57.12703998,35.70802608,28
913,Penticton,2023,1,All housing types,598181.8182,83897.5,6.623076923,55.14714548,34.46883108,100
913,Penticton,2023,1,Condos,368583.3333,83897.5,6.623076923,34.27626762,24.64960116,26
913,Penticton,2023,1,Single-detached,803746.9466,83897.5,6.623076923,73.25746779,41.62561139,48
913,Penticton,2023,1,Townhouses,561666.6667,83897.5,6.623076923,51.9301545,28.09446494,26
940,Port Alberni,2023,1,All housing types,486926.8293,77752.5,6.623076923,48.8603073,24.91984493,51
940,Port Alberni,2023,1,Single-detached,510747.619,77752.5,6.623076923,51.19382543,25.47459468,44
945,Powell River,2023,1,All housing types,582796.1165,79027.5,6.623076923,57.10652635,28.39881449,39
945,Powell River,2023,1,Single-detached,605692.6471,79027.5,6.623076923,59.24802198,29.06419653,29
970,Prince George,2023,1,All housing types,457787.3239,97620,6.623076923,36.58742213,20.86631918,132
970,Prince George,2023,1,Single-detached,483847.8261,97620,6.623076923,38.67023776,21.62037066,94
970,Prince George,2023,1,Townhouses,331916.7797,97620,6.623076923,26.527557,15.88118112,30
955,Prince Rupert,2023,1,All housing types,453416.6667,91512.5,6.623076923,38.65662297,20.96060583,17
955,Prince Rupert,2023,1,Single-detached,455079.5455,91512.5,6.623076923,38.79839385,21.3614414,14
952,Quesnel,2023,1,All housing types,357180.2817,82772.5,6.623076923,33.66729733,19.12777887,25
952,Quesnel,2023,1,Single-detached,368644.0678,82772.5,6.623076923,34.74785725,19.38116486,23
920,Salmon Arm,2023,1,All housing types,592133.3333,85740,6.623076923,53.44064573,34.91041316,56
920,Salmon Arm,2023,1,Condos,292933.3333,85740,6.623076923,26.65582729,18.83347001,11
920,Salmon Arm,2023,1,Single-detached,633437.5,85740,6.623076923,57.00135193,37.57179298,34
920,Salmon Arm,2023,1,Townhouses,469079.3889,85740,6.623076923,42.68445327,27.50382689,11
934,Squamish,2023,1,All housing types,835881.6993,112897.5,6.623076923,56.54366745,35.74275125,71
934,Squamish,2023,1,Condos,626500,112897.5,6.623076923,42.83547633,24.02183276,18
934,Squamish,2023,1,Single-detached,1460461.29,112897.5,6.623076923,94.08521452,52.39203906,17
934,Squamish,2023,1,Townhouses,880659.375,112897.5,6.623076923,59.47525574,35.812071,36
965,Terrace,2023,1,All housing types,448494.186,96120,6.623076923,36.40406716,22.28508389,37
965,Terrace,2023,1,Single-detached,473571.4286,96120,6.623076923,38.43957543,22.91057037,30
910,Trail,2023,1,All housing types,340807.9268,91632.5,6.623076923,29.0179684,24.92893931,35
910,Trail,2023,1,Single-detached,336250,91632.5,6.623076923,28.62988536,24.78545253,34
933,Vancouver,2023,1,All housing types,816369.0234,92242.5,6.623076923,67.64141279,46.34979114,7416
933,Vancouver,2023,1,Condos,625549.2897,92242.5,6.623076923,52.35104343,33.52101857,4104
933,Vancouver,2023,1,Single-detached,1642985.834,92242.5,6.623076923,128.1534377,73.63157159,1690
933,Vancouver,2023,1,Townhouses,925972.1307,92242.5,6.623076923,76.42390063,42.89966917,1622
918,Vernon,2023,1,All housing types,637446.8085,88360,6.623076923,55.64656239,33.47993893,160
918,Vernon,2023,1,Condos,310535.443,88360,6.623076923,27.41967608,17.73657873,34
918,Vernon,2023,1,Single-detached,786813.1579,88360,6.623076923,68.14117556,38.42228469,73
918,Vernon,2023,1,Townhouses,561829.7477,88360,6.623076923,49.32113548,28.34301195,53
935,Victoria,2023,1,All housing types,760571.7612,101255,6.623076923,57.54771653,38.89023417,971
935,Victoria,2023,1,Condos,522361.6935,101255,6.623076923,40.15892543,25.16453563,408
935,Victoria,2023,1,Single-detached,1125000,101255,6.623076923,83.13628879,48.24432339,380
935,Victoria,2023,1,Townhouses,739056.6502,101255,6.623076923,55.97716255,34.92562688,183
950,Williams Lake,2023,1,All housing types,380829.5455,88970,6.623076923,33.39595717,21.01542762,29
950,Williams Lake,2023,1,Single-detached,421785.7143,88970,6.623076923,36.9875127,22.05009043,17
932,Abbotsford - Mission,2023,2,All housing types,721405.4204,84840,6.757692308,66.08018878,39.8580484,871
932,Abbotsford - Mission,2023,2,Condos,398069.5732,84840,6.757692308,37.06152837,20.09532322,261
932,Abbotsford - Mission,2023,2,Single-detached,1064186.047,84840,6.757692308,95.68541615,49.93104757,359
932,Abbotsford - Mission,2023,2,Townhouses,655782.9457,84840,6.757692308,60.29209113,32.71122748,251
944,Campbell River,2023,2,All housing types,614216.8675,89065,6.757692308,53.93966432,28.83969156,203
944,Campbell River,2023,2,Condos,455000,89065,6.757692308,40.35239594,18.33500271,33
944,Campbell River,2023,2,Single-detached,690300,89065,6.757692308,60.33208311,31.14048371,133
944,Campbell River,2023,2,Townhouses,519464.2857,89065,6.757692308,45.97865952,23.04827448,37
930,Chilliwack,2023,2,All housing types,697198.9101,86245,6.757692308,62.90338566,35.74923238,753
930,Chilliwack,2023,2,Condos,352395.8333,86245,6.757692308,32.2746722,17.71905455,167
930,Chilliwack,2023,2,Single-detached,885840.9506,86245,6.757692308,79.27111614,42.84775906,380
930,Chilliwack,2023,2,Townhouses,597961.7834,86245,6.757692308,54.29296914,29.51804433,206
943,Courtenay,2023,2,All housing types,710000,90520,6.757692308,60.99088436,33.29529423,312
943,Courtenay,2023,2,Condos,385135.5932,90520,6.757692308,33.60733796,18.06257235,32
943,Courtenay,2023,2,Single-detached,792170.1379,90520,6.757692308,67.78375551,37.46374731,198
943,Courtenay,2023,2,Townhouses,536633.3333,90520,6.757692308,46.65894507,25.7004721,82
905,Cranbrook,2023,2,All housing types,448435.5828,95110,6.757692308,37.24250512,23.32692088,103
905,Cranbrook,2023,2,Condos,207765.625,95110,6.757692308,17.25490271,10.88601116,18
905,Cranbrook,2023,2,Single-detached,484000,95110,6.757692308,40.19612441,24.79879355,80
975,Dawson Creek,2023,2,All housing types,295053.1915,98490,6.757692308,23.66318401,17.42873376,63
975,Dawson Creek,2023,2,Single-detached,299435.2941,98490,6.757692308,24.01462743,17.4035768,59
937,Duncan,2023,2,All housing types,653423.6364,86360,6.757692308,59.02647021,33.65613231,162
937,Duncan,2023,2,Condos,319769.2308,86360,6.757692308,29.24751958,15.67225183,18
937,Duncan,2023,2,Single-detached,757470,86360,6.757692308,68.04214378,37.87860121,102
937,Duncan,2023,2,Townhouses,564979.6364,86360,6.757692308,51.36274988,27.87876391,42
977,Fort St. John,2023,2,All housing types,363063.5838,111785,6.757692308,25.65453581,19.8313746,120
977,Fort St. John,2023,2,Single-detached,398170.5426,111785,6.757692308,28.13523828,21.34312718,88
977,Fort St. John,2023,2,Townhouses,308700,111785,6.757692308,21.81313565,16.34879797,27
925,Kamloops,2023,2,All housing types,592331.9398,97440,6.757692308,47.62282648,29.18144185,520
925,Kamloops,2023,2,Condos,374780.6738,97440,6.757692308,30.38119933,18.56500138,82
925,Kamloops,2023,2,Single-detached,679031.5315,97440,6.757692308,54.28113144,32.08712104,311
925,Kamloops,2023,2,Townhouses,519916.7066,97440,6.757692308,42.0615234,25.397242,127
915,Kelowna,2023,2,All housing types,751176.4398,94175,6.757692308,61.8956617,38.09482147,1233
915,Kelowna,2023,2,Condos,463071.7489,94175,6.757692308,38.83986031,24.28880262,441
915,Kelowna,2023,2,Single-detached,961861.7512,94175,6.757692308,78.63670561,44.76537722,572
915,Kelowna,2023,2,Townhouses,670828.1099,94175,6.757692308,55.51118758,32.85366574,220
936,Ladysmith,2023,2,All housing types,815380,88520,6.757692308,71.27731823,58.88969957,66
936,Ladysmith,2023,2,Single-detached,830220.5882,88520,6.757692308,72.53188453,61.26599014,59
938,Nanaimo,2023,2,All housing types,683928.8714,89830,6.757692308,59.2875535,33.9915153,484
938,Nanaimo,2023,2,Condos,416876.7361,89830,6.757692308,36.65652248,21.40189008,82
938,Nanaimo,2023,2,Single-detached,768636.3636,89830,6.757692308,66.34397202,37.66249954,315
938,Nanaimo,2023,2,Townhouses,579051.2195,89830,6.757692308,50.55089296,27.46191196,87
907,Nelson,2023,2,All housing types,632270.2703,88905,6.757692308,55.55629441,41.74276472,72
907,Nelson,2023,2,Condos,446275.8438,88905,6.757692308,39.64990903,33.4499936,25
907,Nelson,2023,2,Single-detached,722227.9412,88905,6.757692308,63.12803841,43.98100233,41
939,Parksville,2023,2,All housing types,753894.3894,85995,6.757692308,68.01980046,38.92321274,190
939,Parksville,2023,2,Condos,420000,85995,6.757692308,38.57812282,25.29799068,14
939,Parksville,2023,2,Single-detached,828786.7647,85995,6.757692308,74.53680929,41.08315087,133
939,Parksville,2023,2,Townhouses,617278.8732,85995,6.757692308,56.13174746,35.70802608,43
913,Penticton,2023,2,All housing types,581644.5183,85185,6.757692308,53.53516152,34.46883108,201
913,Penticton,2023,2,Condos,354265.625,85185,6.757692308,32.8496607,24.64960116,70
913,Penticton,2023,2,Single-detached,719718.0451,85185,6.757692308,65.66433468,41.62561139,85
913,Penticton,2023,2,Townhouses,548001.0972,85185,6.757692308,50.57972981,28.09446494,46
940,Port Alberni,2023,2,All housing types,521456.9536,79115,6.757692308,51.94970264,24.91984493,100
940,Port Alberni,2023,2,Single-detached,526356.5891,79115,6.757692308,52.41313766,25.47459468,85
940,Port Alberni,2023,2,Townhouses,438000,79115,6.757692308,43.73008081,17.79705682,13
945,Powell River,2023,2,All housing types,621941.7476,80735,6.757692308,60.22100164,28.39881449,64
945,Powell River,2023,2,Single-detached,648440.2439,80735,6.757692308,62.67708604,29.06419653,53
970,Prince George,2023,2,All housing types,458398.9637,99110,6.757692308,36.53348925,20.86631918,254
970,Prince George,2023,2,Condos,248750,99110,6.757692308,19.82488219,12.39060086,18
970,Prince George,2023,2,Single-detached,482945.7627,99110,6.757692308,38.48982049,21.62037066,201
970,Prince George,2023,2,Townhouses,367624.4615,99110,6.757692308,29.29894126,15.88118112,35
955,Prince Rupert,2023,2,All housing types,430513.1579,92075,6.757692308,36.93258481,20.96060583,40
955,Prince Rupert,2023,2,Single-detached,453395.3488,92075,6.757692308,38.89558743,21.3614414,29
952,Quesnel,2023,2,All housing types,358243.2432,83815,6.757692308,33.7614632,19.12777887,49
952,Quesnel,2023,2,Single-detached,358134.3284,83815,6.757692308,33.75119888,19.38116486,44
920,Salmon Arm,2023,2,All housing types,638845.9119,86990,6.757692308,57.34496846,34.91041316,103
920,Salmon Arm,2023,2,Condos,316608.6957,86990,6.757692308,28.74871977,18.83347001,12
920,Salmon Arm,2023,2,Single-detached,720547.1698,86990,6.757692308,64.37315561,37.57179298,72
920,Salmon Arm,2023,2,Townhouses,456833.3333,86990,6.757692308,41.48140484,27.50382689,19
934,Squamish,2023,2,All housing types,841174.1935,114345,6.757692308,56.86728573,35.74275125,115
934,Squamish,2023,2,Condos,637763.0769,114345,6.757692308,43.55534391,24.02183276,60
934,Squamish,2023,2,Single-detached,1463636.364,114345,6.757692308,94.23207494,52.39203906,16
934,Squamish,2023,2,Townhouses,918096,114345,6.757692308,61.9013204,35.812071,39
965,Terrace,2023,2,All housing types,481260.3774,96930,6.757692308,39.21813131,22.28508389,69
965,Terrace,2023,2,Single-detached,491813.1868,96930,6.757692308,40.07808465,22.91057037,61
910,Trail,2023,2,All housing types,348914.8936,92685,6.757692308,29.73548699,24.92893931,59
910,Trail,2023,2,Single-detached,343505.7471,92685,6.757692308,29.27450464,24.78545253,53
933,Vancouver,2023,2,All housing types,838007.2771,93255,6.757692308,69.47392962,46.34979114,12372
933,Vancouver,2023,2,Condos,632456.5757,93255,6.757692308,52.97974912,33.52101857,6777
933,Vancouver,2023,2,Single-detached,1679943.557,93255,6.757692308,130.9717759,73.63157159,3005
933,Vancouver,2023,2,Townhouses,941142.925,93255,6.757692308,77.74993149,42.89966917,2590
918,Vernon,2023,2,All housing types,647742.9806,89640,6.757692308,56.39242326,33.47993893,303
918,Vernon,2023,2,Condos,301802.0889,89640,6.757692308,26.59410599,17.73657873,56
918,Vernon,2023,2,Single-detached,776378.4861,89640,6.757692308,67.13090581,38.42228469,178
918,Vernon,2023,2,Townhouses,549280.5574,89640,6.757692308,48.17278741,28.34301195,69
935,Victoria,2023,2,All housing types,802158.9219,102990,6.757692308,60.30229171,38.89023417,1719
935,Victoria,2023,2,Condos,536677.0026,102990,6.757692308,41.01266619,25.16453563,753
935,Victoria,2023,2,Single-detached,1147696.577,102990,6.757692308,84.21629361,48.24432339,701
935,Victoria,2023,2,Townhouses,764082.0313,102990,6.757692308,57.53566654,34.92562688,265
950,Williams Lake,2023,2,All housing types,380666.6667,90290,6.757692308,33.30199091,21.01542762,58
950,Williams Lake,2023,2,Single-detached,437612.069,90290,6.757692308,38.28376483,22.05009043,41
950,Williams Lake,2023,2,Townhouses,193047.7273,90290,6.757692308,16.8884597,15.65666588,14
932,Abbotsford - Mission,2023,3,All housing types,753994.7668,86065,7.161538462,70.5008958,39.8580484,973
932,Abbotsford - Mission,2023,3,Condos,425668.75,86065,7.161538462,40.51978059,20.09532322,279
932,Abbotsford - Mission,2023,3,Single-detached,1127364.439,86065,7.161538462,102.8954788,49.93104757,434
932,Abbotsford - Mission,2023,3,Townhouses,675213.3072,86065,7.161538462,63.3963185,32.71122748,260
944,Campbell River,2023,3,All housing types,632572.1578,90532.5,7.161538462,56.61225062,28.83969156,228
944,Campbell River,2023,3,Condos,412000,90532.5,7.161538462,37.28332123,18.33500271,32
944,Campbell River,2023,3,Single-detached,704496.5517,90532.5,7.161538462,62.778378,31.14048371,157
944,Campbell River,2023,3,Townhouses,569243.4211,90532.5,7.161538462,51.18303481,23.04827448,39
930,Chilliwack,2023,3,All housing types,733050.1742,86632.5,7.161538462,68.16264062,35.74923238,682
930,Chilliwack,2023,3,Condos,363688.6447,86632.5,7.161538462,34.39305738,17.71905455,106
930,Chilliwack,2023,3,Single-detached,918255.2279,86632.5,7.161538462,84.75517705,42.84775906,366
930,Chilliwack,2023,3,Townhouses,615552.8846,86632.5,7.161538462,57.6360485,29.51804433,210
943,Courtenay,2023,3,All housing types,719300,92140,7.161538462,62.93009749,33.29529423,403
943,Courtenay,2023,3,Condos,402400,92140,7.161538462,35.77928472,18.06257235,68
943,Courtenay,2023,3,Single-detached,821316.7421,92140,7.161538462,71.52347787,37.46374731,244
943,Courtenay,2023,3,Townhouses,556536.9942,92140,7.161538462,49.2197555,25.7004721,91
905,Cranbrook,2023,3,All housing types,478061.9469,96600,7.161538462,40.54421903,23.32692088,123
905,Cranbrook,2023,3,Condos,204846.1538,96600,7.161538462,17.37291032,10.88601116,21
905,Cranbrook,2023,3,Single-detached,522397.6608,96600,7.161538462,44.20433546,24.79879355,91
905,Cranbrook,2023,3,Townhouses,398781.25,96600,7.161538462,33.82045873,18.84060012,11
975,Dawson Creek,2023,3,All housing types,305227.2727,99835,7.161538462,25.04738573,17.42873376,69
975,Dawson Creek,2023,3,Single-detached,309024.7934,99835,7.161538462,25.35901569,17.4035768,62
937,Duncan,2023,3,All housing types,675852.8708,87825,7.161538462,62.18238621,33.65613231,256
937,Duncan,2023,3,Condos,309000,87825,7.161538462,28.82452843,15.67225183,40
937,Duncan,2023,3,Single-detached,792924.5059,87825,7.161538462,72.52843018,37.87860121,151
937,Duncan,2023,3,Townhouses,581035.514,87825,7.161538462,53.80303333,27.87876391,65
977,Fort St. John,2023,3,All housing types,360512.1951,112907.5,7.161538462,26.15887478,19.8313746,126
977,Fort St. John,2023,3,Single-detached,388969.4286,112907.5,7.161538462,28.22374031,21.34312718,87
977,Fort St. John,2023,3,Townhouses,312848.4375,112907.5,7.161538462,22.700378,16.34879797,37
925,Kamloops,2023,3,All housing types,621690.7523,98770,7.161538462,51.03567376,29.18144185,570
925,Kamloops,2023,3,Condos,376901.6304,98770,7.161538462,31.26258261,18.56500138,102
925,Kamloops,2023,3,Single-detached,723268.6335,98770,7.161538462,59.01773197,32.08712104,333
925,Kamloops,2023,3,Townhouses,535305.3435,98770,7.161538462,44.24745026,25.397242,135
915,Kelowna,2023,3,All housing types,792917.3323,95597.5,7.161538462,66.63096527,38.09482147,1271
915,Kelowna,2023,3,Condos,472722.2222,95597.5,7.161538462,40.51178447,24.28880262,369
915,Kelowna,2023,3,Single-detached,984205.7878,95597.5,7.161538462,82.1613788,44.76537722,672
915,Kelowna,2023,3,Townhouses,681196.6667,95597.5,7.161538462,57.56053741,32.85366574,230
936,Ladysmith,2023,3,All housing types,822071.4286,90080,7.161538462,73.22414171,58.88969957,74
936,Ladysmith,2023,3,Single-detached,832500,90080,7.161538462,74.12268134,61.26599014,59
936,Ladysmith,2023,3,Townhouses,516470.5882,90080,7.161538462,46.89316549,39.99687592,12
938,Nanaimo,2023,3,All housing types,703277.7989,91235,7.161538462,62.19131103,33.9915153,570
938,Nanaimo,2023,3,Condos,424658.3333,91235,7.161538462,38.1329202,21.40189008,98
938,Nanaimo,2023,3,Single-detached,796986.7841,91235,7.161538462,70.16318737,37.66249954,366
938,Nanaimo,2023,3,Townhouses,578554.4041,91235,7.161538462,51.58102136,27.46191196,106
907,Nelson,2023,3,All housing types,633397.1698,90452.5,7.161538462,56.73311228,41.74276472,87
907,Nelson,2023,3,Condos,436434.2105,90452.5,7.161538462,39.52938898,33.4499936,13
907,Nelson,2023,3,Single-detached,689783.6538,90452.5,7.161538462,61.57143948,43.98100233,63
907,Nelson,2023,3,Townhouses,612052.9412,90452.5,7.161538462,54.90163859,35.55310394,11
939,Parksville,2023,3,All housing types,803571.4286,87427.5,7.161538462,73.80337473,38.92321274,209
939,Parksville,2023,3,Condos,617765.9574,87427.5,7.161538462,57.30841604,25.29799068,33
939,Parksville,2023,3,Single-detached,875087.5,87427.5,7.161538462,80.15224399,41.08315087,147
939,Parksville,2023,3,Townhouses,646562.5,87427.5,7.161538462,59.8648412,35.70802608,29
913,Penticton,2023,3,All housing types,632357.1429,86472.5,7.161538462,59.25097297,34.46883108,219
913,Penticton,2023,3,Condos,368290.3226,86472.5,7.161538462,34.89266832,24.64960116,54
913,Penticton,2023,3,Single-detached,831145.4082,86472.5,7.161538462,77.09338331,41.62561139,111
913,Penticton,2023,3,Townhouses,569260.79,86472.5,7.161538462,53.58770599,28.09446494,54
940,Port Alberni,2023,3,All housing types,524439.0244,80477.5,7.161538462,53.25690623,24.91984493,105
940,Port Alberni,2023,3,Single-detached,550116.2791,80477.5,7.161538462,55.73327265,25.47459468,87
940,Port Alberni,2023,3,Townhouses,463392.8571,80477.5,7.161538462,47.17335324,17.79705682,15
945,Powell River,2023,3,All housing types,625520.073,82442.5,7.161538462,61.50364723,28.39881449,73
945,Powell River,2023,3,Single-detached,661890.3509,82442.5,7.161538462,64.92766698,29.06419653,61
970,Prince George,2023,3,All housing types,469594.8963,100600,7.161538462,38.24258825,20.86631918,373
970,Prince George,2023,3,Condos,338099.3684,100600,7.161538462,27.53393411,12.39060086,39
970,Prince George,2023,3,Single-detached,495524.2915,100600,7.161538462,40.35421082,21.62037066,293
970,Prince George,2023,3,Townhouses,379884.8684,100600,7.161538462,30.93683666,15.88118112,41
955,Prince Rupert,2023,3,All housing types,420984.8485,92637.5,7.161538462,37.23072808,20.96060583,26
955,Prince Rupert,2023,3,Single-detached,438611.1111,92637.5,7.161538462,38.78954568,21.3614414,25
952,Quesnel,2023,3,All housing types,387038.2609,84857.5,7.161538462,37.36676982,19.12777887,66
952,Quesnel,2023,3,Single-detached,388220.7547,84857.5,7.161538462,37.48093418,19.38116486,62
920,Salmon Arm,2023,3,All housing types,661571.7822,88240,7.161538462,60.63380147,34.91041316,99
920,Salmon Arm,2023,3,Condos,336390.3846,88240,7.161538462,31.23201208,18.83347001,14
920,Salmon Arm,2023,3,Single-detached,731533.3333,88240,7.161538462,66.78747886,37.57179298,63
920,Salmon Arm,2023,3,Townhouses,464926.8293,88240,7.161538462,43.16591976,27.50382689,22
934,Squamish,2023,3,All housing types,899176.8293,115792.5,7.161538462,62.13250033,35.74275125,131
934,Squamish,2023,3,Condos,640789.4118,115792.5,7.161538462,44.81314491,24.02183276,42
934,Squamish,2023,3,Single-detached,1577727.273,115792.5,7.161538462,103.3121125,52.39203906,28
934,Squamish,2023,3,Townhouses,972450,115792.5,7.161538462,67.04390082,35.812071,61
965,Terrace,2023,3,All housing types,473582.8767,97740,7.161538462,39.69589028,22.28508389,77
965,Terrace,2023,3,Single-detached,502541.6667,97740,7.161538462,42.11201386,22.91057037,59
965,Terrace,2023,3,Townhouses,366500,97740,7.161538462,30.72016431,17.24808589,15
910,Trail,2023,3,All housing types,365900,93737.5,7.161538462,31.97944578,24.92893931,61
910,Trail,2023,3,Single-detached,361146.789,93737.5,7.161538462,31.56401792,24.78545253,56
933,Vancouver,2023,3,All housing types,850000,94267.5,7.161538462,72.27088724,46.34979114,15605
933,Vancouver,2023,3,Condos,645604.4883,94267.5,7.161538462,55.44220308,33.52101857,8641
933,Vancouver,2023,3,Single-detached,1760535.532,94267.5,7.161538462,140.2813074,73.63157159,3848
933,Vancouver,2023,3,Townhouses,963652.2958,94267.5,7.161538462,81.62832651,42.89966917,3116
918,Vernon,2023,3,All housing types,673784.4037,90920,7.161538462,59.88906556,33.47993893,351
918,Vernon,2023,3,Condos,305990.4138,90920,7.161538462,27.57212787,17.73657873,60
918,Vernon,2023,3,Single-detached,838811.6545,90920,7.161538462,73.97666621,38.42228469,204
918,Vernon,2023,3,Townhouses,550050.2885,90920,7.161538462,49.32646579,28.34301195,87
935,Victoria,2023,3,All housing types,844762.7216,104725,7.161538462,64.66600317,38.89023417,2117
935,Victoria,2023,3,Condos,564730.9833,104725,7.161538462,43.91220058,25.16453563,864
935,Victoria,2023,3,Single-detached,1187575.176,104725,7.161538462,88.52800468,48.24432339,862
935,Victoria,2023,3,Townhouses,784759.718,104725,7.161538462,60.21904119,34.92562688,391
950,Williams Lake,2023,3,All housing types,429750,91610,7.161538462,38.43216871,21.01542762,58
950,Williams Lake,2023,3,Single-detached,465375,91610,7.161538462,41.61808148,22.05009043,47
932,Abbotsford - Mission,2023,4,All housing types,684662.8493,87290,7.2,63.56503371,39.8580484,673
932,Abbotsford - Mission,2023,4,Condos,428561.7647,87290,7.2,40.36120482,20.09532322,333
932,Abbotsford - Mission,2023,4,Single-detached,1133129.771,87290,7.2,102.2581507,49.93104757,221
932,Abbotsford - Mission,2023,4,Townhouses,683651.715,87290,7.2,63.47481877,32.71122748,119
944,Campbell River,2023,4,All housing types,643246.1957,92000,7.2,56.80470475,28.83969156,140
944,Campbell River,2023,4,Condos,412611.1111,92000,7.2,36.86958805,18.33500271,22
944,Campbell River,2023,4,Single-detached,710000,92000,7.2,62.45566551,31.14048371,90
944,Campbell River,2023,4,Townhouses,590383.5821,92000,7.2,52.32968556,23.04827448,28
930,Chilliwack,2023,4,All housing types,738631.6033,87020,7.2,68.59237349,35.74923238,397
930,Chilliwack,2023,4,Condos,373561.5764,87020,7.2,35.29054084,17.71905455,97
930,Chilliwack,2023,4,Single-detached,948343.8503,87020,7.2,87.36127314,42.84775906,195
930,Chilliwack,2023,4,Townhouses,609000,87020,7.2,56.99055914,29.51804433,105
943,Courtenay,2023,4,All housing types,724073.8725,93760,7.2,62.45233153,33.29529423,240
943,Courtenay,2023,4,Condos,405920,93760,7.2,35.59082416,18.06257235,32
943,Courtenay,2023,4,Single-detached,839432.2917,93760,7.2,72.03454397,37.46374731,140
943,Courtenay,2023,4,Townhouses,577301.8868,93760,7.2,50.26076062,25.7004721,68
905,Cranbrook,2023,4,All housing types,489208.5308,98090,7.2,41.00005892,23.32692088,88
905,Cranbrook,2023,4,Condos,214758.0645,98090,7.2,17.99865036,10.88601116,10
905,Cranbrook,2023,4,Single-detached,546426.7516,98090,7.2,45.59067028,24.79879355,66
905,Cranbrook,2023,4,Townhouses,389434.7826,98090,7.2,32.6381247,18.84060012,12
975,Dawson Creek,2023,4,All housing types,291505.6818,101180,7.2,23.68468117,17.42873376,63
975,Dawson Creek,2023,4,Single-detached,286152.5424,101180,7.2,23.24974144,17.4035768,56
937,Duncan,2023,4,All housing types,685056.6572,89290,7.2,62.17559442,33.65613231,97
937,Duncan,2023,4,Condos,327442.1311,89290,7.2,30.14719631,15.67225183,21
937,Duncan,2023,4,Single-detached,785613.2075,89290,7.2,70.94644356,37.87860121,61
937,Duncan,2023,4,Townhouses,597168.75,89290,7.2,54.50974299,27.87876391,15
977,Fort St. John,2023,4,All housing types,348767.2512,114030,7.2,25.14384946,19.8313746,85
977,Fort St. John,2023,4,Single-detached,377487.5839,114030,7.2,27.21439857,21.34312718,62
977,Fort St. John,2023,4,Townhouses,311379.3103,114030,7.2,22.4484222,16.34879797,21
925,Kamloops,2023,4,All housing types,640000,100100,7.2,51.95555435,29.18144185,355
925,Kamloops,2023,4,Condos,380100,100100,7.2,31.21612462,18.56500138,47
925,Kamloops,2023,4,Single-detached,733622.2628,100100,7.2,59.23970893,32.08712104,215
925,Kamloops,2023,4,Townhouses,551118.4211,100100,7.2,45.04024231,25.397242,93
915,Kelowna,2023,4,All housing types,808016.4744,97020,7.2,67.09222701,38.09482147,723
915,Kelowna,2023,4,Condos,472403.1414,97020,7.2,40.02825892,24.28880262,204
915,Kelowna,2023,4,Single-detached,1002062.992,97020,7.2,82.65064226,44.76537722,344
915,Kelowna,2023,4,Townhouses,687446.9136,97020,7.2,57.41367236,32.85366574,175
936,Ladysmith,2023,4,All housing types,800207.5472,91640,7.2,70.36742467,58.88969957,32
936,Ladysmith,2023,4,Single-detached,831179.4512,91640,7.2,72.99961278,61.26599014,23
938,Nanaimo,2023,4,All housing types,682477.0642,92640,7.2,59.71036894,33.9915153,411
938,Nanaimo,2023,4,Condos,395491.4692,92640,7.2,35.09568856,21.40189008,113
938,Nanaimo,2023,4,Single-detached,812332.1918,92640,7.2,70.62715136,37.66249954,218
938,Nanaimo,2023,4,Townhouses,598976.8817,92640,7.2,52.69059743,27.46191196,80
907,Nelson,2023,4,All housing types,653536.2676,92000,7.2,57.67579806,41.74276472,55
907,Nelson,2023,4,Condos,518500,92000,7.2,46.2444698,33.4499936,13
907,Nelson,2023,4,Single-detached,689430,92000,7.2,60.7143376,43.98100233,37
939,Parksville,2023,4,All housing types,788970.2533,88860,7.2,71.58398727,38.92321274,166
939,Parksville,2023,4,Condos,581253.75,88860,7.2,53.37864736,25.29799068,47
939,Parksville,2023,4,Single-detached,880991.6318,88860,7.2,79.64921294,41.08315087,92
939,Parksville,2023,4,Townhouses,657589.2857,88860,7.2,60.0690853,35.70802608,27
913,Penticton,2023,4,All housing types,651852.3677,87760,7.2,60.312887,34.46883108,140
913,Penticton,2023,4,Condos,369200,87760,7.2,34.58440207,24.64960116,36
913,Penticton,2023,4,Single-detached,855875,87760,7.2,78.41860825,41.62561139,69
913,Penticton,2023,4,Townhouses,566741.573,87760,7.2,52.75984102,28.09446494,35
940,Port Alberni,2023,4,All housing types,498715.5172,81840,7.2,50.09593125,24.91984493,69
940,Port Alberni,2023,4,Single-detached,531148.6486,81840,7.2,53.18915869,25.47459468,61
945,Powell River,2023,4,All housing types,603803.2407,84150,7.2,58.45330167,28.39881449,35
945,Powell River,2023,4,Single-detached,636440.0568,84150,7.2,61.47386372,29.06419653,27
970,Prince George,2023,4,All housing types,451989.0598,102090,7.2,36.39652434,20.86631918,212
970,Prince George,2023,4,Condos,326705.6875,102090,7.2,26.3080516,12.39060086,25
970,Prince George,2023,4,Single-detached,481103.7528,102090,7.2,38.74099177,21.62037066,160
970,Prince George,2023,4,Townhouses,403768.3824,102090,7.2,32.51354305,15.88118112,27
955,Prince Rupert,2023,4,All housing types,423839.2857,93200,7.2,37.38526732,20.96060583,30
955,Prince Rupert,2023,4,Single-detached,423842.5926,93200,7.2,37.38555901,21.3614414,29
952,Quesnel,2023,4,All housing types,401240.678,85900,7.2,38.3996252,19.12777887,52
952,Quesnel,2023,4,Single-detached,405691.7431,85900,7.2,38.82560203,19.38116486,47
920,Salmon Arm,2023,4,All housing types,656320.7547,89490,7.2,59.53580752,34.91041316,60
920,Salmon Arm,2023,4,Condos,319706,89490,7.2,29.36915643,18.83347001,11
920,Salmon Arm,2023,4,Single-detached,714676.4706,89490,7.2,64.61439562,37.57179298,39
920,Salmon Arm,2023,4,Townhouses,515531.25,89490,7.2,47.28316195,27.50382689,10
934,Squamish,2023,4,All housing types,1025411.255,117240,7.2,69.77482592,35.74275125,100
934,Squamish,2023,4,Condos,669272.7273,117240,7.2,46.30442913,24.02183276,24
934,Squamish,2023,4,Single-detached,1606625,117240,7.2,104.0943804,52.39203906,20
934,Squamish,2023,4,Townhouses,1042170.94,117240,7.2,70.7644531,35.812071,56
965,Terrace,2023,4,All housing types,472080,98550,7.2,39.3798599,22.28508389,48
965,Terrace,2023,4,Single-detached,508108.9109,98550,7.2,42.3497098,22.91057037,42
910,Trail,2023,4,All housing types,345931.3725,94790,7.2,30.00147593,24.92893931,41
910,Trail,2023,4,Single-detached,344361.7021,94790,7.2,29.86534364,24.78545253,38
933,Vancouver,2023,4,All housing types,854573.4501,95280,7.2,72.12301007,46.34979114,8623
933,Vancouver,2023,4,Condos,654181.926,95280,7.2,55.74309303,33.52101857,4682
933,Vancouver,2023,4,Single-detached,1796460.712,95280,7.2,141.8788748,73.63157159,2108
933,Vancouver,2023,4,Townhouses,976111.1336,95280,7.2,82.05744807,42.89966917,1833
918,Vernon,2023,4,All housing types,674718.3099,92200,7.2,59.33993779,33.47993893,217
918,Vernon,2023,4,Condos,315957.4468,92200,7.2,28.1716879,17.73657873,34
918,Vernon,2023,4,Single-detached,831106.8659,92200,7.2,72.55009988,38.42228469,124
918,Vernon,2023,4,Townhouses,562020.5479,92200,7.2,49.82034288,28.34301195,59
935,Victoria,2023,4,All housing types,833697.4022,106460,7.2,63.0217423,38.89023417,1309
935,Victoria,2023,4,Condos,573723.4043,106460,7.2,44.00318589,25.16453563,640
935,Victoria,2023,4,Single-detached,1206076.119,106460,7.2,88.58826515,48.24432339,478
935,Victoria,2023,4,Townhouses,787118.7715,106460,7.2,59.61425416,34.92562688,191
950,Williams Lake,2023,4,All housing types,450008.7719,92930,7.2,39.80890538,21.01542762,56
950,Williams Lake,2023,4,Single-detached,473391.3043,92930,7.2,41.87738289,22.05009043,45
932,Abbotsford - Mission,2024,1,All housing types,625270.4946,87802.82609,7.2,57.9256463,39.8580484,520
932,Abbotsford - Mission,2024,1,Condos,425023.2143,87802.82609,7.2,39.79416079,20.09532322,171
932,Abbotsford - Mission,2024,1,Single-detached,1107871.264,87802.82609,7.2,99.66939398,49.93104757,214
932,Abbotsford - Mission,2024,1,Townhouses,681958.6614,87802.82609,7.2,62.95390966,32.71122748,135
944,Campbell River,2024,1,All housing types,632931.0345,92511.41304,7.2,55.62229225,28.83969156,92
944,Campbell River,2024,1,Condos,395323.5294,92511.41304,7.2,35.12954649,18.33500271,12
944,Campbell River,2024,1,Single-detached,706081.0811,92511.41304,7.2,61.7804866,31.14048371,58
944,Campbell River,2024,1,Townhouses,596424,92511.41304,7.2,52.54891877,23.04827448,22
930,Chilliwack,2024,1,All housing types,695883.1096,87502.59947,7.2,64.40925018,35.74923238,497
930,Chilliwack,2024,1,Condos,398810.4453,87502.59947,7.2,37.46802171,17.71905455,168
930,Chilliwack,2024,1,Single-detached,937689.781,87502.59947,7.2,85.93119044,42.84775906,216
930,Chilliwack,2024,1,Townhouses,610295.4128,87502.59947,7.2,56.79153935,29.51804433,113
943,Courtenay,2024,1,All housing types,705960.9572,94348.91304,7.2,60.56735988,33.29529423,157
943,Courtenay,2024,1,Condos,373086.2069,94348.91304,7.2,32.50779302,18.06257235,26
943,Courtenay,2024,1,Single-detached,855000,94348.91304,7.2,72.86996967,37.46374731,92
943,Courtenay,2024,1,Townhouses,551691.5888,94348.91304,7.2,47.83300648,25.7004721,39
905,Cranbrook,2024,1,All housing types,488853.8462,98697.06522,7.2,40.71833313,23.32692088,42
905,Cranbrook,2024,1,Single-detached,528602.0408,98697.06522,7.2,43.90371065,24.79879355,32
975,Dawson Creek,2024,1,All housing types,264934.2105,101815.5435,7.2,21.39139719,17.42873376,32
975,Dawson Creek,2024,1,Single-detached,263166.6667,101815.5435,7.2,21.24868163,17.4035768,28
937,Duncan,2024,1,All housing types,658891.5094,89836.63043,7.2,59.52895609,33.65613231,115
937,Duncan,2024,1,Condos,340499.2308,89836.63043,7.2,31.1585956,15.67225183,18
937,Duncan,2024,1,Single-detached,757680,89836.63043,7.2,68.09315989,37.87860121,64
937,Duncan,2024,1,Townhouses,591531.25,89836.63043,7.2,53.68933868,27.87876391,33
977,Fort St. John,2024,1,All housing types,350318.3846,114739.1304,7.2,25.09958663,19.8313746,45
977,Fort St. John,2024,1,Single-detached,386052.6316,114739.1304,7.2,27.65987141,21.34312718,33
925,Kamloops,2024,1,All housing types,633644.4805,100717.6087,7.2,51.14550814,29.18144185,261
925,Kamloops,2024,1,Condos,378448.2759,100717.6087,7.2,30.88988695,18.56500138,40
925,Kamloops,2024,1,Single-detached,698953.8043,100717.6087,7.2,56.1956535,32.08712104,153
925,Kamloops,2024,1,Townhouses,551552.795,100717.6087,7.2,44.79764047,25.397242,68
915,Kelowna,2024,1,All housing types,757177.3041,98161.55602,7.2,62.27840327,38.09482147,579
915,Kelowna,2024,1,Condos,461794.2792,98161.55602,7.2,38.67428632,24.28880262,233
915,Kelowna,2024,1,Single-detached,988956.229,98161.55602,7.2,80.66776296,44.76537722,250
915,Kelowna,2024,1,Townhouses,694359.7786,98161.55602,7.2,57.29445542,32.85366574,96
936,Ladysmith,2024,1,All housing types,811130.1887,92346.66667,7.2,70.75012193,58.88969957,21
936,Ladysmith,2024,1,Single-detached,856049.1026,92346.66667,7.2,74.53840236,61.26599014,16
938,Nanaimo,2024,1,All housing types,663481.5951,93216.63043,7.2,57.75395508,33.9915153,241
938,Nanaimo,2024,1,Condos,382045.8333,93216.63043,7.2,33.69281219,21.40189008,55
938,Nanaimo,2024,1,Single-detached,816452.8302,93216.63043,7.2,70.53453237,37.66249954,153
938,Nanaimo,2024,1,Townhouses,625893.8053,93216.63043,7.2,54.61353687,27.46191196,33
907,Nelson,2024,1,All housing types,662567.5676,92480.625,7.2,58.13661518,41.74276472,19
907,Nelson,2024,1,Single-detached,704816.3265,92480.625,7.2,61.69454434,43.98100233,12
939,Parksville,2024,1,All housing types,646628.75,89395.56818,7.2,58.75432945,38.92321274,166
939,Parksville,2024,1,Condos,498257.1429,89395.56818,7.2,45.8197524,25.29799068,93
939,Parksville,2024,1,Single-detached,846724.1379,89395.56818,7.2,76.18664937,41.08315087,53
939,Parksville,2024,1,Townhouses,667765.9574,89395.56818,7.2,60.59580399,35.70802608,20
913,Penticton,2024,1,All housing types,586617.6471,88656.61046,7.2,53.97230273,34.46883108,98
913,Penticton,2024,1,Condos,331250,88656.61046,7.2,30.71566748,24.64960116,36
913,Penticton,2024,1,Single-detached,767736.1111,88656.61046,7.2,69.88287136,41.62561139,39
913,Penticton,2024,1,Townhouses,501982.7586,88656.61046,7.2,46.53744948,28.09446494,23
940,Port Alberni,2024,1,All housing types,507844,82280.76087,7.2,50.69837337,24.91984493,56
940,Port Alberni,2024,1,Single-detached,540285.7143,82280.76087,7.2,53.76908896,25.47459468,44
940,Port Alberni,2024,1,Townhouses,292333.3333,82280.76087,7.2,29.20755703,17.79705682,10
945,Powell River,2024,1,All housing types,577291.6667,84608.15217,7.2,55.69639803,28.39881449,49
945,Powell River,2024,1,Single-detached,592451.1194,84608.15217,7.2,57.09181953,29.06419653,40
970,Prince George,2024,1,All housing types,436157.5071,103260.0183,7.2,34.72372818,20.86631918,141
970,Prince George,2024,1,Condos,235802.6316,103260.0183,7.2,18.77291197,12.39060086,13
970,Prince George,2024,1,Single-detached,457380.597,103260.0183,7.2,36.41335818,21.62037066,108
970,Prince George,2024,1,Townhouses,402127.6596,103260.0183,7.2,32.01451613,15.88118112,20
955,Prince Rupert,2024,1,All housing types,412690.4762,93716.30435,7.2,36.20132666,20.96060583,33
955,Prince Rupert,2024,1,Single-detached,420087.7193,93716.30435,7.2,36.85021494,21.3614414,28
952,Quesnel,2024,1,All housing types,383569.4444,86380.54348,7.2,36.504236133179496,19.12777887,20
952,Quesnel,2024,1,Single-detached,389761.5385,86380.54348,7.2,37.09353662,19.38116486,18
920,Salmon Arm,2024,1,All housing types,675000,90368.8041,7.2,60.5666542,34.91041316,44
920,Salmon Arm,2024,1,Single-detached,740000,90368.8041,7.2,66.16847123,37.57179298,29
934,Squamish,2024,1,All housing types,1091025.128,118965.0637,7.2,72.58124208,35.74275125,56
934,Squamish,2024,1,Condos,696756.7568,118965.0637,7.2,47.43225225,24.02183276,13
934,Squamish,2024,1,Single-detached,1566600,118965.0637,7.2,100.2558217,52.39203906,10
934,Squamish,2024,1,Townhouses,1092733.708,118965.0637,7.2,72.68066748,35.812071,33
965,Terrace,2024,1,All housing types,512771.0843,99092.16601,7.2,42.48442393,22.28508389,35
965,Terrace,2024,1,Single-detached,519712.3288,99092.16601,7.2,43.02997086,22.91057037,31
910,Trail,2024,1,All housing types,331214.2857,95732.5,7.2,28.44230921,24.92893931,29
910,Trail,2024,1,Single-detached,329062.5,95732.5,7.2,28.25752927,24.78545253,26
933,Vancouver,2024,1,All housing types,854506.8823,95983.97673,7.2,71.58863587,46.34979114,8457
933,Vancouver,2024,1,Condos,668707.3766,95983.97673,7.2,56.51285165,33.52101857,5065
933,Vancouver,2024,1,Single-detached,1771090.545,95983.97673,7.2,139.0084798,73.63157159,1890
933,Vancouver,2024,1,Townhouses,976648.8756,95983.97673,7.2,81.49924531,42.89966917,1502
918,Vernon,2024,1,All housing types,641988.9503,93144.49249,7.2,56.0016066,33.47993893,145
918,Vernon,2024,1,Condos,294491.5254,93144.49249,7.2,25.99146832,17.73657873,25
918,Vernon,2024,1,Single-detached,740559.2417,93144.49249,7.2,64.24342342,38.42228469,87
918,Vernon,2024,1,Townhouses,570021.7391,93144.49249,7.2,49.98416907,28.34301195,33
935,Victoria,2024,1,All housing types,739856.1151,107875.0947,7.2,55.4200674,38.89023417,1054
935,Victoria,2024,1,Condos,533571.4894,107875.0947,7.2,40.52715039,25.16453563,535
935,Victoria,2024,1,Single-detached,1161742.724,107875.0947,7.2,84.58111351,48.24432339,381
935,Victoria,2024,1,Townhouses,762575.9878,107875.0947,7.2,57.06035047,34.92562688,138
950,Williams Lake,2024,1,All housing types,425788.2353,93507.71739,7.2,37.43358279,21.01542762,29
950,Williams Lake,2024,1,Single-detached,440565.2174,93507.71739,7.2,38.7327154,22.05009043,24
932,Abbotsford - Mission,2024,2,All housing types,750881.6514,88315.65217,7.142307692,68.31293026,39.8580484,897
932,Abbotsford - Mission,2024,2,Condos,435632.2581,88315.65217,7.142307692,40.34191358,20.09532322,294
932,Abbotsford - Mission,2024,2,Single-detached,1126639.86,88315.65217,7.142307692,100.0442696,49.93104757,358
932,Abbotsford - Mission,2024,2,Townhouses,711519.7368,88315.65217,7.142307692,64.85965195,32.71122748,245
944,Campbell River,2024,2,All housing types,645000,93022.82609,7.142307692,56.03703609,28.83969156,182
944,Campbell River,2024,2,Condos,416666.6667,93022.82609,7.142307692,36.63307479,18.33500271,24
944,Campbell River,2024,2,Single-detached,726107.1317,93022.82609,7.142307692,62.79261486,31.14048371,109
944,Campbell River,2024,2,Townhouses,592719.7183,93022.82609,7.142307692,51.68250458,23.04827448,49
930,Chilliwack,2024,2,All housing types,746426.2153,87985.19894,7.142307692,68.17714875,35.74923238,655
930,Chilliwack,2024,2,Condos,411344.7442,87985.19894,7.142307692,38.23582596,17.71905455,133
930,Chilliwack,2024,2,Single-detached,945335.7143,87985.19894,7.142307692,85.69331067,42.84775906,344
930,Chilliwack,2024,2,Townhouses,643801.0309,87985.19894,7.142307692,59.13987625,29.51804433,178
943,Courtenay,2024,2,All housing types,692616.9014,94937.82609,7.142307692,58.79281593,33.29529423,340
943,Courtenay,2024,2,Condos,390559.5238,94937.82609,7.142307692,33.64512092,18.06257235,58
943,Courtenay,2024,2,Single-detached,851684.9817,94937.82609,7.142307692,71.77467245,37.46374731,181
943,Courtenay,2024,2,Townhouses,553785,94937.82609,7.142307692,47.46247346,25.7004721,101
905,Cranbrook,2024,2,All housing types,529100,99304.13043,7.142307692,43.44958401,23.32692088,96
905,Cranbrook,2024,2,Single-detached,546672.7273,99304.13043,7.142307692,44.82067067,24.79879355,78
905,Cranbrook,2024,2,Townhouses,424307.6923,99304.13043,7.142307692,34.94521656,18.84060012,10
975,Dawson Creek,2024,2,All housing types,287509.4444,102451.087,7.142307692,22.95142679,17.42873376,58
975,Dawson Creek,2024,2,Single-detached,292594.9367,102451.087,7.142307692,23.35739364,17.4035768,51
937,Duncan,2024,2,All housing types,675372.8814,90383.26087,7.142307692,60.27724998,33.65613231,180
937,Duncan,2024,2,Condos,346348.8372,90383.26087,7.142307692,31.34006349,15.67225183,25
937,Duncan,2024,2,Single-detached,787663.8418,90383.26087,7.142307692,69.90333822,37.87860121,113
937,Duncan,2024,2,Townhouses,573680,90383.26087,7.142307692,51.55967694,27.87876391,42
977,Fort St. John,2024,2,All housing types,364667.5978,115448.2609,7.142307692,25.83354017,19.8313746,134
977,Fort St. John,2024,2,Single-detached,396360,115448.2609,7.142307692,28.07867231,21.34312718,92
977,Fort St. John,2024,2,Townhouses,280163.2653,115448.2609,7.142307692,19.84714028,16.34879797,40
925,Kamloops,2024,2,All housing types,638009.9315,101335.2174,7.142307692,50.90593494,29.18144185,469
925,Kamloops,2024,2,Condos,386547.1698,101335.2174,7.142307692,31.19724461,18.56500138,66
925,Kamloops,2024,2,Single-detached,706333.3333,101335.2174,7.142307692,56.1299224,32.08712104,306
925,Kamloops,2024,2,Townhouses,542939.3939,101335.2174,7.142307692,43.63686924,25.397242,97
915,Kelowna,2024,2,All housing types,765119.7053,99303.11205,7.142307692,61.86531496,38.09482147,1050
915,Kelowna,2024,2,Condos,458888.972,99303.11205,7.142307692,37.79365599,24.28880262,302
915,Kelowna,2024,2,Single-detached,979932.8859,99303.11205,7.142307692,78.62597488,44.76537722,495
915,Kelowna,2024,2,Townhouses,692773.2521,99303.11205,7.142307692,56.22052959,32.85366574,253
936,Ladysmith,2024,2,All housing types,810881.8182,93053.33333,7.142307692,69.83077044,58.88969957,56
936,Ladysmith,2024,2,Single-detached,831003.3898,93053.33333,7.142307692,71.5061878,61.26599014,43
938,Nanaimo,2024,2,All housing types,703980.5997,93793.26087,7.142307692,60.44899934,33.9915153,476
938,Nanaimo,2024,2,Condos,408838.0282,93793.26087,7.142307692,35.64952879,21.40189008,87
938,Nanaimo,2024,2,Single-detached,806681.128,93793.26087,7.142307692,68.93287101,37.66249954,308
938,Nanaimo,2024,2,Townhouses,592086.8421,93793.26087,7.142307692,51.2056946,27.46191196,81
907,Nelson,2024,2,All housing types,699625,92961.25,7.142307692,60.62699578,41.74276472,57
907,Nelson,2024,2,Single-detached,721611.1111,92961.25,7.142307692,62.45947691,43.98100233,42
939,Parksville,2024,2,All housing types,686142.1918,89931.13636,7.142307692,61.50812622,38.92321274,199
939,Parksville,2024,2,Condos,501650,89931.13636,7.142307692,45.61311067,25.29799068,27
939,Parksville,2024,2,Single-detached,850752.6882,89931.13636,7.142307692,75.69022452,41.08315087,133
939,Parksville,2024,2,Townhouses,699872.8814,89931.13636,7.142307692,62.69110054,35.70802608,39
913,Penticton,2024,2,All housing types,558689.759,89553.22093,7.142307692,50.74062527,34.46883108,234
913,Penticton,2024,2,Condos,413395,89553.22093,7.142307692,37.75358111,24.64960116,90
913,Penticton,2024,2,Single-detached,777736.8421,89553.22093,7.142307692,69.69237496,41.62561139,94
913,Penticton,2024,2,Townhouses,516301.3699,89553.22093,7.142307692,47.07322131,28.09446494,50
940,Port Alberni,2024,2,All housing types,547714.2857,82721.52174,7.142307692,53.90311604,24.91984493,91
940,Port Alberni,2024,2,Single-detached,582460,82721.52174,7.142307692,57.15755235,25.47459468,81
945,Powell River,2024,2,All housing types,596316.6667,85066.30435,7.142307692,56.84415291,28.39881449,71
945,Powell River,2024,2,Single-detached,623940.5941,85066.30435,7.142307692,59.3602124,29.06419653,61
970,Prince George,2024,2,All housing types,463371.8245,104430.0366,7.142307692,36.28927872,20.86631918,292
970,Prince George,2024,2,Condos,251850,104430.0366,7.142307692,19.72380357,12.39060086,17
970,Prince George,2024,2,Single-detached,491879.3103,104430.0366,7.142307692,38.52186182,21.62037066,240
970,Prince George,2024,2,Townhouses,356636.3636,104430.0366,7.142307692,27.93021871,15.88118112,35
955,Prince Rupert,2024,2,All housing types,451542.2535,94232.6087,7.142307692,39.18964467,20.96060583,38
955,Prince Rupert,2024,2,Single-detached,459444.4444,94232.6087,7.142307692,39.87548094,21.3614414,35
952,Quesnel,2024,2,All housing types,353823.7705,86861.08696,7.142307692,33.31469874,19.12777887,41
952,Quesnel,2024,2,Single-detached,353831.8182,86861.08696,7.142307692,33.31545648,19.38116486,37
920,Salmon Arm,2024,2,All housing types,656485.7143,91247.6082,7.142307692,58.10251453,34.91041316,96
920,Salmon Arm,2024,2,Condos,354250,91247.6082,7.142307692,31.75137325,18.83347001,15
920,Salmon Arm,2024,2,Single-detached,758670.2128,91247.6082,7.142307692,66.77925437,37.57179298,65
920,Salmon Arm,2024,2,Townhouses,465281.8182,91247.6082,7.142307692,41.70313811,27.50382689,16
934,Squamish,2024,2,All housing types,1025611.285,120690.1275,7.142307692,67.44275239,35.74275125,123
934,Squamish,2024,2,Condos,611818.1818,120690.1275,7.142307692,41.06076283,24.02183276,31
934,Squamish,2024,2,Single-detached,1790937.5,120690.1275,7.142307692,111.1159881,52.39203906,22
934,Squamish,2024,2,Townhouses,1030313.592,120690.1275,7.142307692,67.71108891,35.812071,70
965,Terrace,2024,2,All housing types,513431.3725,99634.33203,7.142307692,42.08711583,22.28508389,67
965,Terrace,2024,2,Single-detached,519676.1364,99634.33203,7.142307692,42.57273973,22.91057037,57
910,Trail,2024,2,All housing types,368115.8537,96675,7.142307692,31.14185546,24.92893931,53
910,Trail,2024,2,Single-detached,365706.6667,96675,7.142307692,30.93804313,24.78545253,49
933,Vancouver,2024,2,All housing types,872010.1088,96687.95346,7.142307692,72.1042431,46.34979114,12631
933,Vancouver,2024,2,Condos,679568.3181,96687.95346,7.142307692,56.68297563,33.52101857,6945
933,Vancouver,2024,2,Single-detached,1768573.156,96687.95346,7.142307692,137.1067992,73.63157159,3072
933,Vancouver,2024,2,Townhouses,990876.43,96687.95346,7.142307692,81.62956151,42.89966917,2614
918,Vernon,2024,2,All housing types,651738.4988,94088.98499,7.142307692,55.95696207,33.47993893,268
918,Vernon,2024,2,Condos,324594.9367,94088.98499,7.142307692,28.21480814,17.73657873,54
918,Vernon,2024,2,Single-detached,757238.7755,94088.98499,7.142307692,64.64472304,38.42228469,158
918,Vernon,2024,2,Townhouses,552573.0337,94088.98499,7.142307692,47.79086163,28.34301195,56
935,Victoria,2024,2,All housing types,791522.9304,109290.1893,7.142307692,58.08382387,38.89023417,1833
935,Victoria,2024,2,Condos,539546.6305,109290.1893,7.142307692,40.22011782,25.16453563,756
935,Victoria,2024,2,Single-detached,1155224.913,109290.1893,7.142307692,82.64552347,48.24432339,775
935,Victoria,2024,2,Townhouses,773076.7091,109290.1893,7.142307692,56.77609027,34.92562688,302
950,Williams Lake,2024,2,All housing types,436351.0638,94085.43478,7.142307692,37.9304318,21.01542762,65
950,Williams Lake,2024,2,Single-detached,444712.3288,94085.43478,7.142307692,38.65724655,22.05009043,49
950,Williams Lake,2024,2,Townhouses,232385.7143,94085.43478,7.142307692,20.20045605,15.65666588,12
932,Abbotsford - Mission,2024,3,All housing types,764946.4478,88828.47826,6.719230769,66.54671746,39.8580484,778
932,Abbotsford - Mission,2024,3,Condos,439901.7341,88828.47826,6.719230769,38.97994997,20.09532322,225
932,Abbotsford - Mission,2024,3,Single-detached,1126038.348,88828.47826,6.719230769,95.68363839,49.93104757,320
932,Abbotsford - Mission,2024,3,Townhouses,713713.3891,88828.47826,6.719230769,62.24586255,32.71122748,233
944,Campbell River,2024,3,All housing types,632431.694,93534.23913,6.719230769,52.63418017,28.83969156,184
944,Campbell River,2024,3,Condos,425714.2857,93534.23913,6.719230769,35.82493672,18.33500271,32
944,Campbell River,2024,3,Single-detached,710087.977,93534.23913,6.719230769,58.82520735,31.14048371,108
944,Campbell River,2024,3,Townhouses,576700,93534.23913,6.719230769,48.19105696,23.04827448,44
930,Chilliwack,2024,3,All housing types,751201.1791,88467.79841,6.719230769,65.65944932,35.74923238,702
930,Chilliwack,2024,3,Condos,419793.75,88467.79841,6.719230769,37.34982526,17.71905455,203
930,Chilliwack,2024,3,Single-detached,951500.7429,88467.79841,6.719230769,82.54252292,42.84775906,329
930,Chilliwack,2024,3,Townhouses,655572.4138,88467.79841,6.719230769,57.59898503,29.51804433,170
943,Courtenay,2024,3,All housing types,740229.5105,95526.73913,6.719230769,59.95109477,33.29529423,375
943,Courtenay,2024,3,Condos,395237.3737,95526.73913,6.719230769,32.56648433,18.06257235,41
943,Courtenay,2024,3,Single-detached,859603.3654,95526.73913,6.719230769,69.26948718,37.46374731,235
943,Courtenay,2024,3,Townhouses,607024.5,95526.73913,6.719230769,49.55303432,25.7004721,99
905,Cranbrook,2024,3,All housing types,541974.4019,99911.19565,6.719230769,42.52345749,23.32692088,113
905,Cranbrook,2024,3,Condos,231250,99911.19565,6.719230769,18.21819771,10.88601116,15
905,Cranbrook,2024,3,Single-detached,579288.3436,99911.19565,6.719230769,45.30838376,24.79879355,85
905,Cranbrook,2024,3,Townhouses,436086.9565,99911.19565,6.719230769,34.35553899,18.84060012,13
975,Dawson Creek,2024,3,All housing types,314030.0781,103086.6304,6.719230769,23.97765619,17.42873376,70
975,Dawson Creek,2024,3,Single-detached,307660.5505,103086.6304,6.719230769,23.49131315,17.4035768,58
975,Dawson Creek,2024,3,Townhouses,324629.4118,103086.6304,6.719230769,24.78696458,19.84989994,12
937,Duncan,2024,3,All housing types,715485.7143,90929.8913,6.719230769,60.95268753,33.65613231,170
937,Duncan,2024,3,Condos,334050,90929.8913,6.719230769,28.91629387,15.67225183,25
937,Duncan,2024,3,Single-detached,800250,90929.8913,6.719230769,67.90393843,37.87860121,113
937,Duncan,2024,3,Townhouses,559418.9189,90929.8913,6.719230769,48.15414339,27.87876391,32
977,Fort St. John,2024,3,All housing types,355943.662,116157.3913,6.719230769,24.11971878,19.8313746,150
977,Fort St. John,2024,3,Single-detached,397787.6344,116157.3913,6.719230769,26.95518111,21.34312718,94
977,Fort St. John,2024,3,Townhouses,280978.2609,116157.3913,6.719230769,19.03985759,16.34879797,52
925,Kamloops,2024,3,All housing types,658208.2888,101952.8261,6.719230769,50.17331031,29.18144185,466
925,Kamloops,2024,3,Condos,397457.1429,101952.8261,6.719230769,30.68519328,18.56500138,74
925,Kamloops,2024,3,Single-detached,735742.8571,101952.8261,6.719230769,55.84422135,32.08712104,296
925,Kamloops,2024,3,Townhouses,551217.6166,101952.8261,6.719230769,42.34796741,25.397242,96
915,Kelowna,2024,3,All housing types,795161.2506,100444.6681,6.719230769,61.09385099,38.09482147,1181
915,Kelowna,2024,3,Condos,454937.2163,100444.6681,6.719230769,35.65023555,24.28880262,359
915,Kelowna,2024,3,Single-detached,992697.6744,100444.6681,6.719230769,75.75868086,44.76537722,580
915,Kelowna,2024,3,Townhouses,696989.2222,100444.6681,6.719230769,53.8056959,32.85366574,242
936,Ladysmith,2024,3,All housing types,812932.7273,93760,6.719230769,66.862961,58.88969957,54
936,Ladysmith,2024,3,Single-detached,837500,93760,6.719230769,68.81683286,61.26599014,43
938,Nanaimo,2024,3,All housing types,711881.67,94369.8913,6.719230769,58.44603905,33.9915153,512
938,Nanaimo,2024,3,Condos,420224.7191,94369.8913,6.719230769,35.04983407,21.40189008,91
938,Nanaimo,2024,3,Single-detached,807642.1947,94369.8913,6.719230769,66.01279614,37.66249954,339
938,Nanaimo,2024,3,Townhouses,591244.1718,94369.8913,6.719230769,48.913565755292304,27.46191196,82
907,Nelson,2024,3,All housing types,703658.1689,93441.875,6.719230769,58.37024087,41.74276472,91
907,Nelson,2024,3,Single-detached,727081.8182,93441.875,6.719230769,60.239501,43.98100233,68
907,Nelson,2024,3,Townhouses,650347.8261,93441.875,6.719230769,54.11595509,35.55310394,15
939,Parksville,2024,3,All housing types,815751.79,90466.70455,6.719230769,69.52936605,38.92321274,220
939,Parksville,2024,3,Condos,513962.5,90466.70455,6.719230769,44.65386812,25.29799068,21
939,Parksville,2024,3,Single-detached,880901.0601,90466.70455,6.719230769,74.89940596,41.08315087,150
939,Parksville,2024,3,Townhouses,698869.3182,90466.70455,6.719230769,59.89512858,35.70802608,49
913,Penticton,2024,3,All housing types,582368.4211,90449.83139,6.719230769,50.30172495,34.46883108,260
913,Penticton,2024,3,Condos,470773.787,90449.83139,6.719230769,40.96777117,24.64960116,79
913,Penticton,2024,3,Single-detached,785476.4151,90449.83139,6.719230769,67.04637151,41.62561139,118
913,Penticton,2024,3,Townhouses,525123.8938,90449.83139,6.719230769,45.58236675,28.09446494,63
940,Port Alberni,2024,3,All housing types,555603.8647,83162.28261,6.719230769,52.30980336,24.91984493,116
940,Port Alberni,2024,3,Single-detached,563197.3684,83162.28261,6.719230769,52.99068644,25.47459468,109
945,Powell River,2024,3,All housing types,632822.5806,85524.45652,6.719230769,57.59770932,28.39881449,53
945,Powell River,2024,3,Single-detached,650000,85524.45652,6.719230769,59.09540757,29.06419653,49
970,Prince George,2024,3,All housing types,471511.3063,105600.0549,6.719230769,35.14518168,20.86631918,374
970,Prince George,2024,3,Condos,245113.6364,105600.0549,6.719230769,18.27010968,12.39060086,27
970,Prince George,2024,3,Single-detached,508350.7463,105600.0549,6.719230769,37.85833411,21.62037066,296
970,Prince George,2024,3,Townhouses,363336.0465,105600.0549,6.719230769,27.08208943,15.88118112,51
955,Prince Rupert,2024,3,All housing types,499794.5205,94748.91304,6.719230769,41.51978344,20.96060583,35
955,Prince Rupert,2024,3,Single-detached,499927.5362,94748.91304,6.719230769,41.53083355,21.3614414,34
952,Quesnel,2024,3,All housing types,376847.9167,87341.63043,6.719230769,33.96117045,19.12777887,79
952,Quesnel,2024,3,Single-detached,378083.3333,87341.63043,6.719230769,34.07250501,19.38116486,74
920,Salmon Arm,2024,3,All housing types,654204.5455,92126.4123,6.719230769,55.20084033,34.91041316,91
920,Salmon Arm,2024,3,Condos,324134.6154,92126.4123,6.719230769,27.69357865,18.83347001,11
920,Salmon Arm,2024,3,Single-detached,742035.8779,92126.4123,6.719230769,62.31006178,37.57179298,66
920,Salmon Arm,2024,3,Townhouses,471816.6667,92126.4123,6.719230769,40.31131309,27.50382689,14
934,Squamish,2024,3,All housing types,961808.6957,122415.1912,6.719230769,60.28026665,35.74275125,153
934,Squamish,2024,3,Condos,654296.5116,122415.1912,6.719230769,41.5482842,24.02183276,55
934,Squamish,2024,3,Single-detached,1744627.66,122415.1912,6.719230769,102.9255173,52.39203906,25
934,Squamish,2024,3,Townhouses,1000795.105,122415.1912,6.719230769,62.64972677,35.812071,73
965,Terrace,2024,3,All housing types,512640.8451,100176.498,6.719230769,40.22732837,22.28508389,75
965,Terrace,2024,3,Single-detached,532165.2542,100176.498,6.719230769,41.68067358,22.91057037,61
910,Trail,2024,3,All housing types,386350,97617.5,6.719230769,31.15236776,24.92893931,57
910,Trail,2024,3,Single-detached,384574.2574,97617.5,6.719230769,31.00918519,24.78545253,52
933,Vancouver,2024,3,All housing types,887484.1217,97391.9302,6.719230769,70.07758721,46.34979114,12052
933,Vancouver,2024,3,Condos,680552.9257,97391.9302,6.719230769,54.23377361,33.52101857,6385
933,Vancouver,2024,3,Single-detached,1792560.739,97391.9302,6.719230769,132.6327878,73.63157159,3102
933,Vancouver,2024,3,Townhouses,995046.8017,97391.9302,6.719230769,78.31318961,42.89966917,2565
918,Vernon,2024,3,All housing types,686760.1351,95033.47748,6.719230769,56.06675043,33.47993893,324
918,Vernon,2024,3,Condos,328376.1468,95033.47748,6.719230769,27.19773931,17.73657873,55
918,Vernon,2024,3,Single-detached,795454.1667,95033.47748,6.719230769,64.5955087,38.42228469,202
918,Vernon,2024,3,Townhouses,554975.6098,95033.47748,6.719230769,45.72617932,28.34301195,67
935,Victoria,2024,3,All housing types,850486.0311,110705.284,6.719230769,59.15798409,38.89023417,2090
935,Victoria,2024,3,Condos,561321.3115,110705.284,6.719230769,39.68046297,25.16453563,891
935,Victoria,2024,3,Single-detached,1188032.736,110705.284,6.719230769,80.48713677,48.24432339,844
935,Victoria,2024,3,Townhouses,790218.8006,110705.284,6.719230769,55.09851149,34.92562688,355
950,Williams Lake,2024,3,All housing types,464734.8485,94663.15217,6.719230769,38.64222308,21.01542762,67
950,Williams Lake,2024,3,Single-detached,478349.5146,94663.15217,6.719230769,39.77426852,22.05009043,54
950,Williams Lake,2024,3,Townhouses,232222.7273,94663.15217,6.719230769,19.30908014,15.65666588,10
932,Abbotsford - Mission,2024,4,All housing types,788631.918,89341.30435,6.026923077,63.88658426,39.8580484,588
932,Abbotsford - Mission,2024,4,Condos,445000,89341.30435,6.026923077,36.75721698,20.09532322,170
932,Abbotsford - Mission,2024,4,Single-detached,1114436.975,89341.30435,6.026923077,88.38683258,49.93104757,275
932,Abbotsford - Mission,2024,4,Townhouses,705640.8378,89341.30435,6.026923077,57.3922755,32.71122748,143
944,Campbell River,2024,4,All housing types,640934.6505,94045.65217,6.026923077,49.71122624,28.83969156,145
944,Campbell River,2024,4,Condos,418921.5686,94045.65217,6.026923077,32.87220966,18.33500271,19
944,Campbell River,2024,4,Single-detached,704398.7685,94045.65217,6.026923077,54.42906756,31.14048371,95
944,Campbell River,2024,4,Townhouses,571506.6667,94045.65217,6.026923077,44.55003876,23.04827448,31
930,Chilliwack,2024,4,All housing types,710825.7261,88950.39788,6.026923077,58.05201147,35.74923238,503
930,Chilliwack,2024,4,Condos,424900,88950.39788,6.026923077,35.25118621,17.71905455,133
930,Chilliwack,2024,4,Single-detached,941998.1752,88950.39788,6.026923077,76.2214699,42.84775906,219
930,Chilliwack,2024,4,Townhouses,655487.5389,88950.39788,6.026923077,53.70259658,29.51804433,151
943,Courtenay,2024,4,All housing types,779585.0234,96115.65217,6.026923077,58.72572977,33.29529423,266
943,Courtenay,2024,4,Condos,410713.3333,96115.65217,6.026923077,31.53403785,18.06257235,34
943,Courtenay,2024,4,Single-detached,870276.3819,96115.65217,6.026923077,65.32241246,37.46374731,163
943,Courtenay,2024,4,Townhouses,626178.5714,96115.65217,6.026923077,47.56729414,25.7004721,69
905,Cranbrook,2024,4,All housing types,525736.385,100518.2609,6.026923077,38.49794746,23.32692088,100
905,Cranbrook,2024,4,Condos,232024.1935,100518.2609,6.026923077,17.0342574,10.88601116,16
905,Cranbrook,2024,4,Single-detached,588832.2581,100518.2609,6.026923077,42.88638369,24.79879355,70
905,Cranbrook,2024,4,Townhouses,396518.5185,100518.2609,6.026923077,29.11075094,18.84060012,14
975,Dawson Creek,2024,4,All housing types,317413.7931,103722.1739,6.026923077,22.58338737,17.42873376,75
975,Dawson Creek,2024,4,Single-detached,307301.5873,103722.1739,6.026923077,21.86392317,17.4035768,68
937,Duncan,2024,4,All housing types,703073.2484,91476.52174,6.026923077,55.85641035,33.65613231,144
937,Duncan,2024,4,Condos,306538.4615,91476.52174,6.026923077,24.7292093,15.67225183,14
937,Duncan,2024,4,Single-detached,781320.7547,91476.52174,6.026923077,61.83659601,37.87860121,99
937,Duncan,2024,4,Townhouses,545650.7937,91476.52174,6.026923077,43.82515786,27.87876391,31
977,Fort St. John,2024,4,All housing types,366781.3765,116866.5217,6.026923077,23.16072006,19.8313746,97
977,Fort St. John,2024,4,Single-detached,429000,116866.5217,6.026923077,27.08956763,21.34312718,65
977,Fort St. John,2024,4,Townhouses,274145.5696,116866.5217,6.026923077,17.31115373,16.34879797,27
925,Kamloops,2024,4,All housing types,653413.5201,102570.4348,6.026923077,46.43021542,29.18144185,355
925,Kamloops,2024,4,Condos,384579.8319,102570.4348,6.026923077,27.669366028967598,18.56500138,45
925,Kamloops,2024,4,Single-detached,732438.7097,102570.4348,6.026923077,51.81659747,32.08712104,231
925,Kamloops,2024,4,Townhouses,542828.5714,102570.4348,6.026923077,38.89271016,25.397242,79
915,Kelowna,2024,4,All housing types,743394.0941,101586.2241,6.026923077,53.07257583,38.09482147,1071
915,Kelowna,2024,4,Condos,443340.9762,101586.2241,6.026923077,32.20608648,24.28880262,522
915,Kelowna,2024,4,Single-detached,987045.6906,101586.2241,6.026923077,69.84084539,44.76537722,383
915,Kelowna,2024,4,Townhouses,695831.3725,101586.2241,6.026923077,49.79927679,32.85366574,166
936,Ladysmith,2024,4,All housing types,798477.1429,94466.66667,6.026923077,61.14898765,58.88969957,51
936,Ladysmith,2024,4,Single-detached,835721.2256,94466.66667,6.026923077,63.9053258,61.26599014,39
938,Nanaimo,2024,4,All housing types,710682.5749,94946.52174,6.026923077,54.37533276,33.9915153,389
938,Nanaimo,2024,4,Condos,437736.5269,94946.52174,6.026923077,34.02268843,21.40189008,76
938,Nanaimo,2024,4,Single-detached,809091.1414,94946.52174,6.026923077,61.62148826,37.66249954,248
938,Nanaimo,2024,4,Townhouses,572404.0816,94946.52174,6.026923077,44.19341973,27.46191196,65
907,Nelson,2024,4,All housing types,722856.5238,93922.5,6.026923077,55.87436059,41.74276472,56
907,Nelson,2024,4,Single-detached,743225.2252,93922.5,6.026923077,57.3905292,43.98100233,43
907,Nelson,2024,4,Townhouses,607269.2308,93922.5,6.026923077,47.27048241,35.55310394,11
939,Parksville,2024,4,All housing types,818774.8092,91002.27273,6.026923077,65.03625217,38.92321274,173
939,Parksville,2024,4,Condos,495547.0588,91002.27273,6.026923077,40.18533229,25.29799068,30
939,Parksville,2024,4,Single-detached,882023.2558,91002.27273,6.026923077,69.89530285,41.08315087,108
939,Parksville,2024,4,Townhouses,701583.3333,91002.27273,6.026923077,56.03303785,35.70802608,35
913,Penticton,2024,4,All housing types,624705.8824,91346.44185,6.026923077,49.93807633,34.46883108,182
913,Penticton,2024,4,Condos,483503.8168,91346.44185,6.026923077,39.06098324,24.64960116,52
913,Penticton,2024,4,Single-detached,779990.2913,91346.44185,6.026923077,61.82282554,41.62561139,88
913,Penticton,2024,4,Townhouses,519200,91346.44185,6.026923077,41.86314491,28.09446494,42
940,Port Alberni,2024,4,All housing types,548898.0769,83603.04348,6.026923077,48.22402814,24.91984493,92
940,Port Alberni,2024,4,Single-detached,549841.1458,83603.04348,6.026923077,48.30289147,25.47459468,83
945,Powell River,2024,4,All housing types,627500,85982.6087,6.026923077,53.28054108,28.39881449,53
945,Powell River,2024,4,Single-detached,638031.9149,85982.6087,6.026923077,54.13688955,29.06419653,45
970,Prince George,2024,4,All housing types,453726.9885,106770.0732,6.026923077,31.3602829,20.86631918,320
970,Prince George,2024,4,Condos,148449.3103,106770.0732,6.026923077,10.26038231,12.39060086,60
970,Prince George,2024,4,Single-detached,496478.9225,106770.0732,6.026923077,34.31517158,21.62037066,233
970,Prince George,2024,4,Townhouses,377588.4615,106770.0732,6.026923077,26.09781052,15.88118112,27
955,Prince Rupert,2024,4,All housing types,486212.1212,95265.21739,6.026923077,37.66398935,20.96060583,31
955,Prince Rupert,2024,4,Single-detached,486250,95265.21739,6.026923077,37.6669236,21.3614414,30
952,Quesnel,2024,4,All housing types,393492.126,87822.17391,6.026923077,33.06486567,19.12777887,48
952,Quesnel,2024,4,Single-detached,395373.9496,87822.17391,6.026923077,33.22299398,19.38116486,45
920,Salmon Arm,2024,4,All housing types,640983.1288,93005.2164,6.026923077,50.2709826,34.91041316,72
920,Salmon Arm,2024,4,Single-detached,706321.6216,93005.2164,6.026923077,55.18249911,37.57179298,45
920,Salmon Arm,2024,4,Townhouses,486191.1765,93005.2164,6.026923077,38.57755197,27.50382689,20
934,Squamish,2024,4,All housing types,931577.9923,124140.255,6.026923077,54.02824526,35.74275125,106
934,Squamish,2024,4,Condos,684937.5,124140.255,6.026923077,40.13813961,24.02183276,33
934,Squamish,2024,4,Single-detached,1748308.818,124140.255,6.026923077,95.34173212,52.39203906,19
934,Squamish,2024,4,Townhouses,996792.9134,124140.255,6.026923077,57.700968,35.812071,54
965,Terrace,2024,4,All housing types,499000,100718.6641,6.026923077,36.5616249,22.28508389,50
965,Terrace,2024,4,Single-detached,527111.1111,100718.6641,6.026923077,38.51677138,22.91057037,38
910,Trail,2024,4,All housing types,382600,98560,6.026923077,28.64700148,24.92893931,48
910,Trail,2024,4,Single-detached,383831.5789,98560,6.026923077,28.7392154,24.78545253,43
933,Vancouver,2024,4,All housing types,854845.7569,98095.90693,6.026923077,62.90402288,46.34979114,10585
933,Vancouver,2024,4,Condos,664336.8083,98095.90693,6.026923077,49.32657021,33.52101857,6085
933,Vancouver,2024,4,Single-detached,1796251.36,98095.90693,6.026923077,123.6920364,73.63157159,2412
933,Vancouver,2024,4,Townhouses,984615.087,98095.90693,6.026923077,72.15260122,42.89966917,2088
918,Vernon,2024,4,All housing types,696893.1947,95977.96998,6.026923077,52.78652944,33.47993893,205
918,Vernon,2024,4,Condos,333151.0417,95977.96998,6.026923077,25.61559896,17.73657873,41
918,Vernon,2024,4,Single-detached,816790.2208,95977.96998,6.026923077,61.5200763,38.42228469,115
918,Vernon,2024,4,Townhouses,570422.4138,95977.96998,6.026923077,43.57413671,28.34301195,49
935,Victoria,2024,4,All housing types,844247.7876,112120.3787,6.026923077,54.37489926,38.89023417,1526
935,Victoria,2024,4,Condos,558050.6757,112120.3787,6.026923077,36.52916199,25.16453563,589
935,Victoria,2024,4,Single-detached,1188982.77,112120.3787,6.026923077,74.56141884,48.24432339,665
935,Victoria,2024,4,Townhouses,782169.697,112120.3787,6.026923077,50.50403806,34.92562688,272
950,Williams Lake,2024,4,All housing types,461171.1712,95240.86957,6.026923077,35.73334714,21.01542762,44
950,Williams Lake,2024,4,Single-detached,479317.6471,95240.86957,6.026923077,37.13940711,22.05009043,31
932,Abbotsford - Mission,2025,1,All housing types,809793.838,89854.13043,5.257692308,60.50037274,39.8580484,548
932,Abbotsford - Mission,2025,1,Condos,442560.241,89854.13043,5.257692308,33.74345824,20.09532322,162
932,Abbotsford - Mission,2025,1,Single-detached,1124165.067,89854.13043,5.257692308,82.21183703,49.93104757,246
932,Abbotsford - Mission,2025,1,Townhouses,712752.4912,89854.13043,5.257692308,53.49077792,32.71122748,140
944,Campbell River,2025,1,All housing types,656651.7857,94557.06522,5.257692308,46.97955736,28.83969156,135
944,Campbell River,2025,1,Condos,370813.9535,94557.06522,5.257692308,26.86688548,18.33500271,24
944,Campbell River,2025,1,Single-detached,736992.6471,94557.06522,5.257692308,52.49419072,31.14048371,75
944,Campbell River,2025,1,Townhouses,549805.9701,94557.06522,5.257692308,39.64561186,23.04827448,36
930,Chilliwack,2025,1,All housing types,725021.8302,89476.25222,5.257692308,54.60667635,35.74923238,404
930,Chilliwack,2025,1,Condos,415293.5185,89476.25222,5.257692308,31.79820527,17.71905455,83
930,Chilliwack,2025,1,Single-detached,942523.0415,89476.25222,5.257692308,70.38380764,42.84775906,215
930,Chilliwack,2025,1,Townhouses,639616.7315,89476.25222,5.257692308,48.41155014,29.51804433,106
943,Courtenay,2025,1,All housing types,759093.75,96704.56522,5.257692308,52.81180354,33.29529423,182
943,Courtenay,2025,1,Condos,421014.4928,96704.56522,5.257692308,29.82670713,18.06257235,35
943,Courtenay,2025,1,Single-detached,863638.0597,96704.56522,5.257692308,59.82841725,37.46374731,105
943,Courtenay,2025,1,Townhouses,600891.8919,96704.56522,5.257692308,42.19390068,25.7004721,42
905,Cranbrook,2025,1,All housing types,515454.5455,101125.3261,5.257692308,34.86581432,23.32692088,65
905,Cranbrook,2025,1,Single-detached,566099.375,101125.3261,5.257692308,38.11630798,24.79879355,50
905,Cranbrook,2025,1,Townhouses,361962.5,101125.3261,5.257692308,24.5221692,18.84060012,10
975,Dawson Creek,2025,1,All housing types,306126.0504,104357.7174,5.257692308,20.09698728,17.42873376,44
975,Dawson Creek,2025,1,Single-detached,300166.6667,104357.7174,5.257692308,19.7057574,17.4035768,34
937,Duncan,2025,1,All housing types,686691.1333,92023.15217,5.257692308,50.39185841,33.65613231,126
937,Duncan,2025,1,Condos,309500,92023.15217,5.257692308,23.04192657,15.67225183,14
937,Duncan,2025,1,Single-detached,787362.6374,92023.15217,5.257692308,57.49227118,37.87860121,83
937,Duncan,2025,1,Townhouses,560000,92023.15217,5.257692308,41.45626786,27.87876391,29
977,Fort St. John,2025,1,All housing types,380418.9944,117575.6522,5.257692308,22.16664864,19.8313746,82
977,Fort St. John,2025,1,Single-detached,450911.7647,117575.6522,5.257692308,26.27419451,21.34312718,54
977,Fort St. John,2025,1,Townhouses,280913.4615,117575.6522,5.257692308,16.36855702,16.34879797,25
925,Kamloops,2025,1,All housing types,618845.5538,103188.0435,5.257692308,40.67205701,29.18144185,286
925,Kamloops,2025,1,Condos,366629.5918,103188.0435,5.257692308,24.34183857,18.56500138,53
925,Kamloops,2025,1,Single-detached,700826.9231,103188.0435,5.257692308,45.82861533,32.08712104,159
925,Kamloops,2025,1,Townhouses,529594.7712,103188.0435,5.257692308,35.05825877,25.397242,74
915,Kelowna,2025,1,All housing types,721656.0213,102227.7201,5.257692308,47.58156749,38.09482147,897
915,Kelowna,2025,1,Condos,475801.3363,102227.7201,5.257692308,31.88689433,24.28880262,376
915,Kelowna,2025,1,Single-detached,980507.483,102227.7201,5.257692308,64.01605217,44.76537722,352
915,Kelowna,2025,1,Townhouses,702158.806,102227.7201,5.257692308,46.34368888,32.85366574,169
936,Ladysmith,2025,1,All housing types,792066.3265,95386.66667,5.257692308,55.78504018,58.88969957,47
936,Ladysmith,2025,1,Single-detached,824219.75,95386.66667,5.257692308,57.97287078,61.26599014,39
938,Nanaimo,2025,1,All housing types,716360.4488,94906.30427,5.257692308,50.89002892,33.9915153,324
938,Nanaimo,2025,1,Condos,423914.2857,94906.30427,5.257692308,30.60118405,21.40189008,64
938,Nanaimo,2025,1,Single-detached,822612.069,94906.30427,5.257692308,58.156351,37.66249954,216
938,Nanaimo,2025,1,Townhouses,539747.7064,94906.30427,5.257692308,38.81185951,27.46191196,44
907,Nelson,2025,1,All housing types,755773.1959,94809.58333,5.257692308,53.64004844,41.74276472,41
907,Nelson,2025,1,Single-detached,777183.0986,94809.58333,5.257692308,55.1057198,43.98100233,28
939,Parksville,2025,1,All housing types,798014.377,91537.84091,5.257692308,58.55233687,38.92321274,140
939,Parksville,2025,1,Condos,488900,91537.84091,5.257692308,36.5910282,25.29799068,20
939,Parksville,2025,1,Single-detached,855997.4874,91537.84091,5.257692308,62.66359731,41.08315087,91
939,Parksville,2025,1,Townhouses,728548.4375,91537.84091,5.257692308,53.62689278,35.70802608,29
913,Penticton,2025,1,All housing types,617077.5909,91923.79937,5.257692308,45.53113729,34.46883108,126
913,Penticton,2025,1,Condos,415247.3684,91923.79937,5.257692308,30.94811224,24.64960116,43
913,Penticton,2025,1,Single-detached,770250,91923.79937,5.257692308,56.34614221,41.62561139,56
913,Penticton,2025,1,Townhouses,494456.5217,91923.79937,5.257692308,36.85151814,28.09446494,27
940,Port Alberni,2025,1,All housing types,537300,84043.80435,5.257692308,43.63918893,24.91984493,69
940,Port Alberni,2025,1,Single-detached,542875.8865,84043.80435,5.257692308,44.0697972,25.47459468,58
945,Powell River,2025,1,All housing types,616885.7143,86440.76087,5.257692308,48.40482341,28.39881449,52
945,Powell River,2025,1,Single-detached,633125,86440.76087,5.257692308,49.62415686,29.06419653,45
970,Prince George,2025,1,All housing types,438601.5936,107400.594,5.257692308,27.97813506,20.86631918,182
970,Prince George,2025,1,Condos,137902.6761,107400.594,5.257692308,8.79672977,12.39060086,11
970,Prince George,2025,1,Single-detached,476421.5608,107400.594,5.257692308,30.3906483,21.62037066,145
970,Prince George,2025,1,Townhouses,370547.1698,107400.594,5.257692308,23.6369838,15.88118112,26
955,Prince Rupert,2025,1,All housing types,468348.2143,95781.52174,5.257692308,33.49981252,20.96060583,25
955,Prince Rupert,2025,1,Single-detached,468173.0769,95781.52174,5.257692308,33.48728537,21.3614414,22
952,Quesnel,2025,1,All housing types,378000,88302.71739,5.257692308,29.3273601,19.12777887,32
952,Quesnel,2025,1,Single-detached,384062.5,88302.71739,5.257692308,29.79772286,19.38116486,27
920,Salmon Arm,2025,1,All housing types,643428.5714,93606.37624,5.257692308,46.53982735,34.91041316,54
920,Salmon Arm,2025,1,Single-detached,720352.9412,93606.37624,5.257692308,51.87357739,37.57179298,40
920,Salmon Arm,2025,1,Townhouses,489666.6667,93606.37624,5.257692308,35.83854329,27.50382689,10
934,Squamish,2025,1,All housing types,976442.1053,125722.3497,5.257692308,51.84304134,35.74275125,84
934,Squamish,2025,1,Condos,658000,125722.3497,5.257692308,35.40340745,24.02183276,27
934,Squamish,2025,1,Single-detached,1858540.718,125722.3497,5.257692308,92.45684603,52.39203906,20
934,Squamish,2025,1,Townhouses,1021175.824,125722.3497,5.257692308,54.03096072,35.812071,37
965,Terrace,2025,1,All housing types,503888.8889,101286.8089,5.257692308,34.06910217,22.28508389,40
965,Terrace,2025,1,Single-detached,518888.8889,101286.8089,5.257692308,35.03029941,22.91057037,34
910,Trail,2025,1,All housing types,370700,99530,5.257692308,25.51665975,24.92893931,32
910,Trail,2025,1,Single-detached,373280,99530,5.257692308,25.69425074,24.78545253,32
933,Vancouver,2025,1,All housing types,833166.0777,98685.61539,5.257692308,56.62329289,46.34979114,10074
933,Vancouver,2025,1,Condos,659957.9173,98685.61539,5.257692308,45.23159025,33.52101857,6034
933,Vancouver,2025,1,Single-detached,1782649.385,98685.61539,5.257692308,113.3503959,73.63157159,2140
933,Vancouver,2025,1,Townhouses,988481.4443,98685.61539,5.257692308,66.83820695,42.89966917,1900
918,Vernon,2025,1,All housing types,668942.4552,96578.5305,5.257692308,46.82221711,33.47993893,186
918,Vernon,2025,1,Condos,326234.1772,96578.5305,5.257692308,23.14217133,17.73657873,38
918,Vernon,2025,1,Single-detached,810472.3502,96578.5305,5.257692308,56.33355776,38.42228469,102
918,Vernon,2025,1,Townhouses,557200,96578.5305,5.257692308,39.31270432,28.34301195,46
935,Victoria,2025,1,All housing types,839467.0051,112815.6751,5.257692308,49.89377844,38.89023417,1232
935,Victoria,2025,1,Condos,544828.5714,112815.6751,5.257692308,32.94282639,25.16453563,496
935,Victoria,2025,1,Single-detached,1166309.524,112815.6751,5.257692308,67.63436284,48.24432339,511
935,Victoria,2025,1,Townhouses,792344.8692,112815.6751,5.257692308,47.18277752,34.92562688,225
950,Williams Lake,2025,1,All housing types,406234.5679,95818.58696,5.257692308,29.04573393,21.01542762,37
950,Williams Lake,2025,1,Single-detached,446768.2712,95818.58696,5.257692308,31.94388996,22.05009043,28
932,Abbotsford - Mission,2025,2,All housing types,760192.4194,90366.95652,4.95,54.89225028,39.8580484,692
932,Abbotsford - Mission,2025,2,Condos,461102.9412,90366.95652,4.95,33.90628681,20.09532322,246
932,Abbotsford - Mission,2025,2,Single-detached,1134703.633,90366.95652,4.95,79.93912029,49.93104757,277
932,Abbotsford - Mission,2025,2,Townhouses,694912.6214,90366.95652,4.95,50.34467345,32.71122748,169
944,Campbell River,2025,2,All housing types,642076.9231,95068.47826,4.95,44.35626466,28.83969156,190
944,Campbell River,2025,2,Condos,410000,95068.47826,4.95,28.65756652,18.33500271,17
944,Campbell River,2025,2,Single-detached,731786.8852,95068.47826,4.95,50.29665564,31.14048371,108
944,Campbell River,2025,2,Townhouses,529475.2475,95068.47826,4.95,36.90003614,23.04827448,65
930,Chilliwack,2025,2,All housing types,761070.5556,90002.10657,4.95,55.17619358,35.74923238,541
930,Chilliwack,2025,2,Condos,383200.5319,90002.10657,4.95,28.29211557,17.71905455,105
930,Chilliwack,2025,2,Single-detached,965611.2224,90002.10657,4.95,69.48284159,42.84775906,284
930,Chilliwack,2025,2,Townhouses,635087.2093,90002.10657,4.95,46.36425698,29.51804433,152
943,Courtenay,2025,2,All housing types,782154.9894,97293.47826,4.95,52.40541187,33.29529423,289
943,Courtenay,2025,2,Condos,398101.4493,97293.47826,4.95,27.18955024,18.06257235,34
943,Courtenay,2025,2,Single-detached,872206.1856,97293.47826,4.95,58.23203133,37.46374731,186
943,Courtenay,2025,2,Townhouses,611304.0541,97293.47826,4.95,41.35077376,25.7004721,69
905,Cranbrook,2025,2,All housing types,523607.362,101732.3913,4.95,34.11981779,23.32692088,98
905,Cranbrook,2025,2,Condos,253000,101732.3913,4.95,16.5254488,10.88601116,10
905,Cranbrook,2025,2,Single-detached,555658.5227,101732.3913,4.95,36.10314974,24.79879355,82
975,Dawson Creek,2025,2,All housing types,280415.3846,104993.2609,4.95,17.74730478,17.42873376,86
975,Dawson Creek,2025,2,Single-detached,279543.1034,104993.2609,4.95,17.69209868,17.4035768,82
937,Duncan,2025,2,All housing types,713264.1586,92569.78261,4.95,50.39465089,33.65613231,164
937,Duncan,2025,2,Condos,348770,92569.78261,4.95,25.03582299,15.67225183,21
937,Duncan,2025,2,Single-detached,802146.3415,92569.78261,4.95,56.43909501,37.87860121,122
937,Duncan,2025,2,Townhouses,553280,92569.78261,4.95,39.51490789,27.87876391,21
977,Fort St. John,2025,2,All housing types,365324.6753,118284.7826,4.95,20.52306052,19.8313746,149
977,Fort St. John,2025,2,Single-detached,439973.6842,118284.7826,4.95,24.71666207,21.34312718,98
977,Fort St. John,2025,2,Townhouses,290000,118284.7826,4.95,16.29150165,16.34879797,42
925,Kamloops,2025,2,All housing types,623373.9837,103805.6522,4.95,39.4886346,29.18144185,452
925,Kamloops,2025,2,Condos,370561.2676,103805.6522,4.95,23.72089203,18.56500138,89
925,Kamloops,2025,2,Single-detached,715420.9559,103805.6522,4.95,45.07075764,32.08712104,249
925,Kamloops,2025,2,Townhouses,552464.0957,103805.6522,4.95,35.18835497,25.397242,114
915,Kelowna,2025,2,All housing types,802023.0769,102869.2162,4.95,50.7807775,38.09482147,1131
915,Kelowna,2025,2,Condos,490689.1599,102869.2162,4.95,31.69662544,24.28880262,362
915,Kelowna,2025,2,Single-detached,1037982.571,102869.2162,4.95,64.9623695,44.76537722,566
915,Kelowna,2025,2,Townhouses,717365.0538,102869.2162,4.95,45.6000161,32.85366574,203
936,Ladysmith,2025,2,All housing types,816563.6364,96306.66667,4.95,55.1915561,58.88969957,52
936,Ladysmith,2025,2,Single-detached,875273.9726,96306.66667,4.95,59.02923925,61.26599014,34
938,Nanaimo,2025,2,All housing types,734818.6778,94866.08681,4.95,50.60514748,33.9915153,455
938,Nanaimo,2025,2,Condos,416256.4103,94866.08681,4.95,29.15693999,21.40189008,92
938,Nanaimo,2025,2,Single-detached,825335.9684,94866.08681,4.95,56.61178547,37.66249954,290
938,Nanaimo,2025,2,Townhouses,557982.0513,94866.08681,4.95,38.87044363,27.46191196,73
907,Nelson,2025,2,All housing types,725471.6981,95696.66667,4.95,49.55105739,41.74276472,65
907,Nelson,2025,2,Single-detached,749067.5,95696.66667,4.95,51.10326151,43.98100233,52
939,Parksville,2025,2,All housing types,795770.3927,92073.40909,4.95,56.30742696,38.92321274,191
939,Parksville,2025,2,Condos,466214.2857,92073.40909,4.95,33.64676758,25.29799068,22
939,Parksville,2025,2,Single-detached,848615.2174,92073.40909,4.95,59.92051993,41.08315087,139
939,Parksville,2025,2,Townhouses,726137.2881,92073.40909,4.95,51.54648997,35.70802608,30
913,Penticton,2025,2,All housing types,628333.05,92501.15689,4.95,44.65200241,34.46883108,234
913,Penticton,2025,2,Condos,384500,92501.15689,4.95,27.621113,24.64960116,54
913,Penticton,2025,2,Single-detached,798390.8046,92501.15689,4.95,56.2253814,41.62561139,118
913,Penticton,2025,2,Townhouses,533324.7416,92501.15689,4.95,38.18615695,28.09446494,62
940,Port Alberni,2025,2,All housing types,531860.9467,84484.56522,4.95,41.70050205,24.91984493,100
940,Port Alberni,2025,2,Single-detached,546000,84484.56522,4.95,42.75404891,25.47459468,87
945,Powell River,2025,2,All housing types,613400,86898.91304,4.95,46.44885542,28.39881449,78
945,Powell River,2025,2,Single-detached,640486.6972,86898.91304,4.95,48.41109761,29.06419653,64
970,Prince George,2025,2,All housing types,484290.5263,108031.1149,4.95,29.78853261,20.86631918,293
970,Prince George,2025,2,Condos,305615.3846,108031.1149,4.95,18.79829019,12.39060086,15
970,Prince George,2025,2,Single-detached,502824.4275,108031.1149,4.95,30.91940241,21.62037066,248
970,Prince George,2025,2,Townhouses,415517.8571,108031.1149,4.95,25.55835096,15.88118112,30
955,Prince Rupert,2025,2,All housing types,474023.4375,96297.82609,4.95,32.70960707,20.96060583,39
955,Prince Rupert,2025,2,Single-detached,474017.8571,96297.82609,4.95,32.709222,21.3614414,34
952,Quesnel,2025,2,All housing types,370000,88783.26087,4.95,27.69252949,19.12777887,52
952,Quesnel,2025,2,Single-detached,374423.0769,88783.26087,4.95,28.02357325,19.38116486,51
920,Salmon Arm,2025,2,All housing types,675779.7183,94207.53608,4.95,47.01374509,34.91041316,88
920,Salmon Arm,2025,2,Single-detached,729269.2308,94207.53608,4.95,50.58806889,37.57179298,64
920,Salmon Arm,2025,2,Townhouses,523270.7692,94207.53608,4.95,36.82265638,27.50382689,16
934,Squamish,2025,2,All housing types,1017423.305,127304.4445,4.95,51.58958532,35.74275125,139
934,Squamish,2025,2,Condos,678561.6438,127304.4445,4.95,34.92856778,24.02183276,46
934,Squamish,2025,2,Single-detached,1773592.391,127304.4445,4.95,84.82749696,52.39203906,26
934,Squamish,2025,2,Townhouses,1098807.692,127304.4445,4.95,55.16688982,35.812071,67
965,Terrace,2025,2,All housing types,541279.2793,101854.9537,4.95,35.17098704,22.28508389,71
965,Terrace,2025,2,Single-detached,543191.4894,101854.9537,4.95,35.28917258,22.91057037,60
910,Trail,2025,2,All housing types,367835.2941,100500,4.95,24.32088257,24.92893931,53
910,Trail,2025,2,Single-detached,364696.2025,100500,4.95,24.11332914,24.78545253,47
933,Vancouver,2025,2,All housing types,811722.4233,99275.32385,4.95,53.23415821,46.34979114,11203
933,Vancouver,2025,2,Condos,651314.4071,99275.32385,4.95,43.06240875,33.52101857,6911
933,Vancouver,2025,2,Single-detached,1768763.603,99275.32385,4.95,108.5052787,73.63157159,2234
933,Vancouver,2025,2,Townhouses,992200.6064,99275.32385,4.95,64.67859162,42.89966917,2058
918,Vernon,2025,2,All housing types,670231.25,97179.09102,4.95,45.21672526,33.47993893,294
918,Vernon,2025,2,Condos,329540.8163,97179.09102,4.95,22.53348558,17.73657873,60
918,Vernon,2025,2,Single-detached,797262.4599,97179.09102,4.95,53.44575251,38.42228469,172
918,Vernon,2025,2,Townhouses,587277.7778,97179.09102,4.95,39.84303493,28.34301195,62
935,Victoria,2025,2,All housing types,841716.2907,113510.9714,4.95,48.22138526,38.89023417,1805
935,Victoria,2025,2,Condos,547000,113510.9714,4.95,31.87667595,25.16453563,764
935,Victoria,2025,2,Single-detached,1196678.543,113510.9714,4.95,66.69532535,48.24432339,752
935,Victoria,2025,2,Townhouses,809028.6041,113510.9714,4.95,46.40855458,34.92562688,289
950,Williams Lake,2025,2,All housing types,434913.4615,96396.30435,4.95,29.98019552,21.01542762,67
950,Williams Lake,2025,2,Single-detached,483157.3333,96396.30435,4.95,33.305824266082404,22.05009043,44
950,Williams Lake,2025,2,Townhouses,236157.8947,96396.30435,4.95,16.27923825,15.65666588,16
932,Abbotsford - Mission,2025,3,All housing types,770540.305,90879.78261,4.930769231,55.19298426,39.8580484,685
932,Abbotsford - Mission,2025,3,Condos,453360.181,90879.78261,4.930769231,33.08509447,20.09532322,196
932,Abbotsford - Mission,2025,3,Single-detached,1110919.54,90879.78261,4.930769231,77.87357501,49.93104757,332
932,Abbotsford - Mission,2025,3,Townhouses,677407.9755,90879.78261,4.930769231,48.75413325,32.71122748,157
944,Campbell River,2025,3,All housing types,650860.0719,95579.8913,4.930769231,44.61149068,28.83969156,227
944,Campbell River,2025,3,Condos,417111.1111,95579.8913,4.930769231,28.94286455,18.33500271,28
944,Campbell River,2025,3,Single-detached,724590.9091,95579.8913,4.930769231,49.45832107,31.14048371,156
944,Campbell River,2025,3,Townhouses,572027.7778,95579.8913,4.930769231,39.42930676,23.04827448,43
930,Chilliwack,2025,3,All housing types,759492.9136,90527.96091,4.930769231,54.64073532,35.74923238,535
930,Chilliwack,2025,3,Condos,384708.7379,90527.96091,4.930769231,28.18419259,17.71905455,101
930,Chilliwack,2025,3,Single-detached,962342.6573,90527.96091,4.930769231,68.71957667,42.84775906,288
930,Chilliwack,2025,3,Townhouses,630471.4765,90527.96091,4.930769231,45.68596758,29.51804433,146
943,Courtenay,2025,3,All housing types,788957.7259,97882.3913,4.930769231,52.42664349,33.29529423,397
943,Courtenay,2025,3,Condos,395546.3918,97882.3913,4.930769231,26.80088541,18.06257235,63
943,Courtenay,2025,3,Single-detached,881345.7944,97882.3913,4.930769231,58.3570779,37.46374731,242
943,Courtenay,2025,3,Townhouses,596892.8571,97882.3913,4.930769231,40.0979075,25.7004721,92
905,Cranbrook,2025,3,All housing types,529422.7053,102339.4565,4.930769231,34.20925117,23.32692088,109
905,Cranbrook,2025,3,Condos,245916.6667,102339.4565,4.930769231,15.93680074,10.88601116,14
905,Cranbrook,2025,3,Single-detached,567857.362,102339.4565,4.930769231,36.56894191,24.79879355,81
905,Cranbrook,2025,3,Townhouses,366500,102339.4565,4.930769231,23.75128759,18.84060012,14
975,Dawson Creek,2025,3,All housing types,281513.1579,105628.8043,4.930769231,17.67553713,17.42873376,66
975,Dawson Creek,2025,3,Single-detached,284425,105628.8043,4.930769231,17.85836473,17.4035768,58
937,Duncan,2025,3,All housing types,710669.5266,93116.41304,4.930769231,49.82742695,33.65613231,174
937,Duncan,2025,3,Condos,355121.4286,93116.41304,4.930769231,25.29338337,15.67225183,28
937,Duncan,2025,3,Single-detached,798936.4407,93116.41304,4.930769231,55.78332006,37.87860121,114
937,Duncan,2025,3,Townhouses,547622.6415,93116.41304,4.930769231,38.8256849,27.87876391,32
977,Fort St. John,2025,3,All housing types,371250,118993.913,4.930769231,20.69178712,19.8313746,149
977,Fort St. John,2025,3,Single-detached,421250,118993.913,4.930769231,23.47855979,21.34312718,110
977,Fort St. John,2025,3,Townhouses,289976.5823,118993.913,4.930769231,16.16197632,16.34879797,37
925,Kamloops,2025,3,All housing types,656383.9376,104423.2609,4.930769231,41.16581394,29.18144185,541
925,Kamloops,2025,3,Condos,368152.924,104423.2609,4.930769231,23.38230325,18.56500138,82
925,Kamloops,2025,3,Single-detached,734290.3094,104423.2609,4.930769231,45.85341796,32.08712104,365
925,Kamloops,2025,3,Townhouses,555933.8942,104423.2609,4.930769231,35.12176368,25.397242,94
915,Kelowna,2025,3,All housing types,797040.6459,103510.7122,4.930769231,50.06661685,38.09482147,1563
915,Kelowna,2025,3,Condos,508822.9121,103510.7122,4.930769231,32.571752,24.28880262,707
915,Kelowna,2025,3,Single-detached,1037846.854,103510.7122,4.930769231,64.42833744,44.76537722,642
915,Kelowna,2025,3,Townhouses,708709.8321,103510.7122,4.930769231,44.70492162,32.85366574,214
936,Ladysmith,2025,3,All housing types,828470.3704,97226.66667,4.930769231,55.33366524,58.88969957,56
936,Ladysmith,2025,3,Single-detached,905855.2632,97226.66667,4.930769231,60.33454,61.26599014,42
936,Ladysmith,2025,3,Townhouses,579825,97226.66667,4.930769231,39.2653564,39.99687592,11
938,Nanaimo,2025,3,All housing types,747498.7697,94825.86934,4.930769231,51.36946035,33.9915153,561
938,Nanaimo,2025,3,Condos,437916.6667,94825.86934,4.930769231,30.6281614,21.40189008,76
938,Nanaimo,2025,3,Single-detached,821027.0655,94825.86934,4.930769231,56.24141073,37.66249954,412
938,Nanaimo,2025,3,Townhouses,568900,94825.86934,4.930769231,39.53558965,27.46191196,73
907,Nelson,2025,3,All housing types,726242.4242,96583.75,4.930769231,49.05170504,41.74276472,67
907,Nelson,2025,3,Single-detached,754883.3333,96583.75,4.930769231,50.91489838,43.98100233,56
939,Parksville,2025,3,All housing types,808178.5714,92608.97727,4.930769231,56.71601416,38.92321274,229
939,Parksville,2025,3,Condos,476682.9268,92608.97727,4.930769231,34.13758502,25.29799068,19
939,Parksville,2025,3,Single-detached,856784.5395,92608.97727,4.930769231,60.01371837,41.08315087,165
939,Parksville,2025,3,Townhouses,706200,92608.97727,4.930769231,49.7972102,35.70802608,45
913,Penticton,2025,3,All housing types,618161.157,93078.5144,4.930769231,43.60308421,34.46883108,250
913,Penticton,2025,3,Condos,381646.6165,93078.5144,4.930769231,27.1936973,24.64960116,79
913,Penticton,2025,3,Single-detached,776700.8547,93078.5144,4.930769231,54.30505527,41.62561139,116
913,Penticton,2025,3,Townhouses,533123.094,93078.5144,4.930769231,37.86272452,28.09446494,55
940,Port Alberni,2025,3,All housing types,545938.914,84925.32609,4.930769231,42.44587122,24.91984493,121
940,Port Alberni,2025,3,Single-detached,559137.6884,84925.32609,4.930769231,43.4223697,25.47459468,112
945,Powell River,2025,3,All housing types,594298.0132,87357.06522,4.930769231,44.74252143,28.39881449,73
945,Powell River,2025,3,Single-detached,627673.0159,87357.06522,4.930769231,47.14300348,29.06419653,62
970,Prince George,2025,3,All housing types,502997.6708,108661.6357,4.930769231,30.69091084,20.86631918,351
970,Prince George,2025,3,Condos,318529.4118,108661.6357,4.930769231,19.44149182,12.39060086,19
970,Prince George,2025,3,Single-detached,528121.7228,108661.6357,4.930769231,32.14365331,21.62037066,286
970,Prince George,2025,3,Townhouses,417763.1579,108661.6357,4.930769231,25.49823883,15.88118112,46
955,Prince Rupert,2025,3,All housing types,461890.2439,96814.13043,4.930769231,31.64144624,20.96060583,43
955,Prince Rupert,2025,3,Single-detached,461333.3333,96814.13043,4.930769231,31.6032955,21.3614414,41
952,Quesnel,2025,3,All housing types,418975.4098,89263.80435,4.930769231,31.12930523,19.12777887,70
952,Quesnel,2025,3,Single-detached,419698.2759,89263.80435,4.930769231,31.1830132,19.38116486,65
920,Salmon Arm,2025,3,All housing types,661809.5897,94808.69592,4.930769231,45.70001197,34.91041316,107
920,Salmon Arm,2025,3,Condos,311483.3333,94808.69592,4.930769231,21.78928233,18.83347001,16
920,Salmon Arm,2025,3,Single-detached,712963.7681,94808.69592,4.930769231,49.09007779,37.57179298,74
920,Salmon Arm,2025,3,Townhouses,516001.2121,94808.69592,4.930769231,36.03706727,27.50382689,17
934,Squamish,2025,3,All housing types,882003.9352,128886.5393,4.930769231,44.35114437,35.74275125,216
934,Squamish,2025,3,Condos,676961.6279,128886.5393,4.930769231,34.35549283,24.02183276,126
934,Squamish,2025,3,Single-detached,1842147.959,128886.5393,4.930769231,86.59585053,52.39203906,23
934,Squamish,2025,3,Townhouses,1103500,128886.5393,4.930769231,54.58828769,35.812071,67
965,Terrace,2025,3,All housing types,547362.6623,102423.0986,4.930769231,35.28183664,22.28508389,83
965,Terrace,2025,3,Single-detached,558345.3488,102423.0986,4.930769231,35.95556661,22.91057037,69
910,Trail,2025,3,All housing types,392903.2258,101470,4.930769231,25.68054402,24.92893931,71
910,Trail,2025,3,Single-detached,387041.2844,101470,4.930769231,25.29740172,24.78545253,62
933,Vancouver,2025,3,All housing types,812392.9493,99865.03231,4.930769231,52.86025925,46.34979114,11518
933,Vancouver,2025,3,Condos,655747.9819,99865.03231,4.930769231,43.00476998,33.52101857,6592
933,Vancouver,2025,3,Single-detached,1731711.278,99865.03231,4.930769231,105.5850191,73.63157159,2705
933,Vancouver,2025,3,Townhouses,966781.4676,99865.03231,4.930769231,62.57378156,42.89966917,2221
918,Vernon,2025,3,All housing types,690957.4132,97779.65154,4.930769231,46.18443276,33.47993893,340
918,Vernon,2025,3,Condos,339823.5294,97779.65154,4.930769231,23.04948607,17.73657873,42
918,Vernon,2025,3,Single-detached,793614.3929,97779.65154,4.930769231,52.78095737,38.42228469,225
918,Vernon,2025,3,Townhouses,572887.7778,97779.65154,4.930769231,38.59752286,28.34301195,73
935,Victoria,2025,3,All housing types,849510.871,114206.2678,4.930769231,48.26449435,38.89023417,1909
935,Victoria,2025,3,Condos,544534.8374,114206.2678,4.930769231,31.48607818,25.16453563,743
935,Victoria,2025,3,Single-detached,1208095.194,114206.2678,4.930769231,66.72014684,48.24432339,871
935,Victoria,2025,3,Townhouses,797355.655,114206.2678,4.930769231,45.39514783,34.92562688,295
950,Williams Lake,2025,3,All housing types,463695.1049,96974.02174,4.930769231,31.71271244,21.01542762,76
950,Williams Lake,2025,3,Single-detached,503387.7551,96974.02174,4.930769231,34.41515014,22.05009043,54
950,Williams Lake,2025,3,Townhouses,247117.6471,96974.02174,4.930769231,16.90069789,15.65666588,18
